nohup: ignoring input
INFO:     Started server process [24471]
INFO:     Waiting for application startup.
2026-07-15 02:04:52,347 - httpx - INFO - HTTP Request: GET https://www.thesportsdb.com/api/v1/json/3/eventsseason.php?id=4429&s=2026 "HTTP/1.1 200 OK"
2026-07-15 02:04:52,355 - server - INFO - SYNC TRY: Mexico(mx) vs South Africa(za) score 2-0
2026-07-15 02:04:58,799 - server - INFO - SYNC NO MATCH: mx vs za
2026-07-15 02:04:58,799 - server - INFO - SYNC TRY: South Korea(kr) vs Czech Republic(cz) score 2-1
2026-07-15 02:05:00,806 - server - INFO - SYNC NO MATCH: kr vs cz
2026-07-15 02:05:00,807 - server - INFO - SYNC TRY: Canada(ca) vs Bosnia-Herzegovina(ba) score 1-1
2026-07-15 02:05:04,127 - server - INFO - SYNC NO MATCH: ca vs ba
2026-07-15 02:05:04,127 - server - INFO - SYNC TRY: USA(us) vs Paraguay(py) score 4-1
INFO:     Application startup complete.
INFO:     Uvicorn running on http://0.0.0.0:8000 (Press CTRL+C to quit)
2026-07-15 02:05:06,363 - httpx - INFO - HTTP Request: GET https://www.thesportsdb.com/api/v1/json/3/eventsseason.php?id=4429&s=2026 "HTTP/1.1 200 OK"
2026-07-15 02:05:06,395 - server - INFO - SYNC TRY: Mexico(mx) vs South Africa(za) score 2-0
2026-07-15 02:05:08,097 - server - INFO - SYNC NO MATCH: us vs py
2026-07-15 02:05:08,098 - server - INFO - SYNC TRY: Brazil(br) vs Morocco(ma) score 1-1
2026-07-15 02:05:09,569 - server - INFO - SYNC NO MATCH: mx vs za
2026-07-15 02:05:09,575 - server - INFO - SYNC TRY: South Korea(kr) vs Czech Republic(cz) score 2-1
2026-07-15 02:05:09,839 - server - INFO - SYNC NO MATCH: br vs ma
2026-07-15 02:05:10,176 - server - INFO - SYNC NO MATCH: kr vs cz
2026-07-15 02:05:10,177 - server - INFO - SYNC TRY: Canada(ca) vs Bosnia-Herzegovina(ba) score 1-1
2026-07-15 02:05:10,902 - server - INFO - SYNC NO MATCH: ca vs ba
2026-07-15 02:05:10,903 - server - INFO - SYNC TRY: USA(us) vs Paraguay(py) score 4-1
2026-07-15 02:05:12,790 - server - INFO - SYNC NO MATCH: us vs py
2026-07-15 02:05:12,791 - server - INFO - SYNC TRY: Brazil(br) vs Morocco(ma) score 1-1
2026-07-15 02:05:13,573 - server - INFO - SYNC NO MATCH: br vs ma
✅ Successfully repaired database team names to official codes!
✅ تم إصلاح وتصحيح مواعيد 0 مباراة في قاعدة البيانات!
INFO:     127.0.0.1:54220 - "GET /api/competitions/39/matches?season=2026 HTTP/1.1" 200 OK
2026-07-15 02:10:24,648 - httpx - INFO - HTTP Request: GET https://www.thesportsdb.com/api/v1/json/3/eventsseason.php?id=4429&s=2026 "HTTP/1.1 200 OK"
2026-07-15 02:10:24,662 - server - INFO - SYNC TRY: Mexico(mx) vs South Africa(za) score 2-0
2026-07-15 02:10:25,237 - server - INFO - SYNC NO MATCH: mx vs za
2026-07-15 02:10:25,238 - server - INFO - SYNC TRY: South Korea(kr) vs Czech Republic(cz) score 2-1
2026-07-15 02:10:25,957 - server - INFO - SYNC NO MATCH: kr vs cz
2026-07-15 02:10:25,959 - server - INFO - SYNC TRY: Canada(ca) vs Bosnia-Herzegovina(ba) score 1-1
2026-07-15 02:10:26,566 - server - INFO - SYNC NO MATCH: ca vs ba
2026-07-15 02:10:26,566 - server - INFO - SYNC TRY: USA(us) vs Paraguay(py) score 4-1
2026-07-15 02:10:27,179 - server - INFO - SYNC NO MATCH: us vs py
2026-07-15 02:10:27,180 - server - INFO - SYNC TRY: Brazil(br) vs Morocco(ma) score 1-1
2026-07-15 02:10:27,691 - server - INFO - SYNC NO MATCH: br vs ma
2026-07-15 02:15:28,929 - httpx - INFO - HTTP Request: GET https://www.thesportsdb.com/api/v1/json/3/eventsseason.php?id=4429&s=2026 "HTTP/1.1 200 OK"
2026-07-15 02:15:28,939 - server - INFO - SYNC TRY: Mexico(mx) vs South Africa(za) score 2-0
2026-07-15 02:15:29,436 - server - INFO - SYNC NO MATCH: mx vs za
2026-07-15 02:15:29,437 - server - INFO - SYNC TRY: South Korea(kr) vs Czech Republic(cz) score 2-1
2026-07-15 02:15:29,953 - server - INFO - SYNC NO MATCH: kr vs cz
2026-07-15 02:15:29,954 - server - INFO - SYNC TRY: Canada(ca) vs Bosnia-Herzegovina(ba) score 1-1
2026-07-15 02:15:30,528 - server - INFO - SYNC NO MATCH: ca vs ba
2026-07-15 02:15:30,529 - server - INFO - SYNC TRY: USA(us) vs Paraguay(py) score 4-1
2026-07-15 02:15:31,066 - server - INFO - SYNC NO MATCH: us vs py
2026-07-15 02:15:31,067 - server - INFO - SYNC TRY: Brazil(br) vs Morocco(ma) score 1-1
2026-07-15 02:15:31,630 - server - INFO - SYNC NO MATCH: br vs ma
2026-07-15 02:20:10,627 - httpx - INFO - HTTP Request: GET https://www.thesportsdb.com/api/v1/json/3/eventsseason.php?id=4429&s=2026 "HTTP/1.1 200 OK"
2026-07-15 02:20:10,641 - server - INFO - SYNC TRY: Mexico(mx) vs South Africa(za) score 2-0
2026-07-15 02:20:11,256 - server - INFO - SYNC NO MATCH: mx vs za
2026-07-15 02:20:11,257 - server - INFO - SYNC TRY: South Korea(kr) vs Czech Republic(cz) score 2-1
2026-07-15 02:20:11,723 - server - INFO - SYNC NO MATCH: kr vs cz
2026-07-15 02:20:11,723 - server - INFO - SYNC TRY: Canada(ca) vs Bosnia-Herzegovina(ba) score 1-1
2026-07-15 02:20:12,239 - server - INFO - SYNC NO MATCH: ca vs ba
2026-07-15 02:20:12,239 - server - INFO - SYNC TRY: USA(us) vs Paraguay(py) score 4-1
2026-07-15 02:20:12,835 - server - INFO - SYNC NO MATCH: us vs py
2026-07-15 02:20:12,835 - server - INFO - SYNC TRY: Brazil(br) vs Morocco(ma) score 1-1
2026-07-15 02:20:13,472 - server - INFO - SYNC NO MATCH: br vs ma
2026-07-15 02:20:32,960 - httpx - INFO - HTTP Request: GET https://www.thesportsdb.com/api/v1/json/3/eventsseason.php?id=4429&s=2026 "HTTP/1.1 200 OK"
2026-07-15 02:20:32,970 - server - INFO - SYNC TRY: Mexico(mx) vs South Africa(za) score 2-0
2026-07-15 02:20:33,446 - server - INFO - SYNC NO MATCH: mx vs za
2026-07-15 02:20:33,447 - server - INFO - SYNC TRY: South Korea(kr) vs Czech Republic(cz) score 2-1
2026-07-15 02:20:33,930 - server - INFO - SYNC NO MATCH: kr vs cz
2026-07-15 02:20:33,931 - server - INFO - SYNC TRY: Canada(ca) vs Bosnia-Herzegovina(ba) score 1-1
2026-07-15 02:20:34,420 - server - INFO - SYNC NO MATCH: ca vs ba
2026-07-15 02:20:34,421 - server - INFO - SYNC TRY: USA(us) vs Paraguay(py) score 4-1
2026-07-15 02:20:34,923 - server - INFO - SYNC NO MATCH: us vs py
2026-07-15 02:20:34,930 - server - INFO - SYNC TRY: Brazil(br) vs Morocco(ma) score 1-1
2026-07-15 02:20:35,444 - server - INFO - SYNC NO MATCH: br vs ma
2026-07-15 02:25:36,584 - httpx - INFO - HTTP Request: GET https://www.thesportsdb.com/api/v1/json/3/eventsseason.php?id=4429&s=2026 "HTTP/1.1 200 OK"
2026-07-15 02:25:36,597 - server - INFO - SYNC TRY: Mexico(mx) vs South Africa(za) score 2-0
2026-07-15 02:25:37,065 - server - INFO - SYNC NO MATCH: mx vs za
2026-07-15 02:25:37,066 - server - INFO - SYNC TRY: South Korea(kr) vs Czech Republic(cz) score 2-1
2026-07-15 02:25:37,515 - server - INFO - SYNC NO MATCH: kr vs cz
2026-07-15 02:25:37,515 - server - INFO - SYNC TRY: Canada(ca) vs Bosnia-Herzegovina(ba) score 1-1
2026-07-15 02:25:37,996 - server - INFO - SYNC NO MATCH: ca vs ba
2026-07-15 02:25:37,996 - server - INFO - SYNC TRY: USA(us) vs Paraguay(py) score 4-1
2026-07-15 02:25:38,487 - server - INFO - SYNC NO MATCH: us vs py
2026-07-15 02:25:38,487 - server - INFO - SYNC TRY: Brazil(br) vs Morocco(ma) score 1-1
2026-07-15 02:25:38,980 - server - INFO - SYNC NO MATCH: br vs ma
2026-07-15 02:30:40,246 - httpx - INFO - HTTP Request: GET https://www.thesportsdb.com/api/v1/json/3/eventsseason.php?id=4429&s=2026 "HTTP/1.1 200 OK"
2026-07-15 02:30:40,255 - server - INFO - SYNC TRY: Mexico(mx) vs South Africa(za) score 2-0
2026-07-15 02:30:40,733 - server - INFO - SYNC NO MATCH: mx vs za
2026-07-15 02:30:40,734 - server - INFO - SYNC TRY: South Korea(kr) vs Czech Republic(cz) score 2-1
2026-07-15 02:30:41,327 - server - INFO - SYNC NO MATCH: kr vs cz
2026-07-15 02:30:41,328 - server - INFO - SYNC TRY: Canada(ca) vs Bosnia-Herzegovina(ba) score 1-1
2026-07-15 02:30:41,777 - server - INFO - SYNC NO MATCH: ca vs ba
2026-07-15 02:30:41,777 - server - INFO - SYNC TRY: USA(us) vs Paraguay(py) score 4-1
2026-07-15 02:30:42,214 - server - INFO - SYNC NO MATCH: us vs py
2026-07-15 02:30:42,214 - server - INFO - SYNC TRY: Brazil(br) vs Morocco(ma) score 1-1
2026-07-15 02:30:42,666 - server - INFO - SYNC NO MATCH: br vs ma
2026-07-15 02:35:14,329 - httpx - INFO - HTTP Request: GET https://www.thesportsdb.com/api/v1/json/3/eventsseason.php?id=4429&s=2026 "HTTP/1.1 200 OK"
2026-07-15 02:35:14,331 - server - INFO - SYNC TRY: Mexico(mx) vs South Africa(za) score 2-0
2026-07-15 02:35:14,772 - server - INFO - SYNC NO MATCH: mx vs za
2026-07-15 02:35:14,773 - server - INFO - SYNC TRY: South Korea(kr) vs Czech Republic(cz) score 2-1
2026-07-15 02:35:15,277 - server - INFO - SYNC NO MATCH: kr vs cz
2026-07-15 02:35:15,277 - server - INFO - SYNC TRY: Canada(ca) vs Bosnia-Herzegovina(ba) score 1-1
2026-07-15 02:35:15,738 - server - INFO - SYNC NO MATCH: ca vs ba
2026-07-15 02:35:15,738 - server - INFO - SYNC TRY: USA(us) vs Paraguay(py) score 4-1
2026-07-15 02:35:16,216 - server - INFO - SYNC NO MATCH: us vs py
2026-07-15 02:35:16,217 - server - INFO - SYNC TRY: Brazil(br) vs Morocco(ma) score 1-1
2026-07-15 02:35:16,913 - server - INFO - SYNC NO MATCH: br vs ma
2026-07-15 02:35:43,541 - httpx - INFO - HTTP Request: GET https://www.thesportsdb.com/api/v1/json/3/eventsseason.php?id=4429&s=2026 "HTTP/1.1 200 OK"
2026-07-15 02:35:43,548 - server - INFO - SYNC TRY: Mexico(mx) vs South Africa(za) score 2-0
2026-07-15 02:35:43,986 - server - INFO - SYNC NO MATCH: mx vs za
2026-07-15 02:35:43,986 - server - INFO - SYNC TRY: South Korea(kr) vs Czech Republic(cz) score 2-1
2026-07-15 02:35:44,417 - server - INFO - SYNC NO MATCH: kr vs cz
2026-07-15 02:35:44,417 - server - INFO - SYNC TRY: Canada(ca) vs Bosnia-Herzegovina(ba) score 1-1
2026-07-15 02:35:44,868 - server - INFO - SYNC NO MATCH: ca vs ba
2026-07-15 02:35:44,869 - server - INFO - SYNC TRY: USA(us) vs Paraguay(py) score 4-1
2026-07-15 02:35:45,369 - server - INFO - SYNC NO MATCH: us vs py
2026-07-15 02:35:45,369 - server - INFO - SYNC TRY: Brazil(br) vs Morocco(ma) score 1-1
2026-07-15 02:35:45,820 - server - INFO - SYNC NO MATCH: br vs ma
2026-07-15 02:40:46,802 - httpx - INFO - HTTP Request: GET https://www.thesportsdb.com/api/v1/json/3/eventsseason.php?id=4429&s=2026 "HTTP/1.1 200 OK"
2026-07-15 02:40:46,804 - server - INFO - SYNC TRY: Mexico(mx) vs South Africa(za) score 2-0
2026-07-15 02:40:47,365 - server - INFO - SYNC NO MATCH: mx vs za
2026-07-15 02:40:47,367 - server - INFO - SYNC TRY: South Korea(kr) vs Czech Republic(cz) score 2-1
2026-07-15 02:40:47,839 - server - INFO - SYNC NO MATCH: kr vs cz
2026-07-15 02:40:47,839 - server - INFO - SYNC TRY: Canada(ca) vs Bosnia-Herzegovina(ba) score 1-1
2026-07-15 02:40:48,268 - server - INFO - SYNC NO MATCH: ca vs ba
2026-07-15 02:40:48,269 - server - INFO - SYNC TRY: USA(us) vs Paraguay(py) score 4-1
2026-07-15 02:40:48,709 - server - INFO - SYNC NO MATCH: us vs py
2026-07-15 02:40:48,709 - server - INFO - SYNC TRY: Brazil(br) vs Morocco(ma) score 1-1
2026-07-15 02:40:49,157 - server - INFO - SYNC NO MATCH: br vs ma
2026-07-15 02:45:50,078 - httpx - INFO - HTTP Request: GET https://www.thesportsdb.com/api/v1/json/3/eventsseason.php?id=4429&s=2026 "HTTP/1.1 200 OK"
2026-07-15 02:45:50,080 - server - INFO - SYNC TRY: Mexico(mx) vs South Africa(za) score 2-0
2026-07-15 02:45:50,508 - server - INFO - SYNC NO MATCH: mx vs za
2026-07-15 02:45:50,509 - server - INFO - SYNC TRY: South Korea(kr) vs Czech Republic(cz) score 2-1
2026-07-15 02:45:50,945 - server - INFO - SYNC NO MATCH: kr vs cz
2026-07-15 02:45:50,946 - server - INFO - SYNC TRY: Canada(ca) vs Bosnia-Herzegovina(ba) score 1-1
2026-07-15 02:45:51,424 - server - INFO - SYNC NO MATCH: ca vs ba
2026-07-15 02:45:51,425 - server - INFO - SYNC TRY: USA(us) vs Paraguay(py) score 4-1
2026-07-15 02:45:51,859 - server - INFO - SYNC NO MATCH: us vs py
2026-07-15 02:45:51,860 - server - INFO - SYNC TRY: Brazil(br) vs Morocco(ma) score 1-1
2026-07-15 02:45:52,312 - server - INFO - SYNC NO MATCH: br vs ma
2026-07-15 02:50:18,299 - httpx - INFO - HTTP Request: GET https://www.thesportsdb.com/api/v1/json/3/eventsseason.php?id=4429&s=2026 "HTTP/1.1 200 OK"
2026-07-15 02:50:18,312 - server - INFO - SYNC TRY: Mexico(mx) vs South Africa(za) score 2-0
2026-07-15 02:50:18,768 - server - INFO - SYNC NO MATCH: mx vs za
2026-07-15 02:50:18,769 - server - INFO - SYNC TRY: South Korea(kr) vs Czech Republic(cz) score 2-1
2026-07-15 02:50:19,247 - server - INFO - SYNC NO MATCH: kr vs cz
2026-07-15 02:50:19,247 - server - INFO - SYNC TRY: Canada(ca) vs Bosnia-Herzegovina(ba) score 1-1
2026-07-15 02:50:19,996 - server - INFO - SYNC NO MATCH: ca vs ba
2026-07-15 02:50:19,997 - server - INFO - SYNC TRY: USA(us) vs Paraguay(py) score 4-1
2026-07-15 02:50:20,480 - server - INFO - SYNC NO MATCH: us vs py
2026-07-15 02:50:20,481 - server - INFO - SYNC TRY: Brazil(br) vs Morocco(ma) score 1-1
2026-07-15 02:50:20,906 - server - INFO - SYNC NO MATCH: br vs ma
2026-07-15 02:50:53,383 - httpx - INFO - HTTP Request: GET https://www.thesportsdb.com/api/v1/json/3/eventsseason.php?id=4429&s=2026 "HTTP/1.1 200 OK"
2026-07-15 02:50:53,387 - server - INFO - SYNC TRY: Mexico(mx) vs South Africa(za) score 2-0
2026-07-15 02:50:53,892 - server - INFO - SYNC NO MATCH: mx vs za
2026-07-15 02:50:53,892 - server - INFO - SYNC TRY: South Korea(kr) vs Czech Republic(cz) score 2-1
2026-07-15 02:50:54,416 - server - INFO - SYNC NO MATCH: kr vs cz
2026-07-15 02:50:54,416 - server - INFO - SYNC TRY: Canada(ca) vs Bosnia-Herzegovina(ba) score 1-1
2026-07-15 02:50:54,887 - server - INFO - SYNC NO MATCH: ca vs ba
2026-07-15 02:50:54,887 - server - INFO - SYNC TRY: USA(us) vs Paraguay(py) score 4-1
2026-07-15 02:50:55,355 - server - INFO - SYNC NO MATCH: us vs py
2026-07-15 02:50:55,355 - server - INFO - SYNC TRY: Brazil(br) vs Morocco(ma) score 1-1
2026-07-15 02:50:55,860 - server - INFO - SYNC NO MATCH: br vs ma
2026-07-15 02:55:57,360 - httpx - INFO - HTTP Request: GET https://www.thesportsdb.com/api/v1/json/3/eventsseason.php?id=4429&s=2026 "HTTP/1.1 200 OK"
2026-07-15 02:55:57,366 - server - INFO - SYNC TRY: Mexico(mx) vs South Africa(za) score 2-0
2026-07-15 02:55:57,821 - server - INFO - SYNC NO MATCH: mx vs za
2026-07-15 02:55:57,821 - server - INFO - SYNC TRY: South Korea(kr) vs Czech Republic(cz) score 2-1
2026-07-15 02:55:58,254 - server - INFO - SYNC NO MATCH: kr vs cz
2026-07-15 02:55:58,254 - server - INFO - SYNC TRY: Canada(ca) vs Bosnia-Herzegovina(ba) score 1-1
2026-07-15 02:55:58,784 - server - INFO - SYNC NO MATCH: ca vs ba
2026-07-15 02:55:58,785 - server - INFO - SYNC TRY: USA(us) vs Paraguay(py) score 4-1
2026-07-15 02:55:59,277 - server - INFO - SYNC NO MATCH: us vs py
2026-07-15 02:55:59,278 - server - INFO - SYNC TRY: Brazil(br) vs Morocco(ma) score 1-1
2026-07-15 02:55:59,783 - server - INFO - SYNC NO MATCH: br vs ma
2026-07-15 03:01:01,378 - httpx - INFO - HTTP Request: GET https://www.thesportsdb.com/api/v1/json/3/eventsseason.php?id=4429&s=2026 "HTTP/1.1 200 OK"
2026-07-15 03:01:01,386 - server - INFO - SYNC TRY: Mexico(mx) vs South Africa(za) score 2-0
2026-07-15 03:01:01,903 - server - INFO - SYNC NO MATCH: mx vs za
2026-07-15 03:01:01,904 - server - INFO - SYNC TRY: South Korea(kr) vs Czech Republic(cz) score 2-1
2026-07-15 03:01:02,384 - server - INFO - SYNC NO MATCH: kr vs cz
2026-07-15 03:01:02,385 - server - INFO - SYNC TRY: Canada(ca) vs Bosnia-Herzegovina(ba) score 1-1
2026-07-15 03:01:03,030 - server - INFO - SYNC NO MATCH: ca vs ba
2026-07-15 03:01:03,031 - server - INFO - SYNC TRY: USA(us) vs Paraguay(py) score 4-1
2026-07-15 03:01:03,585 - server - INFO - SYNC NO MATCH: us vs py
2026-07-15 03:01:03,586 - server - INFO - SYNC TRY: Brazil(br) vs Morocco(ma) score 1-1
2026-07-15 03:01:04,082 - server - INFO - SYNC NO MATCH: br vs ma
2026-07-15 03:05:21,911 - httpx - INFO - HTTP Request: GET https://www.thesportsdb.com/api/v1/json/3/eventsseason.php?id=4429&s=2026 "HTTP/1.1 200 OK"
2026-07-15 03:05:21,923 - server - INFO - SYNC TRY: Mexico(mx) vs South Africa(za) score 2-0
2026-07-15 03:05:22,389 - server - INFO - SYNC NO MATCH: mx vs za
2026-07-15 03:05:22,390 - server - INFO - SYNC TRY: South Korea(kr) vs Czech Republic(cz) score 2-1
2026-07-15 03:05:22,882 - server - INFO - SYNC NO MATCH: kr vs cz
2026-07-15 03:05:22,882 - server - INFO - SYNC TRY: Canada(ca) vs Bosnia-Herzegovina(ba) score 1-1
2026-07-15 03:05:23,392 - server - INFO - SYNC NO MATCH: ca vs ba
2026-07-15 03:05:23,392 - server - INFO - SYNC TRY: USA(us) vs Paraguay(py) score 4-1
2026-07-15 03:05:23,985 - server - INFO - SYNC NO MATCH: us vs py
2026-07-15 03:05:23,986 - server - INFO - SYNC TRY: Brazil(br) vs Morocco(ma) score 1-1
2026-07-15 03:05:24,496 - server - INFO - SYNC NO MATCH: br vs ma
2026-07-15 03:06:05,187 - httpx - INFO - HTTP Request: GET https://www.thesportsdb.com/api/v1/json/3/eventsseason.php?id=4429&s=2026 "HTTP/1.1 200 OK"
2026-07-15 03:06:05,194 - server - INFO - SYNC TRY: Mexico(mx) vs South Africa(za) score 2-0
2026-07-15 03:06:05,966 - server - INFO - SYNC NO MATCH: mx vs za
2026-07-15 03:06:05,966 - server - INFO - SYNC TRY: South Korea(kr) vs Czech Republic(cz) score 2-1
2026-07-15 03:06:06,472 - server - INFO - SYNC NO MATCH: kr vs cz
2026-07-15 03:06:06,474 - server - INFO - SYNC TRY: Canada(ca) vs Bosnia-Herzegovina(ba) score 1-1
2026-07-15 03:06:06,990 - server - INFO - SYNC NO MATCH: ca vs ba
2026-07-15 03:06:06,991 - server - INFO - SYNC TRY: USA(us) vs Paraguay(py) score 4-1
2026-07-15 03:06:07,507 - server - INFO - SYNC NO MATCH: us vs py
2026-07-15 03:06:07,508 - server - INFO - SYNC TRY: Brazil(br) vs Morocco(ma) score 1-1
2026-07-15 03:06:08,104 - server - INFO - SYNC NO MATCH: br vs ma
2026-07-15 03:11:09,257 - httpx - INFO - HTTP Request: GET https://www.thesportsdb.com/api/v1/json/3/eventsseason.php?id=4429&s=2026 "HTTP/1.1 200 OK"
2026-07-15 03:11:09,266 - server - INFO - SYNC TRY: Mexico(mx) vs South Africa(za) score 2-0
2026-07-15 03:11:10,056 - server - INFO - SYNC NO MATCH: mx vs za
2026-07-15 03:11:10,057 - server - INFO - SYNC TRY: South Korea(kr) vs Czech Republic(cz) score 2-1
2026-07-15 03:11:10,522 - server - INFO - SYNC NO MATCH: kr vs cz
2026-07-15 03:11:10,523 - server - INFO - SYNC TRY: Canada(ca) vs Bosnia-Herzegovina(ba) score 1-1
2026-07-15 03:11:10,982 - server - INFO - SYNC NO MATCH: ca vs ba
2026-07-15 03:11:10,982 - server - INFO - SYNC TRY: USA(us) vs Paraguay(py) score 4-1
2026-07-15 03:11:11,439 - server - INFO - SYNC NO MATCH: us vs py
2026-07-15 03:11:11,441 - server - INFO - SYNC TRY: Brazil(br) vs Morocco(ma) score 1-1
2026-07-15 03:11:11,881 - server - INFO - SYNC NO MATCH: br vs ma
2026-07-15 03:16:12,991 - httpx - INFO - HTTP Request: GET https://www.thesportsdb.com/api/v1/json/3/eventsseason.php?id=4429&s=2026 "HTTP/1.1 200 OK"
2026-07-15 03:16:13,010 - server - INFO - SYNC TRY: Mexico(mx) vs South Africa(za) score 2-0
2026-07-15 03:16:13,478 - server - INFO - SYNC NO MATCH: mx vs za
2026-07-15 03:16:13,479 - server - INFO - SYNC TRY: South Korea(kr) vs Czech Republic(cz) score 2-1
2026-07-15 03:16:13,967 - server - INFO - SYNC NO MATCH: kr vs cz
2026-07-15 03:16:13,970 - server - INFO - SYNC TRY: Canada(ca) vs Bosnia-Herzegovina(ba) score 1-1
2026-07-15 03:16:14,453 - server - INFO - SYNC NO MATCH: ca vs ba
2026-07-15 03:16:14,454 - server - INFO - SYNC TRY: USA(us) vs Paraguay(py) score 4-1
2026-07-15 03:16:14,958 - server - INFO - SYNC NO MATCH: us vs py
2026-07-15 03:16:14,959 - server - INFO - SYNC TRY: Brazil(br) vs Morocco(ma) score 1-1
2026-07-15 03:16:15,468 - server - INFO - SYNC NO MATCH: br vs ma
2026-07-15 03:20:25,391 - httpx - INFO - HTTP Request: GET https://www.thesportsdb.com/api/v1/json/3/eventsseason.php?id=4429&s=2026 "HTTP/1.1 200 OK"
2026-07-15 03:20:25,394 - server - INFO - SYNC TRY: Mexico(mx) vs South Africa(za) score 2-0
2026-07-15 03:20:25,838 - server - INFO - SYNC NO MATCH: mx vs za
2026-07-15 03:20:25,839 - server - INFO - SYNC TRY: South Korea(kr) vs Czech Republic(cz) score 2-1
2026-07-15 03:20:26,291 - server - INFO - SYNC NO MATCH: kr vs cz
2026-07-15 03:20:26,291 - server - INFO - SYNC TRY: Canada(ca) vs Bosnia-Herzegovina(ba) score 1-1
2026-07-15 03:20:26,753 - server - INFO - SYNC NO MATCH: ca vs ba
2026-07-15 03:20:26,753 - server - INFO - SYNC TRY: USA(us) vs Paraguay(py) score 4-1
2026-07-15 03:20:27,246 - server - INFO - SYNC NO MATCH: us vs py
2026-07-15 03:20:27,247 - server - INFO - SYNC TRY: Brazil(br) vs Morocco(ma) score 1-1
2026-07-15 03:20:27,925 - server - INFO - SYNC NO MATCH: br vs ma
2026-07-15 03:21:16,377 - httpx - INFO - HTTP Request: GET https://www.thesportsdb.com/api/v1/json/3/eventsseason.php?id=4429&s=2026 "HTTP/1.1 200 OK"
2026-07-15 03:21:16,383 - server - INFO - SYNC TRY: Mexico(mx) vs South Africa(za) score 2-0
2026-07-15 03:21:16,872 - server - INFO - SYNC NO MATCH: mx vs za
2026-07-15 03:21:16,873 - server - INFO - SYNC TRY: South Korea(kr) vs Czech Republic(cz) score 2-1
2026-07-15 03:21:17,347 - server - INFO - SYNC NO MATCH: kr vs cz
2026-07-15 03:21:17,348 - server - INFO - SYNC TRY: Canada(ca) vs Bosnia-Herzegovina(ba) score 1-1
2026-07-15 03:21:17,795 - server - INFO - SYNC NO MATCH: ca vs ba
2026-07-15 03:21:17,796 - server - INFO - SYNC TRY: USA(us) vs Paraguay(py) score 4-1
2026-07-15 03:21:18,238 - server - INFO - SYNC NO MATCH: us vs py
2026-07-15 03:21:18,239 - server - INFO - SYNC TRY: Brazil(br) vs Morocco(ma) score 1-1
2026-07-15 03:21:19,116 - server - INFO - SYNC NO MATCH: br vs ma
2026-07-15 03:26:20,155 - httpx - INFO - HTTP Request: GET https://www.thesportsdb.com/api/v1/json/3/eventsseason.php?id=4429&s=2026 "HTTP/1.1 200 OK"
2026-07-15 03:26:20,158 - server - INFO - SYNC TRY: Mexico(mx) vs South Africa(za) score 2-0
2026-07-15 03:26:20,603 - server - INFO - SYNC NO MATCH: mx vs za
2026-07-15 03:26:20,603 - server - INFO - SYNC TRY: South Korea(kr) vs Czech Republic(cz) score 2-1
2026-07-15 03:26:21,029 - server - INFO - SYNC NO MATCH: kr vs cz
2026-07-15 03:26:21,029 - server - INFO - SYNC TRY: Canada(ca) vs Bosnia-Herzegovina(ba) score 1-1
2026-07-15 03:26:21,478 - server - INFO - SYNC NO MATCH: ca vs ba
2026-07-15 03:26:21,478 - server - INFO - SYNC TRY: USA(us) vs Paraguay(py) score 4-1
2026-07-15 03:26:21,960 - server - INFO - SYNC NO MATCH: us vs py
2026-07-15 03:26:21,961 - server - INFO - SYNC TRY: Brazil(br) vs Morocco(ma) score 1-1
2026-07-15 03:26:22,584 - server - INFO - SYNC NO MATCH: br vs ma
2026-07-15 03:31:23,580 - httpx - INFO - HTTP Request: GET https://www.thesportsdb.com/api/v1/json/3/eventsseason.php?id=4429&s=2026 "HTTP/1.1 200 OK"
2026-07-15 03:31:23,588 - server - INFO - SYNC TRY: Mexico(mx) vs South Africa(za) score 2-0
2026-07-15 03:31:24,038 - server - INFO - SYNC NO MATCH: mx vs za
2026-07-15 03:31:24,038 - server - INFO - SYNC TRY: South Korea(kr) vs Czech Republic(cz) score 2-1
2026-07-15 03:31:24,489 - server - INFO - SYNC NO MATCH: kr vs cz
2026-07-15 03:31:24,489 - server - INFO - SYNC TRY: Canada(ca) vs Bosnia-Herzegovina(ba) score 1-1
2026-07-15 03:31:25,396 - server - INFO - SYNC NO MATCH: ca vs ba
2026-07-15 03:31:25,397 - server - INFO - SYNC TRY: USA(us) vs Paraguay(py) score 4-1
2026-07-15 03:31:25,832 - server - INFO - SYNC NO MATCH: us vs py
2026-07-15 03:31:25,833 - server - INFO - SYNC TRY: Brazil(br) vs Morocco(ma) score 1-1
2026-07-15 03:31:26,255 - server - INFO - SYNC NO MATCH: br vs ma
2026-07-15 03:35:28,804 - httpx - INFO - HTTP Request: GET https://www.thesportsdb.com/api/v1/json/3/eventsseason.php?id=4429&s=2026 "HTTP/1.1 200 OK"
2026-07-15 03:35:28,809 - server - INFO - SYNC TRY: Mexico(mx) vs South Africa(za) score 2-0
2026-07-15 03:35:29,317 - server - INFO - SYNC NO MATCH: mx vs za
2026-07-15 03:35:29,320 - server - INFO - SYNC TRY: South Korea(kr) vs Czech Republic(cz) score 2-1
2026-07-15 03:35:29,735 - server - INFO - SYNC NO MATCH: kr vs cz
2026-07-15 03:35:29,736 - server - INFO - SYNC TRY: Canada(ca) vs Bosnia-Herzegovina(ba) score 1-1
2026-07-15 03:35:30,160 - server - INFO - SYNC NO MATCH: ca vs ba
2026-07-15 03:35:30,160 - server - INFO - SYNC TRY: USA(us) vs Paraguay(py) score 4-1
2026-07-15 03:35:30,593 - server - INFO - SYNC NO MATCH: us vs py
2026-07-15 03:35:30,594 - server - INFO - SYNC TRY: Brazil(br) vs Morocco(ma) score 1-1
2026-07-15 03:35:31,056 - server - INFO - SYNC NO MATCH: br vs ma
2026-07-15 03:36:27,196 - httpx - INFO - HTTP Request: GET https://www.thesportsdb.com/api/v1/json/3/eventsseason.php?id=4429&s=2026 "HTTP/1.1 200 OK"
2026-07-15 03:36:27,202 - server - INFO - SYNC TRY: Mexico(mx) vs South Africa(za) score 2-0
2026-07-15 03:36:27,643 - server - INFO - SYNC NO MATCH: mx vs za
2026-07-15 03:36:27,644 - server - INFO - SYNC TRY: South Korea(kr) vs Czech Republic(cz) score 2-1
2026-07-15 03:36:28,050 - server - INFO - SYNC NO MATCH: kr vs cz
2026-07-15 03:36:28,050 - server - INFO - SYNC TRY: Canada(ca) vs Bosnia-Herzegovina(ba) score 1-1
2026-07-15 03:36:28,498 - server - INFO - SYNC NO MATCH: ca vs ba
2026-07-15 03:36:28,499 - server - INFO - SYNC TRY: USA(us) vs Paraguay(py) score 4-1
2026-07-15 03:36:29,057 - server - INFO - SYNC NO MATCH: us vs py
2026-07-15 03:36:29,057 - server - INFO - SYNC TRY: Brazil(br) vs Morocco(ma) score 1-1
2026-07-15 03:36:29,487 - server - INFO - SYNC NO MATCH: br vs ma
2026-07-15 03:41:30,729 - httpx - INFO - HTTP Request: GET https://www.thesportsdb.com/api/v1/json/3/eventsseason.php?id=4429&s=2026 "HTTP/1.1 200 OK"
2026-07-15 03:41:30,731 - server - INFO - SYNC TRY: Mexico(mx) vs South Africa(za) score 2-0
2026-07-15 03:41:31,298 - server - INFO - SYNC NO MATCH: mx vs za
2026-07-15 03:41:31,298 - server - INFO - SYNC TRY: South Korea(kr) vs Czech Republic(cz) score 2-1
2026-07-15 03:41:31,846 - server - INFO - SYNC NO MATCH: kr vs cz
2026-07-15 03:41:31,846 - server - INFO - SYNC TRY: Canada(ca) vs Bosnia-Herzegovina(ba) score 1-1
2026-07-15 03:41:32,304 - server - INFO - SYNC NO MATCH: ca vs ba
2026-07-15 03:41:32,305 - server - INFO - SYNC TRY: USA(us) vs Paraguay(py) score 4-1
2026-07-15 03:41:32,744 - server - INFO - SYNC NO MATCH: us vs py
2026-07-15 03:41:32,745 - server - INFO - SYNC TRY: Brazil(br) vs Morocco(ma) score 1-1
2026-07-15 03:41:33,172 - server - INFO - SYNC NO MATCH: br vs ma
2026-07-15 03:46:35,320 - httpx - INFO - HTTP Request: GET https://www.thesportsdb.com/api/v1/json/3/eventsseason.php?id=4429&s=2026 "HTTP/1.1 200 OK"
2026-07-15 03:46:35,331 - server - INFO - SYNC TRY: Mexico(mx) vs South Africa(za) score 2-0
2026-07-15 03:46:35,782 - server - INFO - SYNC NO MATCH: mx vs za
2026-07-15 03:46:35,783 - server - INFO - SYNC TRY: South Korea(kr) vs Czech Republic(cz) score 2-1
2026-07-15 03:46:36,218 - server - INFO - SYNC NO MATCH: kr vs cz
2026-07-15 03:46:36,219 - server - INFO - SYNC TRY: Canada(ca) vs Bosnia-Herzegovina(ba) score 1-1
2026-07-15 03:46:36,642 - server - INFO - SYNC NO MATCH: ca vs ba
2026-07-15 03:46:36,643 - server - INFO - SYNC TRY: USA(us) vs Paraguay(py) score 4-1
2026-07-15 03:46:37,094 - server - INFO - SYNC NO MATCH: us vs py
2026-07-15 03:46:37,095 - server - INFO - SYNC TRY: Brazil(br) vs Morocco(ma) score 1-1
2026-07-15 03:46:37,520 - server - INFO - SYNC NO MATCH: br vs ma
2026-07-15 03:50:32,186 - httpx - INFO - HTTP Request: GET https://www.thesportsdb.com/api/v1/json/3/eventsseason.php?id=4429&s=2026 "HTTP/1.1 200 OK"
2026-07-15 03:50:32,189 - server - INFO - SYNC TRY: Mexico(mx) vs South Africa(za) score 2-0
2026-07-15 03:50:32,640 - server - INFO - SYNC NO MATCH: mx vs za
2026-07-15 03:50:32,640 - server - INFO - SYNC TRY: South Korea(kr) vs Czech Republic(cz) score 2-1
2026-07-15 03:50:33,051 - server - INFO - SYNC NO MATCH: kr vs cz
2026-07-15 03:50:33,052 - server - INFO - SYNC TRY: Canada(ca) vs Bosnia-Herzegovina(ba) score 1-1
2026-07-15 03:50:33,479 - server - INFO - SYNC NO MATCH: ca vs ba
2026-07-15 03:50:33,480 - server - INFO - SYNC TRY: USA(us) vs Paraguay(py) score 4-1
2026-07-15 03:50:33,912 - server - INFO - SYNC NO MATCH: us vs py
2026-07-15 03:50:33,913 - server - INFO - SYNC TRY: Brazil(br) vs Morocco(ma) score 1-1
2026-07-15 03:50:34,401 - server - INFO - SYNC NO MATCH: br vs ma
2026-07-15 03:51:38,695 - httpx - INFO - HTTP Request: GET https://www.thesportsdb.com/api/v1/json/3/eventsseason.php?id=4429&s=2026 "HTTP/1.1 200 OK"
2026-07-15 03:51:38,796 - server - INFO - SYNC TRY: Mexico(mx) vs South Africa(za) score 2-0
2026-07-15 03:51:39,273 - server - INFO - SYNC NO MATCH: mx vs za
2026-07-15 03:51:39,274 - server - INFO - SYNC TRY: South Korea(kr) vs Czech Republic(cz) score 2-1
2026-07-15 03:51:39,779 - server - INFO - SYNC NO MATCH: kr vs cz
2026-07-15 03:51:39,779 - server - INFO - SYNC TRY: Canada(ca) vs Bosnia-Herzegovina(ba) score 1-1
2026-07-15 03:51:40,278 - server - INFO - SYNC NO MATCH: ca vs ba
2026-07-15 03:51:40,279 - server - INFO - SYNC TRY: USA(us) vs Paraguay(py) score 4-1
2026-07-15 03:51:40,712 - server - INFO - SYNC NO MATCH: us vs py
2026-07-15 03:51:40,713 - server - INFO - SYNC TRY: Brazil(br) vs Morocco(ma) score 1-1
2026-07-15 03:51:41,195 - server - INFO - SYNC NO MATCH: br vs ma
2026-07-15 03:56:42,515 - httpx - INFO - HTTP Request: GET https://www.thesportsdb.com/api/v1/json/3/eventsseason.php?id=4429&s=2026 "HTTP/1.1 200 OK"
2026-07-15 03:56:42,582 - server - INFO - SYNC TRY: Mexico(mx) vs South Africa(za) score 2-0
2026-07-15 03:56:43,026 - server - INFO - SYNC NO MATCH: mx vs za
2026-07-15 03:56:43,027 - server - INFO - SYNC TRY: South Korea(kr) vs Czech Republic(cz) score 2-1
2026-07-15 03:56:43,464 - server - INFO - SYNC NO MATCH: kr vs cz
2026-07-15 03:56:43,464 - server - INFO - SYNC TRY: Canada(ca) vs Bosnia-Herzegovina(ba) score 1-1
2026-07-15 03:56:43,897 - server - INFO - SYNC NO MATCH: ca vs ba
2026-07-15 03:56:43,898 - server - INFO - SYNC TRY: USA(us) vs Paraguay(py) score 4-1
2026-07-15 03:56:44,414 - server - INFO - SYNC NO MATCH: us vs py
2026-07-15 03:56:44,416 - server - INFO - SYNC TRY: Brazil(br) vs Morocco(ma) score 1-1
2026-07-15 03:56:44,866 - server - INFO - SYNC NO MATCH: br vs ma
2026-07-15 04:01:00,113 - server - WARNING - Auto match reminders loop failed: operation cancelled
2026-07-15 04:01:30,469 - server - WARNING - Auto API-Football sync loop failed: ac-razqnti-shard-00-02.d3vgxxq.mongodb.net:27017: timed out (configured timeouts: socketTimeoutMS: 20000.0ms, connectTimeoutMS: 20000.0ms),ac-razqnti-shard-00-00.d3vgxxq.mongodb.net:27017: timed out (configured timeouts: socketTimeoutMS: 20000.0ms, connectTimeoutMS: 20000.0ms),ac-razqnti-shard-00-01.d3vgxxq.mongodb.net:27017: timed out (configured timeouts: socketTimeoutMS: 20000.0ms, connectTimeoutMS: 20000.0ms), Timeout: 30s, Topology Description: <TopologyDescription id: 6a56c057e25220c97e5b857a, topology_type: ReplicaSetNoPrimary, servers: [<ServerDescription ('ac-razqnti-shard-00-00.d3vgxxq.mongodb.net', 27017) server_type: Unknown, rtt: None, error=NetworkTimeout('ac-razqnti-shard-00-00.d3vgxxq.mongodb.net:27017: timed out (configured timeouts: socketTimeoutMS: 20000.0ms, connectTimeoutMS: 20000.0ms)')>, <ServerDescription ('ac-razqnti-shard-00-01.d3vgxxq.mongodb.net', 27017) server_type: Unknown, rtt: None, error=NetworkTimeout('ac-razqnti-shard-00-01.d3vgxxq.mongodb.net:27017: timed out (configured timeouts: socketTimeoutMS: 20000.0ms, connectTimeoutMS: 20000.0ms)')>, <ServerDescription ('ac-razqnti-shard-00-02.d3vgxxq.mongodb.net', 27017) server_type: Unknown, rtt: None, error=NetworkTimeout('ac-razqnti-shard-00-02.d3vgxxq.mongodb.net:27017: timed out (configured timeouts: socketTimeoutMS: 20000.0ms, connectTimeoutMS: 20000.0ms)')>]>
2026-07-15 04:01:46,177 - httpx - INFO - HTTP Request: GET https://www.thesportsdb.com/api/v1/json/3/eventsseason.php?id=4429&s=2026 "HTTP/1.1 200 OK"
2026-07-15 04:01:46,236 - server - INFO - SYNC TRY: Mexico(mx) vs South Africa(za) score 2-0
2026-07-15 04:01:48,078 - server - INFO - SYNC NO MATCH: mx vs za
2026-07-15 04:01:48,079 - server - INFO - SYNC TRY: South Korea(kr) vs Czech Republic(cz) score 2-1
2026-07-15 04:01:48,524 - server - INFO - SYNC NO MATCH: kr vs cz
2026-07-15 04:01:48,525 - server - INFO - SYNC TRY: Canada(ca) vs Bosnia-Herzegovina(ba) score 1-1
2026-07-15 04:01:48,996 - server - INFO - SYNC NO MATCH: ca vs ba
2026-07-15 04:01:48,997 - server - INFO - SYNC TRY: USA(us) vs Paraguay(py) score 4-1
2026-07-15 04:01:49,439 - server - INFO - SYNC NO MATCH: us vs py
2026-07-15 04:01:49,439 - server - INFO - SYNC TRY: Brazil(br) vs Morocco(ma) score 1-1
2026-07-15 04:01:49,873 - server - INFO - SYNC NO MATCH: br vs ma
2026-07-15 04:05:35,693 - httpx - INFO - HTTP Request: GET https://www.thesportsdb.com/api/v1/json/3/eventsseason.php?id=4429&s=2026 "HTTP/1.1 200 OK"
2026-07-15 04:05:35,706 - server - INFO - SYNC TRY: Mexico(mx) vs South Africa(za) score 2-0
2026-07-15 04:05:36,195 - server - INFO - SYNC NO MATCH: mx vs za
2026-07-15 04:05:36,196 - server - INFO - SYNC TRY: South Korea(kr) vs Czech Republic(cz) score 2-1
2026-07-15 04:05:36,687 - server - INFO - SYNC NO MATCH: kr vs cz
2026-07-15 04:05:36,687 - server - INFO - SYNC TRY: Canada(ca) vs Bosnia-Herzegovina(ba) score 1-1
2026-07-15 04:05:37,144 - server - INFO - SYNC NO MATCH: ca vs ba
2026-07-15 04:05:37,144 - server - INFO - SYNC TRY: USA(us) vs Paraguay(py) score 4-1
2026-07-15 04:05:37,556 - server - INFO - SYNC NO MATCH: us vs py
2026-07-15 04:05:37,557 - server - INFO - SYNC TRY: Brazil(br) vs Morocco(ma) score 1-1
2026-07-15 04:05:38,112 - server - INFO - SYNC NO MATCH: br vs ma
2026-07-15 04:06:51,022 - httpx - INFO - HTTP Request: GET https://www.thesportsdb.com/api/v1/json/3/eventsseason.php?id=4429&s=2026 "HTTP/1.1 200 OK"
2026-07-15 04:06:51,030 - server - INFO - SYNC TRY: Mexico(mx) vs South Africa(za) score 2-0
2026-07-15 04:06:51,682 - server - INFO - SYNC NO MATCH: mx vs za
2026-07-15 04:06:51,683 - server - INFO - SYNC TRY: South Korea(kr) vs Czech Republic(cz) score 2-1
2026-07-15 04:06:52,147 - server - INFO - SYNC NO MATCH: kr vs cz
2026-07-15 04:06:52,147 - server - INFO - SYNC TRY: Canada(ca) vs Bosnia-Herzegovina(ba) score 1-1
2026-07-15 04:06:52,667 - server - INFO - SYNC NO MATCH: ca vs ba
2026-07-15 04:06:52,668 - server - INFO - SYNC TRY: USA(us) vs Paraguay(py) score 4-1
2026-07-15 04:06:53,126 - server - INFO - SYNC NO MATCH: us vs py
2026-07-15 04:06:53,126 - server - INFO - SYNC TRY: Brazil(br) vs Morocco(ma) score 1-1
2026-07-15 04:06:53,564 - server - INFO - SYNC NO MATCH: br vs ma
2026-07-15 04:11:54,713 - httpx - INFO - HTTP Request: GET https://www.thesportsdb.com/api/v1/json/3/eventsseason.php?id=4429&s=2026 "HTTP/1.1 200 OK"
2026-07-15 04:11:54,727 - server - INFO - SYNC TRY: Mexico(mx) vs South Africa(za) score 2-0
2026-07-15 04:11:55,213 - server - INFO - SYNC NO MATCH: mx vs za
2026-07-15 04:11:55,214 - server - INFO - SYNC TRY: South Korea(kr) vs Czech Republic(cz) score 2-1
2026-07-15 04:11:55,702 - server - INFO - SYNC NO MATCH: kr vs cz
2026-07-15 04:11:55,702 - server - INFO - SYNC TRY: Canada(ca) vs Bosnia-Herzegovina(ba) score 1-1
2026-07-15 04:11:56,189 - server - INFO - SYNC NO MATCH: ca vs ba
2026-07-15 04:11:56,190 - server - INFO - SYNC TRY: USA(us) vs Paraguay(py) score 4-1
2026-07-15 04:11:56,642 - server - INFO - SYNC NO MATCH: us vs py
2026-07-15 04:11:56,642 - server - INFO - SYNC TRY: Brazil(br) vs Morocco(ma) score 1-1
2026-07-15 04:11:57,145 - server - INFO - SYNC NO MATCH: br vs ma
2026-07-15 04:16:58,486 - httpx - INFO - HTTP Request: GET https://www.thesportsdb.com/api/v1/json/3/eventsseason.php?id=4429&s=2026 "HTTP/1.1 200 OK"
2026-07-15 04:16:58,494 - server - INFO - SYNC TRY: Mexico(mx) vs South Africa(za) score 2-0
2026-07-15 04:16:58,943 - server - INFO - SYNC NO MATCH: mx vs za
2026-07-15 04:16:58,943 - server - INFO - SYNC TRY: South Korea(kr) vs Czech Republic(cz) score 2-1
2026-07-15 04:16:59,392 - server - INFO - SYNC NO MATCH: kr vs cz
2026-07-15 04:16:59,392 - server - INFO - SYNC TRY: Canada(ca) vs Bosnia-Herzegovina(ba) score 1-1
2026-07-15 04:16:59,821 - server - INFO - SYNC NO MATCH: ca vs ba
2026-07-15 04:16:59,822 - server - INFO - SYNC TRY: USA(us) vs Paraguay(py) score 4-1
2026-07-15 04:17:00,266 - server - INFO - SYNC NO MATCH: us vs py
2026-07-15 04:17:00,266 - server - INFO - SYNC TRY: Brazil(br) vs Morocco(ma) score 1-1
2026-07-15 04:17:00,747 - server - INFO - SYNC NO MATCH: br vs ma
2026-07-15 04:20:39,013 - httpx - INFO - HTTP Request: GET https://www.thesportsdb.com/api/v1/json/3/eventsseason.php?id=4429&s=2026 "HTTP/1.1 200 OK"
2026-07-15 04:20:39,022 - server - INFO - SYNC TRY: Mexico(mx) vs South Africa(za) score 2-0
2026-07-15 04:20:39,515 - server - INFO - SYNC NO MATCH: mx vs za
2026-07-15 04:20:39,516 - server - INFO - SYNC TRY: South Korea(kr) vs Czech Republic(cz) score 2-1
2026-07-15 04:20:40,130 - server - INFO - SYNC NO MATCH: kr vs cz
2026-07-15 04:20:40,132 - server - INFO - SYNC TRY: Canada(ca) vs Bosnia-Herzegovina(ba) score 1-1
2026-07-15 04:20:40,643 - server - INFO - SYNC NO MATCH: ca vs ba
2026-07-15 04:20:40,643 - server - INFO - SYNC TRY: USA(us) vs Paraguay(py) score 4-1
2026-07-15 04:20:41,175 - server - INFO - SYNC NO MATCH: us vs py
2026-07-15 04:20:41,176 - server - INFO - SYNC TRY: Brazil(br) vs Morocco(ma) score 1-1
2026-07-15 04:20:41,608 - server - INFO - SYNC NO MATCH: br vs ma
2026-07-15 04:22:01,948 - httpx - INFO - HTTP Request: GET https://www.thesportsdb.com/api/v1/json/3/eventsseason.php?id=4429&s=2026 "HTTP/1.1 200 OK"
2026-07-15 04:22:01,958 - server - INFO - SYNC TRY: Mexico(mx) vs South Africa(za) score 2-0
2026-07-15 04:22:02,970 - server - INFO - SYNC NO MATCH: mx vs za
2026-07-15 04:22:02,971 - server - INFO - SYNC TRY: South Korea(kr) vs Czech Republic(cz) score 2-1
2026-07-15 04:22:03,444 - server - INFO - SYNC NO MATCH: kr vs cz
2026-07-15 04:22:03,445 - server - INFO - SYNC TRY: Canada(ca) vs Bosnia-Herzegovina(ba) score 1-1
2026-07-15 04:22:04,020 - server - INFO - SYNC NO MATCH: ca vs ba
2026-07-15 04:22:04,021 - server - INFO - SYNC TRY: USA(us) vs Paraguay(py) score 4-1
2026-07-15 04:22:04,610 - server - INFO - SYNC NO MATCH: us vs py
2026-07-15 04:22:04,611 - server - INFO - SYNC TRY: Brazil(br) vs Morocco(ma) score 1-1
2026-07-15 04:22:05,130 - server - INFO - SYNC NO MATCH: br vs ma
2026-07-15 04:27:06,308 - httpx - INFO - HTTP Request: GET https://www.thesportsdb.com/api/v1/json/3/eventsseason.php?id=4429&s=2026 "HTTP/1.1 200 OK"
2026-07-15 04:27:06,324 - server - INFO - SYNC TRY: Mexico(mx) vs South Africa(za) score 2-0
2026-07-15 04:27:06,752 - server - INFO - SYNC NO MATCH: mx vs za
2026-07-15 04:27:06,753 - server - INFO - SYNC TRY: South Korea(kr) vs Czech Republic(cz) score 2-1
2026-07-15 04:27:07,204 - server - INFO - SYNC NO MATCH: kr vs cz
2026-07-15 04:27:07,205 - server - INFO - SYNC TRY: Canada(ca) vs Bosnia-Herzegovina(ba) score 1-1
2026-07-15 04:27:07,723 - server - INFO - SYNC NO MATCH: ca vs ba
2026-07-15 04:27:07,726 - server - INFO - SYNC TRY: USA(us) vs Paraguay(py) score 4-1
2026-07-15 04:27:08,156 - server - INFO - SYNC NO MATCH: us vs py
2026-07-15 04:27:08,156 - server - INFO - SYNC TRY: Brazil(br) vs Morocco(ma) score 1-1
2026-07-15 04:27:08,582 - server - INFO - SYNC NO MATCH: br vs ma
2026-07-15 04:32:09,624 - httpx - INFO - HTTP Request: GET https://www.thesportsdb.com/api/v1/json/3/eventsseason.php?id=4429&s=2026 "HTTP/1.1 200 OK"
2026-07-15 04:32:09,634 - server - INFO - SYNC TRY: Mexico(mx) vs South Africa(za) score 2-0
2026-07-15 04:32:10,085 - server - INFO - SYNC NO MATCH: mx vs za
2026-07-15 04:32:10,086 - server - INFO - SYNC TRY: South Korea(kr) vs Czech Republic(cz) score 2-1
2026-07-15 04:32:10,527 - server - INFO - SYNC NO MATCH: kr vs cz
2026-07-15 04:32:10,527 - server - INFO - SYNC TRY: Canada(ca) vs Bosnia-Herzegovina(ba) score 1-1
2026-07-15 04:32:10,990 - server - INFO - SYNC NO MATCH: ca vs ba
2026-07-15 04:32:10,991 - server - INFO - SYNC TRY: USA(us) vs Paraguay(py) score 4-1
2026-07-15 04:32:11,499 - server - INFO - SYNC NO MATCH: us vs py
2026-07-15 04:32:11,500 - server - INFO - SYNC TRY: Brazil(br) vs Morocco(ma) score 1-1
2026-07-15 04:32:11,925 - server - INFO - SYNC NO MATCH: br vs ma
2026-07-15 04:35:42,505 - httpx - INFO - HTTP Request: GET https://www.thesportsdb.com/api/v1/json/3/eventsseason.php?id=4429&s=2026 "HTTP/1.1 200 OK"
2026-07-15 04:35:42,508 - server - INFO - SYNC TRY: Mexico(mx) vs South Africa(za) score 2-0
2026-07-15 04:35:42,936 - server - INFO - SYNC NO MATCH: mx vs za
2026-07-15 04:35:42,936 - server - INFO - SYNC TRY: South Korea(kr) vs Czech Republic(cz) score 2-1
2026-07-15 04:35:43,376 - server - INFO - SYNC NO MATCH: kr vs cz
2026-07-15 04:35:43,377 - server - INFO - SYNC TRY: Canada(ca) vs Bosnia-Herzegovina(ba) score 1-1
2026-07-15 04:35:43,824 - server - INFO - SYNC NO MATCH: ca vs ba
2026-07-15 04:35:43,825 - server - INFO - SYNC TRY: USA(us) vs Paraguay(py) score 4-1
2026-07-15 04:35:44,252 - server - INFO - SYNC NO MATCH: us vs py
2026-07-15 04:35:44,253 - server - INFO - SYNC TRY: Brazil(br) vs Morocco(ma) score 1-1
2026-07-15 04:35:44,687 - server - INFO - SYNC NO MATCH: br vs ma
2026-07-15 04:37:12,820 - httpx - INFO - HTTP Request: GET https://www.thesportsdb.com/api/v1/json/3/eventsseason.php?id=4429&s=2026 "HTTP/1.1 200 OK"
2026-07-15 04:37:12,825 - server - INFO - SYNC TRY: Mexico(mx) vs South Africa(za) score 2-0
2026-07-15 04:37:13,310 - server - INFO - SYNC NO MATCH: mx vs za
2026-07-15 04:37:13,311 - server - INFO - SYNC TRY: South Korea(kr) vs Czech Republic(cz) score 2-1
2026-07-15 04:37:13,959 - server - INFO - SYNC NO MATCH: kr vs cz
2026-07-15 04:37:13,965 - server - INFO - SYNC TRY: Canada(ca) vs Bosnia-Herzegovina(ba) score 1-1
2026-07-15 04:37:14,450 - server - INFO - SYNC NO MATCH: ca vs ba
2026-07-15 04:37:14,450 - server - INFO - SYNC TRY: USA(us) vs Paraguay(py) score 4-1
2026-07-15 04:37:15,052 - server - INFO - SYNC NO MATCH: us vs py
2026-07-15 04:37:15,053 - server - INFO - SYNC TRY: Brazil(br) vs Morocco(ma) score 1-1
2026-07-15 04:37:15,566 - server - INFO - SYNC NO MATCH: br vs ma
2026-07-15 04:42:16,739 - httpx - INFO - HTTP Request: GET https://www.thesportsdb.com/api/v1/json/3/eventsseason.php?id=4429&s=2026 "HTTP/1.1 200 OK"
2026-07-15 04:42:16,748 - server - INFO - SYNC TRY: Mexico(mx) vs South Africa(za) score 2-0
2026-07-15 04:42:17,181 - server - INFO - SYNC NO MATCH: mx vs za
2026-07-15 04:42:17,186 - server - INFO - SYNC TRY: South Korea(kr) vs Czech Republic(cz) score 2-1
2026-07-15 04:42:17,616 - server - INFO - SYNC NO MATCH: kr vs cz
2026-07-15 04:42:17,617 - server - INFO - SYNC TRY: Canada(ca) vs Bosnia-Herzegovina(ba) score 1-1
2026-07-15 04:42:18,046 - server - INFO - SYNC NO MATCH: ca vs ba
2026-07-15 04:42:18,047 - server - INFO - SYNC TRY: USA(us) vs Paraguay(py) score 4-1
2026-07-15 04:42:18,477 - server - INFO - SYNC NO MATCH: us vs py
2026-07-15 04:42:18,477 - server - INFO - SYNC TRY: Brazil(br) vs Morocco(ma) score 1-1
2026-07-15 04:42:18,913 - server - INFO - SYNC NO MATCH: br vs ma
2026-07-15 04:48:09,122 - server - WARNING - TheSportsDB fetch failed: 
2026-07-15 04:58:13,752 - server - WARNING - Auto sync loop failed: ac-razqnti-shard-00-02.d3vgxxq.mongodb.net:27017: [Errno 7] No address associated with hostname (configured timeouts: socketTimeoutMS: 20000.0ms, connectTimeoutMS: 20000.0ms),ac-razqnti-shard-00-00.d3vgxxq.mongodb.net:27017: timed out (configured timeouts: socketTimeoutMS: 20000.0ms, connectTimeoutMS: 20000.0ms),ac-razqnti-shard-00-01.d3vgxxq.mongodb.net:27017: timed out (configured timeouts: socketTimeoutMS: 20000.0ms, connectTimeoutMS: 20000.0ms), Timeout: 30s, Topology Description: <TopologyDescription id: 6a56c057e25220c97e5b857a, topology_type: ReplicaSetNoPrimary, servers: [<ServerDescription ('ac-razqnti-shard-00-00.d3vgxxq.mongodb.net', 27017) server_type: Unknown, rtt: None, error=NetworkTimeout('ac-razqnti-shard-00-00.d3vgxxq.mongodb.net:27017: timed out (configured timeouts: socketTimeoutMS: 20000.0ms, connectTimeoutMS: 20000.0ms)')>, <ServerDescription ('ac-razqnti-shard-00-01.d3vgxxq.mongodb.net', 27017) server_type: Unknown, rtt: None, error=NetworkTimeout('ac-razqnti-shard-00-01.d3vgxxq.mongodb.net:27017: timed out (configured timeouts: socketTimeoutMS: 20000.0ms, connectTimeoutMS: 20000.0ms)')>, <ServerDescription ('ac-razqnti-shard-00-02.d3vgxxq.mongodb.net', 27017) server_type: Unknown, rtt: None, error=AutoReconnect('ac-razqnti-shard-00-02.d3vgxxq.mongodb.net:27017: [Errno 7] No address associated with hostname (configured timeouts: socketTimeoutMS: 20000.0ms, connectTimeoutMS: 20000.0ms)')>]>
2026-07-15 04:58:13,764 - server - WARNING - Auto match reminders loop failed: ac-razqnti-shard-00-02.d3vgxxq.mongodb.net:27017: [Errno 7] No address associated with hostname (configured timeouts: socketTimeoutMS: 20000.0ms, connectTimeoutMS: 20000.0ms),ac-razqnti-shard-00-00.d3vgxxq.mongodb.net:27017: timed out (configured timeouts: socketTimeoutMS: 20000.0ms, connectTimeoutMS: 20000.0ms),ac-razqnti-shard-00-01.d3vgxxq.mongodb.net:27017: timed out (configured timeouts: socketTimeoutMS: 20000.0ms, connectTimeoutMS: 20000.0ms), Timeout: 30s, Topology Description: <TopologyDescription id: 6a56c057e25220c97e5b857a, topology_type: ReplicaSetNoPrimary, servers: [<ServerDescription ('ac-razqnti-shard-00-00.d3vgxxq.mongodb.net', 27017) server_type: Unknown, rtt: None, error=NetworkTimeout('ac-razqnti-shard-00-00.d3vgxxq.mongodb.net:27017: timed out (configured timeouts: socketTimeoutMS: 20000.0ms, connectTimeoutMS: 20000.0ms)')>, <ServerDescription ('ac-razqnti-shard-00-01.d3vgxxq.mongodb.net', 27017) server_type: Unknown, rtt: None, error=NetworkTimeout('ac-razqnti-shard-00-01.d3vgxxq.mongodb.net:27017: timed out (configured timeouts: socketTimeoutMS: 20000.0ms, connectTimeoutMS: 20000.0ms)')>, <ServerDescription ('ac-razqnti-shard-00-02.d3vgxxq.mongodb.net', 27017) server_type: Unknown, rtt: None, error=AutoReconnect('ac-razqnti-shard-00-02.d3vgxxq.mongodb.net:27017: [Errno 7] No address associated with hostname (configured timeouts: socketTimeoutMS: 20000.0ms, connectTimeoutMS: 20000.0ms)')>]>
2026-07-15 05:00:25,532 - httpx - INFO - HTTP Request: GET https://www.thesportsdb.com/api/v1/json/3/eventsseason.php?id=4429&s=2026 "HTTP/1.1 200 OK"
2026-07-15 05:00:25,543 - server - INFO - SYNC TRY: Mexico(mx) vs South Africa(za) score 2-0
2026-07-15 05:00:26,016 - server - INFO - SYNC NO MATCH: mx vs za
2026-07-15 05:00:26,017 - server - INFO - SYNC TRY: South Korea(kr) vs Czech Republic(cz) score 2-1
2026-07-15 05:00:26,482 - server - INFO - SYNC NO MATCH: kr vs cz
2026-07-15 05:00:26,482 - server - INFO - SYNC TRY: Canada(ca) vs Bosnia-Herzegovina(ba) score 1-1
2026-07-15 05:00:26,960 - server - INFO - SYNC NO MATCH: ca vs ba
2026-07-15 05:00:26,961 - server - INFO - SYNC TRY: USA(us) vs Paraguay(py) score 4-1
2026-07-15 05:00:27,623 - server - INFO - SYNC NO MATCH: us vs py
2026-07-15 05:00:27,623 - server - INFO - SYNC TRY: Brazil(br) vs Morocco(ma) score 1-1
2026-07-15 05:00:28,216 - server - INFO - SYNC NO MATCH: br vs ma
2026-07-15 05:03:14,376 - httpx - INFO - HTTP Request: GET https://www.thesportsdb.com/api/v1/json/3/eventsseason.php?id=4429&s=2026 "HTTP/1.1 200 OK"
2026-07-15 05:03:14,384 - server - INFO - SYNC TRY: Mexico(mx) vs South Africa(za) score 2-0
2026-07-15 05:03:14,834 - server - INFO - SYNC NO MATCH: mx vs za
2026-07-15 05:03:14,834 - server - INFO - SYNC TRY: South Korea(kr) vs Czech Republic(cz) score 2-1
2026-07-15 05:03:15,310 - server - INFO - SYNC NO MATCH: kr vs cz
2026-07-15 05:03:15,311 - server - INFO - SYNC TRY: Canada(ca) vs Bosnia-Herzegovina(ba) score 1-1
2026-07-15 05:03:15,907 - server - INFO - SYNC NO MATCH: ca vs ba
2026-07-15 05:03:15,908 - server - INFO - SYNC TRY: USA(us) vs Paraguay(py) score 4-1
2026-07-15 05:03:16,373 - server - INFO - SYNC NO MATCH: us vs py
2026-07-15 05:03:16,373 - server - INFO - SYNC TRY: Brazil(br) vs Morocco(ma) score 1-1
2026-07-15 05:03:16,832 - server - INFO - SYNC NO MATCH: br vs ma
2026-07-15 05:08:17,836 - httpx - INFO - HTTP Request: GET https://www.thesportsdb.com/api/v1/json/3/eventsseason.php?id=4429&s=2026 "HTTP/1.1 200 OK"
2026-07-15 05:08:17,860 - server - INFO - SYNC TRY: Mexico(mx) vs South Africa(za) score 2-0
2026-07-15 05:08:18,291 - server - INFO - SYNC NO MATCH: mx vs za
2026-07-15 05:08:18,291 - server - INFO - SYNC TRY: South Korea(kr) vs Czech Republic(cz) score 2-1
2026-07-15 05:08:18,836 - server - INFO - SYNC NO MATCH: kr vs cz
2026-07-15 05:08:18,837 - server - INFO - SYNC TRY: Canada(ca) vs Bosnia-Herzegovina(ba) score 1-1
2026-07-15 05:08:19,283 - server - INFO - SYNC NO MATCH: ca vs ba
2026-07-15 05:08:19,284 - server - INFO - SYNC TRY: USA(us) vs Paraguay(py) score 4-1
2026-07-15 05:08:19,730 - server - INFO - SYNC NO MATCH: us vs py
2026-07-15 05:08:19,731 - server - INFO - SYNC TRY: Brazil(br) vs Morocco(ma) score 1-1
2026-07-15 05:08:20,198 - server - INFO - SYNC NO MATCH: br vs ma
2026-07-15 05:13:21,082 - httpx - INFO - HTTP Request: GET https://www.thesportsdb.com/api/v1/json/3/eventsseason.php?id=4429&s=2026 "HTTP/1.1 200 OK"
2026-07-15 05:13:21,085 - server - INFO - SYNC TRY: Mexico(mx) vs South Africa(za) score 2-0
2026-07-15 05:13:21,538 - server - INFO - SYNC NO MATCH: mx vs za
2026-07-15 05:13:21,539 - server - INFO - SYNC TRY: South Korea(kr) vs Czech Republic(cz) score 2-1
2026-07-15 05:13:21,987 - server - INFO - SYNC NO MATCH: kr vs cz
2026-07-15 05:13:21,988 - server - INFO - SYNC TRY: Canada(ca) vs Bosnia-Herzegovina(ba) score 1-1
2026-07-15 05:13:22,434 - server - INFO - SYNC NO MATCH: ca vs ba
2026-07-15 05:13:22,434 - server - INFO - SYNC TRY: USA(us) vs Paraguay(py) score 4-1
2026-07-15 05:13:23,045 - server - INFO - SYNC NO MATCH: us vs py
2026-07-15 05:13:23,046 - server - INFO - SYNC TRY: Brazil(br) vs Morocco(ma) score 1-1
2026-07-15 05:13:23,501 - server - INFO - SYNC NO MATCH: br vs ma
2026-07-15 05:15:29,094 - httpx - INFO - HTTP Request: GET https://www.thesportsdb.com/api/v1/json/3/eventsseason.php?id=4429&s=2026 "HTTP/1.1 200 OK"
2026-07-15 05:15:29,097 - server - INFO - SYNC TRY: Mexico(mx) vs South Africa(za) score 2-0
2026-07-15 05:15:29,581 - server - INFO - SYNC NO MATCH: mx vs za
2026-07-15 05:15:29,582 - server - INFO - SYNC TRY: South Korea(kr) vs Czech Republic(cz) score 2-1
2026-07-15 05:15:30,007 - server - INFO - SYNC NO MATCH: kr vs cz
2026-07-15 05:15:30,008 - server - INFO - SYNC TRY: Canada(ca) vs Bosnia-Herzegovina(ba) score 1-1
2026-07-15 05:15:30,494 - server - INFO - SYNC NO MATCH: ca vs ba
2026-07-15 05:15:30,494 - server - INFO - SYNC TRY: USA(us) vs Paraguay(py) score 4-1
2026-07-15 05:15:30,922 - server - INFO - SYNC NO MATCH: us vs py
2026-07-15 05:15:30,923 - server - INFO - SYNC TRY: Brazil(br) vs Morocco(ma) score 1-1
2026-07-15 05:15:31,369 - server - INFO - SYNC NO MATCH: br vs ma
2026-07-15 05:18:24,465 - httpx - INFO - HTTP Request: GET https://www.thesportsdb.com/api/v1/json/3/eventsseason.php?id=4429&s=2026 "HTTP/1.1 200 OK"
2026-07-15 05:18:24,468 - server - INFO - SYNC TRY: Mexico(mx) vs South Africa(za) score 2-0
2026-07-15 05:18:25,001 - server - INFO - SYNC NO MATCH: mx vs za
2026-07-15 05:18:25,002 - server - INFO - SYNC TRY: South Korea(kr) vs Czech Republic(cz) score 2-1
2026-07-15 05:18:25,442 - server - INFO - SYNC NO MATCH: kr vs cz
2026-07-15 05:18:25,443 - server - INFO - SYNC TRY: Canada(ca) vs Bosnia-Herzegovina(ba) score 1-1
2026-07-15 05:18:25,896 - server - INFO - SYNC NO MATCH: ca vs ba
2026-07-15 05:18:25,896 - server - INFO - SYNC TRY: USA(us) vs Paraguay(py) score 4-1
2026-07-15 05:18:26,362 - server - INFO - SYNC NO MATCH: us vs py
2026-07-15 05:18:26,362 - server - INFO - SYNC TRY: Brazil(br) vs Morocco(ma) score 1-1
2026-07-15 05:18:26,799 - server - INFO - SYNC NO MATCH: br vs ma
2026-07-15 05:23:27,912 - httpx - INFO - HTTP Request: GET https://www.thesportsdb.com/api/v1/json/3/eventsseason.php?id=4429&s=2026 "HTTP/1.1 200 OK"
2026-07-15 05:23:27,915 - server - INFO - SYNC TRY: Mexico(mx) vs South Africa(za) score 2-0
2026-07-15 05:23:28,358 - server - INFO - SYNC NO MATCH: mx vs za
2026-07-15 05:23:28,359 - server - INFO - SYNC TRY: South Korea(kr) vs Czech Republic(cz) score 2-1
2026-07-15 05:23:28,923 - server - INFO - SYNC NO MATCH: kr vs cz
2026-07-15 05:23:28,923 - server - INFO - SYNC TRY: Canada(ca) vs Bosnia-Herzegovina(ba) score 1-1
2026-07-15 05:23:29,436 - server - INFO - SYNC NO MATCH: ca vs ba
2026-07-15 05:23:29,437 - server - INFO - SYNC TRY: USA(us) vs Paraguay(py) score 4-1
2026-07-15 05:23:29,915 - server - INFO - SYNC NO MATCH: us vs py
2026-07-15 05:23:29,916 - server - INFO - SYNC TRY: Brazil(br) vs Morocco(ma) score 1-1
2026-07-15 05:23:30,340 - server - INFO - SYNC NO MATCH: br vs ma
2026-07-15 05:28:31,383 - httpx - INFO - HTTP Request: GET https://www.thesportsdb.com/api/v1/json/3/eventsseason.php?id=4429&s=2026 "HTTP/1.1 200 OK"
2026-07-15 05:28:31,400 - server - INFO - SYNC TRY: Mexico(mx) vs South Africa(za) score 2-0
2026-07-15 05:28:31,841 - server - INFO - SYNC NO MATCH: mx vs za
2026-07-15 05:28:31,842 - server - INFO - SYNC TRY: South Korea(kr) vs Czech Republic(cz) score 2-1
2026-07-15 05:28:32,291 - server - INFO - SYNC NO MATCH: kr vs cz
2026-07-15 05:28:32,292 - server - INFO - SYNC TRY: Canada(ca) vs Bosnia-Herzegovina(ba) score 1-1
2026-07-15 05:28:32,730 - server - INFO - SYNC NO MATCH: ca vs ba
2026-07-15 05:28:32,730 - server - INFO - SYNC TRY: USA(us) vs Paraguay(py) score 4-1
2026-07-15 05:28:33,162 - server - INFO - SYNC NO MATCH: us vs py
2026-07-15 05:28:33,162 - server - INFO - SYNC TRY: Brazil(br) vs Morocco(ma) score 1-1
2026-07-15 05:28:34,051 - server - INFO - SYNC NO MATCH: br vs ma
2026-07-15 05:30:32,247 - httpx - INFO - HTTP Request: GET https://www.thesportsdb.com/api/v1/json/3/eventsseason.php?id=4429&s=2026 "HTTP/1.1 200 OK"
2026-07-15 05:30:32,254 - server - INFO - SYNC TRY: Mexico(mx) vs South Africa(za) score 2-0
2026-07-15 05:30:32,716 - server - INFO - SYNC NO MATCH: mx vs za
2026-07-15 05:30:32,716 - server - INFO - SYNC TRY: South Korea(kr) vs Czech Republic(cz) score 2-1
2026-07-15 05:30:33,168 - server - INFO - SYNC NO MATCH: kr vs cz
2026-07-15 05:30:33,169 - server - INFO - SYNC TRY: Canada(ca) vs Bosnia-Herzegovina(ba) score 1-1
2026-07-15 05:30:33,638 - server - INFO - SYNC NO MATCH: ca vs ba
2026-07-15 05:30:33,639 - server - INFO - SYNC TRY: USA(us) vs Paraguay(py) score 4-1
2026-07-15 05:30:34,103 - server - INFO - SYNC NO MATCH: us vs py
2026-07-15 05:30:34,104 - server - INFO - SYNC TRY: Brazil(br) vs Morocco(ma) score 1-1
2026-07-15 05:30:34,532 - server - INFO - SYNC NO MATCH: br vs ma
2026-07-15 05:33:34,990 - httpx - INFO - HTTP Request: GET https://www.thesportsdb.com/api/v1/json/3/eventsseason.php?id=4429&s=2026 "HTTP/1.1 200 OK"
2026-07-15 05:33:34,993 - server - INFO - SYNC TRY: Mexico(mx) vs South Africa(za) score 2-0
2026-07-15 05:33:35,430 - server - INFO - SYNC NO MATCH: mx vs za
2026-07-15 05:33:35,431 - server - INFO - SYNC TRY: South Korea(kr) vs Czech Republic(cz) score 2-1
2026-07-15 05:33:35,910 - server - INFO - SYNC NO MATCH: kr vs cz
2026-07-15 05:33:35,911 - server - INFO - SYNC TRY: Canada(ca) vs Bosnia-Herzegovina(ba) score 1-1
2026-07-15 05:33:36,356 - server - INFO - SYNC NO MATCH: ca vs ba
2026-07-15 05:33:36,356 - server - INFO - SYNC TRY: USA(us) vs Paraguay(py) score 4-1
2026-07-15 05:33:36,820 - server - INFO - SYNC NO MATCH: us vs py
2026-07-15 05:33:36,821 - server - INFO - SYNC TRY: Brazil(br) vs Morocco(ma) score 1-1
2026-07-15 05:33:37,265 - server - INFO - SYNC NO MATCH: br vs ma
2026-07-15 05:38:38,442 - httpx - INFO - HTTP Request: GET https://www.thesportsdb.com/api/v1/json/3/eventsseason.php?id=4429&s=2026 "HTTP/1.1 200 OK"
2026-07-15 05:38:38,461 - server - INFO - SYNC TRY: Mexico(mx) vs South Africa(za) score 2-0
2026-07-15 05:38:38,940 - server - INFO - SYNC NO MATCH: mx vs za
2026-07-15 05:38:38,940 - server - INFO - SYNC TRY: South Korea(kr) vs Czech Republic(cz) score 2-1
2026-07-15 05:38:39,382 - server - INFO - SYNC NO MATCH: kr vs cz
2026-07-15 05:38:39,383 - server - INFO - SYNC TRY: Canada(ca) vs Bosnia-Herzegovina(ba) score 1-1
2026-07-15 05:38:39,817 - server - INFO - SYNC NO MATCH: ca vs ba
2026-07-15 05:38:39,817 - server - INFO - SYNC TRY: USA(us) vs Paraguay(py) score 4-1
2026-07-15 05:38:40,295 - server - INFO - SYNC NO MATCH: us vs py
2026-07-15 05:38:40,296 - server - INFO - SYNC TRY: Brazil(br) vs Morocco(ma) score 1-1
2026-07-15 05:38:40,755 - server - INFO - SYNC NO MATCH: br vs ma
2026-07-15 05:43:41,860 - httpx - INFO - HTTP Request: GET https://www.thesportsdb.com/api/v1/json/3/eventsseason.php?id=4429&s=2026 "HTTP/1.1 200 OK"
2026-07-15 05:43:41,874 - server - INFO - SYNC TRY: Mexico(mx) vs South Africa(za) score 2-0
2026-07-15 05:43:42,360 - server - INFO - SYNC NO MATCH: mx vs za
2026-07-15 05:43:42,361 - server - INFO - SYNC TRY: South Korea(kr) vs Czech Republic(cz) score 2-1
2026-07-15 05:43:42,829 - server - INFO - SYNC NO MATCH: kr vs cz
2026-07-15 05:43:42,829 - server - INFO - SYNC TRY: Canada(ca) vs Bosnia-Herzegovina(ba) score 1-1
2026-07-15 05:43:43,288 - server - INFO - SYNC NO MATCH: ca vs ba
2026-07-15 05:43:43,288 - server - INFO - SYNC TRY: USA(us) vs Paraguay(py) score 4-1
2026-07-15 05:43:43,756 - server - INFO - SYNC NO MATCH: us vs py
2026-07-15 05:43:43,757 - server - INFO - SYNC TRY: Brazil(br) vs Morocco(ma) score 1-1
2026-07-15 05:43:44,312 - server - INFO - SYNC NO MATCH: br vs ma
2026-07-15 05:45:35,529 - httpx - INFO - HTTP Request: GET https://www.thesportsdb.com/api/v1/json/3/eventsseason.php?id=4429&s=2026 "HTTP/1.1 200 OK"
2026-07-15 05:45:35,556 - server - INFO - SYNC TRY: Mexico(mx) vs South Africa(za) score 2-0
2026-07-15 05:45:36,145 - server - INFO - SYNC NO MATCH: mx vs za
2026-07-15 05:45:36,146 - server - INFO - SYNC TRY: South Korea(kr) vs Czech Republic(cz) score 2-1
2026-07-15 05:45:36,575 - server - INFO - SYNC NO MATCH: kr vs cz
2026-07-15 05:45:36,575 - server - INFO - SYNC TRY: Canada(ca) vs Bosnia-Herzegovina(ba) score 1-1
2026-07-15 05:45:37,024 - server - INFO - SYNC NO MATCH: ca vs ba
2026-07-15 05:45:37,024 - server - INFO - SYNC TRY: USA(us) vs Paraguay(py) score 4-1
2026-07-15 05:45:37,492 - server - INFO - SYNC NO MATCH: us vs py
2026-07-15 05:45:37,493 - server - INFO - SYNC TRY: Brazil(br) vs Morocco(ma) score 1-1
2026-07-15 05:45:38,033 - server - INFO - SYNC NO MATCH: br vs ma
2026-07-15 05:48:45,604 - httpx - INFO - HTTP Request: GET https://www.thesportsdb.com/api/v1/json/3/eventsseason.php?id=4429&s=2026 "HTTP/1.1 200 OK"
2026-07-15 05:48:45,618 - server - INFO - SYNC TRY: Mexico(mx) vs South Africa(za) score 2-0
2026-07-15 05:48:46,080 - server - INFO - SYNC NO MATCH: mx vs za
2026-07-15 05:48:46,080 - server - INFO - SYNC TRY: South Korea(kr) vs Czech Republic(cz) score 2-1
2026-07-15 05:48:46,523 - server - INFO - SYNC NO MATCH: kr vs cz
2026-07-15 05:48:46,524 - server - INFO - SYNC TRY: Canada(ca) vs Bosnia-Herzegovina(ba) score 1-1
2026-07-15 05:48:46,992 - server - INFO - SYNC NO MATCH: ca vs ba
2026-07-15 05:48:46,993 - server - INFO - SYNC TRY: USA(us) vs Paraguay(py) score 4-1
2026-07-15 05:48:47,448 - server - INFO - SYNC NO MATCH: us vs py
2026-07-15 05:48:47,448 - server - INFO - SYNC TRY: Brazil(br) vs Morocco(ma) score 1-1
2026-07-15 05:48:47,975 - server - INFO - SYNC NO MATCH: br vs ma
2026-07-15 05:53:49,188 - httpx - INFO - HTTP Request: GET https://www.thesportsdb.com/api/v1/json/3/eventsseason.php?id=4429&s=2026 "HTTP/1.1 200 OK"
2026-07-15 05:53:49,208 - server - INFO - SYNC TRY: Mexico(mx) vs South Africa(za) score 2-0
2026-07-15 05:53:49,741 - server - INFO - SYNC NO MATCH: mx vs za
2026-07-15 05:53:49,742 - server - INFO - SYNC TRY: South Korea(kr) vs Czech Republic(cz) score 2-1
2026-07-15 05:53:50,196 - server - INFO - SYNC NO MATCH: kr vs cz
2026-07-15 05:53:50,197 - server - INFO - SYNC TRY: Canada(ca) vs Bosnia-Herzegovina(ba) score 1-1
2026-07-15 05:53:50,669 - server - INFO - SYNC NO MATCH: ca vs ba
2026-07-15 05:53:50,669 - server - INFO - SYNC TRY: USA(us) vs Paraguay(py) score 4-1
2026-07-15 05:53:51,159 - server - INFO - SYNC NO MATCH: us vs py
2026-07-15 05:53:51,159 - server - INFO - SYNC TRY: Brazil(br) vs Morocco(ma) score 1-1
2026-07-15 05:53:51,607 - server - INFO - SYNC NO MATCH: br vs ma
2026-07-15 05:58:52,505 - httpx - INFO - HTTP Request: GET https://www.thesportsdb.com/api/v1/json/3/eventsseason.php?id=4429&s=2026 "HTTP/1.1 200 OK"
2026-07-15 05:58:52,516 - server - INFO - SYNC TRY: Mexico(mx) vs South Africa(za) score 2-0
2026-07-15 05:58:53,100 - server - INFO - SYNC NO MATCH: mx vs za
2026-07-15 05:58:53,101 - server - INFO - SYNC TRY: South Korea(kr) vs Czech Republic(cz) score 2-1
2026-07-15 05:58:53,559 - server - INFO - SYNC NO MATCH: kr vs cz
2026-07-15 05:58:53,559 - server - INFO - SYNC TRY: Canada(ca) vs Bosnia-Herzegovina(ba) score 1-1
2026-07-15 05:58:54,000 - server - INFO - SYNC NO MATCH: ca vs ba
2026-07-15 05:58:54,001 - server - INFO - SYNC TRY: USA(us) vs Paraguay(py) score 4-1
2026-07-15 05:58:54,449 - server - INFO - SYNC NO MATCH: us vs py
2026-07-15 05:58:54,450 - server - INFO - SYNC TRY: Brazil(br) vs Morocco(ma) score 1-1
2026-07-15 05:58:54,895 - server - INFO - SYNC NO MATCH: br vs ma
2026-07-15 06:00:39,072 - httpx - INFO - HTTP Request: GET https://www.thesportsdb.com/api/v1/json/3/eventsseason.php?id=4429&s=2026 "HTTP/1.1 200 OK"
2026-07-15 06:00:39,078 - server - INFO - SYNC TRY: Mexico(mx) vs South Africa(za) score 2-0
2026-07-15 06:00:39,528 - server - INFO - SYNC NO MATCH: mx vs za
2026-07-15 06:00:39,528 - server - INFO - SYNC TRY: South Korea(kr) vs Czech Republic(cz) score 2-1
2026-07-15 06:00:39,959 - server - INFO - SYNC NO MATCH: kr vs cz
2026-07-15 06:00:39,960 - server - INFO - SYNC TRY: Canada(ca) vs Bosnia-Herzegovina(ba) score 1-1
2026-07-15 06:00:40,394 - server - INFO - SYNC NO MATCH: ca vs ba
2026-07-15 06:00:40,395 - server - INFO - SYNC TRY: USA(us) vs Paraguay(py) score 4-1
2026-07-15 06:00:40,826 - server - INFO - SYNC NO MATCH: us vs py
2026-07-15 06:00:40,826 - server - INFO - SYNC TRY: Brazil(br) vs Morocco(ma) score 1-1
2026-07-15 06:00:41,295 - server - INFO - SYNC NO MATCH: br vs ma
2026-07-15 06:03:55,939 - httpx - INFO - HTTP Request: GET https://www.thesportsdb.com/api/v1/json/3/eventsseason.php?id=4429&s=2026 "HTTP/1.1 200 OK"
2026-07-15 06:03:55,942 - server - INFO - SYNC TRY: Mexico(mx) vs South Africa(za) score 2-0
2026-07-15 06:03:56,633 - server - INFO - SYNC NO MATCH: mx vs za
2026-07-15 06:03:56,633 - server - INFO - SYNC TRY: South Korea(kr) vs Czech Republic(cz) score 2-1
2026-07-15 06:03:57,128 - server - INFO - SYNC NO MATCH: kr vs cz
2026-07-15 06:03:57,147 - server - INFO - SYNC TRY: Canada(ca) vs Bosnia-Herzegovina(ba) score 1-1
2026-07-15 06:03:57,631 - server - INFO - SYNC NO MATCH: ca vs ba
2026-07-15 06:03:57,631 - server - INFO - SYNC TRY: USA(us) vs Paraguay(py) score 4-1
2026-07-15 06:03:58,099 - server - INFO - SYNC NO MATCH: us vs py
2026-07-15 06:03:58,099 - server - INFO - SYNC TRY: Brazil(br) vs Morocco(ma) score 1-1
2026-07-15 06:03:58,554 - server - INFO - SYNC NO MATCH: br vs ma
2026-07-15 06:08:59,533 - httpx - INFO - HTTP Request: GET https://www.thesportsdb.com/api/v1/json/3/eventsseason.php?id=4429&s=2026 "HTTP/1.1 200 OK"
2026-07-15 06:08:59,546 - server - INFO - SYNC TRY: Mexico(mx) vs South Africa(za) score 2-0
2026-07-15 06:09:00,034 - server - INFO - SYNC NO MATCH: mx vs za
2026-07-15 06:09:00,035 - server - INFO - SYNC TRY: South Korea(kr) vs Czech Republic(cz) score 2-1
2026-07-15 06:09:00,552 - server - INFO - SYNC NO MATCH: kr vs cz
2026-07-15 06:09:00,553 - server - INFO - SYNC TRY: Canada(ca) vs Bosnia-Herzegovina(ba) score 1-1
2026-07-15 06:09:01,064 - server - INFO - SYNC NO MATCH: ca vs ba
2026-07-15 06:09:01,064 - server - INFO - SYNC TRY: USA(us) vs Paraguay(py) score 4-1
2026-07-15 06:09:01,560 - server - INFO - SYNC NO MATCH: us vs py
2026-07-15 06:09:01,561 - server - INFO - SYNC TRY: Brazil(br) vs Morocco(ma) score 1-1
2026-07-15 06:09:02,039 - server - INFO - SYNC NO MATCH: br vs ma
2026-07-15 06:14:03,196 - httpx - INFO - HTTP Request: GET https://www.thesportsdb.com/api/v1/json/3/eventsseason.php?id=4429&s=2026 "HTTP/1.1 200 OK"
2026-07-15 06:14:03,206 - server - INFO - SYNC TRY: Mexico(mx) vs South Africa(za) score 2-0
2026-07-15 06:14:03,659 - server - INFO - SYNC NO MATCH: mx vs za
2026-07-15 06:14:03,659 - server - INFO - SYNC TRY: South Korea(kr) vs Czech Republic(cz) score 2-1
2026-07-15 06:14:04,116 - server - INFO - SYNC NO MATCH: kr vs cz
2026-07-15 06:14:04,116 - server - INFO - SYNC TRY: Canada(ca) vs Bosnia-Herzegovina(ba) score 1-1
2026-07-15 06:14:04,585 - server - INFO - SYNC NO MATCH: ca vs ba
2026-07-15 06:14:04,585 - server - INFO - SYNC TRY: USA(us) vs Paraguay(py) score 4-1
2026-07-15 06:14:05,056 - server - INFO - SYNC NO MATCH: us vs py
2026-07-15 06:14:05,057 - server - INFO - SYNC TRY: Brazil(br) vs Morocco(ma) score 1-1
2026-07-15 06:14:05,507 - server - INFO - SYNC NO MATCH: br vs ma
2026-07-15 06:15:42,231 - httpx - INFO - HTTP Request: GET https://www.thesportsdb.com/api/v1/json/3/eventsseason.php?id=4429&s=2026 "HTTP/1.1 200 OK"
2026-07-15 06:15:42,237 - server - INFO - SYNC TRY: Mexico(mx) vs South Africa(za) score 2-0
2026-07-15 06:15:42,694 - server - INFO - SYNC NO MATCH: mx vs za
2026-07-15 06:15:42,694 - server - INFO - SYNC TRY: South Korea(kr) vs Czech Republic(cz) score 2-1
2026-07-15 06:15:43,132 - server - INFO - SYNC NO MATCH: kr vs cz
2026-07-15 06:15:43,133 - server - INFO - SYNC TRY: Canada(ca) vs Bosnia-Herzegovina(ba) score 1-1
2026-07-15 06:15:43,628 - server - INFO - SYNC NO MATCH: ca vs ba
2026-07-15 06:15:43,628 - server - INFO - SYNC TRY: USA(us) vs Paraguay(py) score 4-1
2026-07-15 06:15:44,118 - server - INFO - SYNC NO MATCH: us vs py
2026-07-15 06:15:44,118 - server - INFO - SYNC TRY: Brazil(br) vs Morocco(ma) score 1-1
2026-07-15 06:15:44,576 - server - INFO - SYNC NO MATCH: br vs ma
2026-07-15 06:19:06,545 - httpx - INFO - HTTP Request: GET https://www.thesportsdb.com/api/v1/json/3/eventsseason.php?id=4429&s=2026 "HTTP/1.1 200 OK"
2026-07-15 06:19:06,552 - server - INFO - SYNC TRY: Mexico(mx) vs South Africa(za) score 2-0
2026-07-15 06:19:06,997 - server - INFO - SYNC NO MATCH: mx vs za
2026-07-15 06:19:06,998 - server - INFO - SYNC TRY: South Korea(kr) vs Czech Republic(cz) score 2-1
2026-07-15 06:19:07,501 - server - INFO - SYNC NO MATCH: kr vs cz
2026-07-15 06:19:07,502 - server - INFO - SYNC TRY: Canada(ca) vs Bosnia-Herzegovina(ba) score 1-1
2026-07-15 06:19:08,964 - server - INFO - SYNC NO MATCH: ca vs ba
2026-07-15 06:19:08,965 - server - INFO - SYNC TRY: USA(us) vs Paraguay(py) score 4-1
2026-07-15 06:19:09,436 - server - INFO - SYNC NO MATCH: us vs py
2026-07-15 06:19:09,436 - server - INFO - SYNC TRY: Brazil(br) vs Morocco(ma) score 1-1
2026-07-15 06:19:09,879 - server - INFO - SYNC NO MATCH: br vs ma
2026-07-15 06:24:10,763 - httpx - INFO - HTTP Request: GET https://www.thesportsdb.com/api/v1/json/3/eventsseason.php?id=4429&s=2026 "HTTP/1.1 200 OK"
2026-07-15 06:24:10,777 - server - INFO - SYNC TRY: Mexico(mx) vs South Africa(za) score 2-0
2026-07-15 06:24:11,276 - server - INFO - SYNC NO MATCH: mx vs za
2026-07-15 06:24:11,277 - server - INFO - SYNC TRY: South Korea(kr) vs Czech Republic(cz) score 2-1
2026-07-15 06:24:11,709 - server - INFO - SYNC NO MATCH: kr vs cz
2026-07-15 06:24:11,710 - server - INFO - SYNC TRY: Canada(ca) vs Bosnia-Herzegovina(ba) score 1-1
2026-07-15 06:24:12,160 - server - INFO - SYNC NO MATCH: ca vs ba
2026-07-15 06:24:12,160 - server - INFO - SYNC TRY: USA(us) vs Paraguay(py) score 4-1
2026-07-15 06:24:12,597 - server - INFO - SYNC NO MATCH: us vs py
2026-07-15 06:24:12,598 - server - INFO - SYNC TRY: Brazil(br) vs Morocco(ma) score 1-1
2026-07-15 06:24:13,041 - server - INFO - SYNC NO MATCH: br vs ma
2026-07-15 06:29:14,151 - httpx - INFO - HTTP Request: GET https://www.thesportsdb.com/api/v1/json/3/eventsseason.php?id=4429&s=2026 "HTTP/1.1 200 OK"
2026-07-15 06:29:14,153 - server - INFO - SYNC TRY: Mexico(mx) vs South Africa(za) score 2-0
2026-07-15 06:29:14,680 - server - INFO - SYNC NO MATCH: mx vs za
2026-07-15 06:29:14,680 - server - INFO - SYNC TRY: South Korea(kr) vs Czech Republic(cz) score 2-1
2026-07-15 06:29:15,286 - server - INFO - SYNC NO MATCH: kr vs cz
2026-07-15 06:29:15,287 - server - INFO - SYNC TRY: Canada(ca) vs Bosnia-Herzegovina(ba) score 1-1
2026-07-15 06:29:15,779 - server - INFO - SYNC NO MATCH: ca vs ba
2026-07-15 06:29:15,780 - server - INFO - SYNC TRY: USA(us) vs Paraguay(py) score 4-1
2026-07-15 06:29:16,252 - server - INFO - SYNC NO MATCH: us vs py
2026-07-15 06:29:16,253 - server - INFO - SYNC TRY: Brazil(br) vs Morocco(ma) score 1-1
2026-07-15 06:29:16,761 - server - INFO - SYNC NO MATCH: br vs ma
2026-07-15 06:30:45,401 - httpx - INFO - HTTP Request: GET https://www.thesportsdb.com/api/v1/json/3/eventsseason.php?id=4429&s=2026 "HTTP/1.1 200 OK"
2026-07-15 06:30:45,404 - server - INFO - SYNC TRY: Mexico(mx) vs South Africa(za) score 2-0
2026-07-15 06:30:45,889 - server - INFO - SYNC NO MATCH: mx vs za
2026-07-15 06:30:45,889 - server - INFO - SYNC TRY: South Korea(kr) vs Czech Republic(cz) score 2-1
2026-07-15 06:30:46,336 - server - INFO - SYNC NO MATCH: kr vs cz
2026-07-15 06:30:46,337 - server - INFO - SYNC TRY: Canada(ca) vs Bosnia-Herzegovina(ba) score 1-1
2026-07-15 06:30:46,900 - server - INFO - SYNC NO MATCH: ca vs ba
2026-07-15 06:30:46,901 - server - INFO - SYNC TRY: USA(us) vs Paraguay(py) score 4-1
2026-07-15 06:30:47,343 - server - INFO - SYNC NO MATCH: us vs py
2026-07-15 06:30:47,343 - server - INFO - SYNC TRY: Brazil(br) vs Morocco(ma) score 1-1
2026-07-15 06:30:47,789 - server - INFO - SYNC NO MATCH: br vs ma
2026-07-15 06:34:18,252 - httpx - INFO - HTTP Request: GET https://www.thesportsdb.com/api/v1/json/3/eventsseason.php?id=4429&s=2026 "HTTP/1.1 200 OK"
2026-07-15 06:34:18,263 - server - INFO - SYNC TRY: Mexico(mx) vs South Africa(za) score 2-0
2026-07-15 06:34:18,865 - server - INFO - SYNC NO MATCH: mx vs za
2026-07-15 06:34:18,865 - server - INFO - SYNC TRY: South Korea(kr) vs Czech Republic(cz) score 2-1
2026-07-15 06:34:19,315 - server - INFO - SYNC NO MATCH: kr vs cz
2026-07-15 06:34:19,316 - server - INFO - SYNC TRY: Canada(ca) vs Bosnia-Herzegovina(ba) score 1-1
2026-07-15 06:34:19,763 - server - INFO - SYNC NO MATCH: ca vs ba
2026-07-15 06:34:19,763 - server - INFO - SYNC TRY: USA(us) vs Paraguay(py) score 4-1
2026-07-15 06:34:20,224 - server - INFO - SYNC NO MATCH: us vs py
2026-07-15 06:34:20,225 - server - INFO - SYNC TRY: Brazil(br) vs Morocco(ma) score 1-1
2026-07-15 06:34:20,678 - server - INFO - SYNC NO MATCH: br vs ma
2026-07-15 06:39:21,649 - httpx - INFO - HTTP Request: GET https://www.thesportsdb.com/api/v1/json/3/eventsseason.php?id=4429&s=2026 "HTTP/1.1 200 OK"
2026-07-15 06:39:21,651 - server - INFO - SYNC TRY: Mexico(mx) vs South Africa(za) score 2-0
2026-07-15 06:39:22,086 - server - INFO - SYNC NO MATCH: mx vs za
2026-07-15 06:39:22,087 - server - INFO - SYNC TRY: South Korea(kr) vs Czech Republic(cz) score 2-1
2026-07-15 06:39:22,517 - server - INFO - SYNC NO MATCH: kr vs cz
2026-07-15 06:39:22,518 - server - INFO - SYNC TRY: Canada(ca) vs Bosnia-Herzegovina(ba) score 1-1
2026-07-15 06:39:22,959 - server - INFO - SYNC NO MATCH: ca vs ba
2026-07-15 06:39:22,959 - server - INFO - SYNC TRY: USA(us) vs Paraguay(py) score 4-1
2026-07-15 06:39:23,408 - server - INFO - SYNC NO MATCH: us vs py
2026-07-15 06:39:23,409 - server - INFO - SYNC TRY: Brazil(br) vs Morocco(ma) score 1-1
2026-07-15 06:39:23,938 - server - INFO - SYNC NO MATCH: br vs ma
2026-07-15 06:44:25,089 - httpx - INFO - HTTP Request: GET https://www.thesportsdb.com/api/v1/json/3/eventsseason.php?id=4429&s=2026 "HTTP/1.1 200 OK"
2026-07-15 06:44:25,109 - server - INFO - SYNC TRY: Mexico(mx) vs South Africa(za) score 2-0
2026-07-15 06:44:25,589 - server - INFO - SYNC NO MATCH: mx vs za
2026-07-15 06:44:25,589 - server - INFO - SYNC TRY: South Korea(kr) vs Czech Republic(cz) score 2-1
2026-07-15 06:44:26,093 - server - INFO - SYNC NO MATCH: kr vs cz
2026-07-15 06:44:26,094 - server - INFO - SYNC TRY: Canada(ca) vs Bosnia-Herzegovina(ba) score 1-1
2026-07-15 06:44:26,621 - server - INFO - SYNC NO MATCH: ca vs ba
2026-07-15 06:44:26,622 - server - INFO - SYNC TRY: USA(us) vs Paraguay(py) score 4-1
2026-07-15 06:44:27,107 - server - INFO - SYNC NO MATCH: us vs py
2026-07-15 06:44:27,108 - server - INFO - SYNC TRY: Brazil(br) vs Morocco(ma) score 1-1
2026-07-15 06:44:27,565 - server - INFO - SYNC NO MATCH: br vs ma
2026-07-15 06:45:48,765 - httpx - INFO - HTTP Request: GET https://www.thesportsdb.com/api/v1/json/3/eventsseason.php?id=4429&s=2026 "HTTP/1.1 200 OK"
2026-07-15 06:45:48,787 - server - INFO - SYNC TRY: Mexico(mx) vs South Africa(za) score 2-0
2026-07-15 06:45:49,293 - server - INFO - SYNC NO MATCH: mx vs za
2026-07-15 06:45:49,293 - server - INFO - SYNC TRY: South Korea(kr) vs Czech Republic(cz) score 2-1
2026-07-15 06:45:49,740 - server - INFO - SYNC NO MATCH: kr vs cz
2026-07-15 06:45:49,741 - server - INFO - SYNC TRY: Canada(ca) vs Bosnia-Herzegovina(ba) score 1-1
2026-07-15 06:45:50,201 - server - INFO - SYNC NO MATCH: ca vs ba
2026-07-15 06:45:50,202 - server - INFO - SYNC TRY: USA(us) vs Paraguay(py) score 4-1
2026-07-15 06:45:50,688 - server - INFO - SYNC NO MATCH: us vs py
2026-07-15 06:45:50,688 - server - INFO - SYNC TRY: Brazil(br) vs Morocco(ma) score 1-1
2026-07-15 06:45:51,188 - server - INFO - SYNC NO MATCH: br vs ma
2026-07-15 06:49:28,703 - httpx - INFO - HTTP Request: GET https://www.thesportsdb.com/api/v1/json/3/eventsseason.php?id=4429&s=2026 "HTTP/1.1 200 OK"
2026-07-15 06:49:28,716 - server - INFO - SYNC TRY: Mexico(mx) vs South Africa(za) score 2-0
2026-07-15 06:49:29,347 - server - INFO - SYNC NO MATCH: mx vs za
2026-07-15 06:49:29,347 - server - INFO - SYNC TRY: South Korea(kr) vs Czech Republic(cz) score 2-1
2026-07-15 06:49:29,782 - server - INFO - SYNC NO MATCH: kr vs cz
2026-07-15 06:49:29,782 - server - INFO - SYNC TRY: Canada(ca) vs Bosnia-Herzegovina(ba) score 1-1
2026-07-15 06:49:30,217 - server - INFO - SYNC NO MATCH: ca vs ba
2026-07-15 06:49:30,218 - server - INFO - SYNC TRY: USA(us) vs Paraguay(py) score 4-1
2026-07-15 06:49:30,710 - server - INFO - SYNC NO MATCH: us vs py
2026-07-15 06:49:30,710 - server - INFO - SYNC TRY: Brazil(br) vs Morocco(ma) score 1-1
2026-07-15 06:49:31,207 - server - INFO - SYNC NO MATCH: br vs ma
2026-07-15 06:54:32,382 - httpx - INFO - HTTP Request: GET https://www.thesportsdb.com/api/v1/json/3/eventsseason.php?id=4429&s=2026 "HTTP/1.1 200 OK"
2026-07-15 06:54:32,388 - server - INFO - SYNC TRY: Mexico(mx) vs South Africa(za) score 2-0
2026-07-15 06:54:32,958 - server - INFO - SYNC NO MATCH: mx vs za
2026-07-15 06:54:32,958 - server - INFO - SYNC TRY: South Korea(kr) vs Czech Republic(cz) score 2-1
2026-07-15 06:54:33,686 - server - INFO - SYNC NO MATCH: kr vs cz
2026-07-15 06:54:33,686 - server - INFO - SYNC TRY: Canada(ca) vs Bosnia-Herzegovina(ba) score 1-1
2026-07-15 06:54:34,213 - server - INFO - SYNC NO MATCH: ca vs ba
2026-07-15 06:54:34,214 - server - INFO - SYNC TRY: USA(us) vs Paraguay(py) score 4-1
2026-07-15 06:54:34,726 - server - INFO - SYNC NO MATCH: us vs py
2026-07-15 06:54:34,727 - server - INFO - SYNC TRY: Brazil(br) vs Morocco(ma) score 1-1
2026-07-15 06:54:35,237 - server - INFO - SYNC NO MATCH: br vs ma
2026-07-15 06:59:36,396 - httpx - INFO - HTTP Request: GET https://www.thesportsdb.com/api/v1/json/3/eventsseason.php?id=4429&s=2026 "HTTP/1.1 200 OK"
2026-07-15 06:59:36,407 - server - INFO - SYNC TRY: Mexico(mx) vs South Africa(za) score 2-0
2026-07-15 06:59:36,853 - server - INFO - SYNC NO MATCH: mx vs za
2026-07-15 06:59:36,854 - server - INFO - SYNC TRY: South Korea(kr) vs Czech Republic(cz) score 2-1
2026-07-15 06:59:37,311 - server - INFO - SYNC NO MATCH: kr vs cz
2026-07-15 06:59:37,311 - server - INFO - SYNC TRY: Canada(ca) vs Bosnia-Herzegovina(ba) score 1-1
2026-07-15 06:59:37,758 - server - INFO - SYNC NO MATCH: ca vs ba
2026-07-15 06:59:37,758 - server - INFO - SYNC TRY: USA(us) vs Paraguay(py) score 4-1
2026-07-15 06:59:38,274 - server - INFO - SYNC NO MATCH: us vs py
2026-07-15 06:59:38,275 - server - INFO - SYNC TRY: Brazil(br) vs Morocco(ma) score 1-1
2026-07-15 06:59:38,908 - server - INFO - SYNC NO MATCH: br vs ma
2026-07-15 07:00:52,439 - httpx - INFO - HTTP Request: GET https://www.thesportsdb.com/api/v1/json/3/eventsseason.php?id=4429&s=2026 "HTTP/1.1 200 OK"
2026-07-15 07:00:52,459 - server - INFO - SYNC TRY: Mexico(mx) vs South Africa(za) score 2-0
2026-07-15 07:00:52,926 - server - INFO - SYNC NO MATCH: mx vs za
2026-07-15 07:00:52,927 - server - INFO - SYNC TRY: South Korea(kr) vs Czech Republic(cz) score 2-1
2026-07-15 07:00:53,404 - server - INFO - SYNC NO MATCH: kr vs cz
2026-07-15 07:00:53,404 - server - INFO - SYNC TRY: Canada(ca) vs Bosnia-Herzegovina(ba) score 1-1
2026-07-15 07:00:53,968 - server - INFO - SYNC NO MATCH: ca vs ba
2026-07-15 07:00:53,968 - server - INFO - SYNC TRY: USA(us) vs Paraguay(py) score 4-1
2026-07-15 07:00:54,505 - server - INFO - SYNC NO MATCH: us vs py
2026-07-15 07:00:54,506 - server - INFO - SYNC TRY: Brazil(br) vs Morocco(ma) score 1-1
2026-07-15 07:00:54,942 - server - INFO - SYNC NO MATCH: br vs ma
2026-07-15 07:04:40,089 - httpx - INFO - HTTP Request: GET https://www.thesportsdb.com/api/v1/json/3/eventsseason.php?id=4429&s=2026 "HTTP/1.1 503 Service Unavailable"
2026-07-15 07:04:40,094 - server - WARNING - TheSportsDB fetch failed: Server error '503 Service Unavailable' for url 'https://www.thesportsdb.com/api/v1/json/3/eventsseason.php?id=4429&s=2026'
For more information check: https://developer.mozilla.org/en-US/docs/Web/HTTP/Status/503
2026-07-15 07:09:41,145 - httpx - INFO - HTTP Request: GET https://www.thesportsdb.com/api/v1/json/3/eventsseason.php?id=4429&s=2026 "HTTP/1.1 200 OK"
2026-07-15 07:09:41,149 - server - INFO - SYNC TRY: Mexico(mx) vs South Africa(za) score 2-0
2026-07-15 07:09:41,597 - server - INFO - SYNC NO MATCH: mx vs za
2026-07-15 07:09:41,597 - server - INFO - SYNC TRY: South Korea(kr) vs Czech Republic(cz) score 2-1
2026-07-15 07:09:42,088 - server - INFO - SYNC NO MATCH: kr vs cz
2026-07-15 07:09:42,088 - server - INFO - SYNC TRY: Canada(ca) vs Bosnia-Herzegovina(ba) score 1-1
2026-07-15 07:09:42,539 - server - INFO - SYNC NO MATCH: ca vs ba
2026-07-15 07:09:42,539 - server - INFO - SYNC TRY: USA(us) vs Paraguay(py) score 4-1
2026-07-15 07:09:42,986 - server - INFO - SYNC NO MATCH: us vs py
2026-07-15 07:09:42,986 - server - INFO - SYNC TRY: Brazil(br) vs Morocco(ma) score 1-1
2026-07-15 07:09:43,445 - server - INFO - SYNC NO MATCH: br vs ma
2026-07-15 07:14:44,471 - httpx - INFO - HTTP Request: GET https://www.thesportsdb.com/api/v1/json/3/eventsseason.php?id=4429&s=2026 "HTTP/1.1 200 OK"
2026-07-15 07:14:44,479 - server - INFO - SYNC TRY: Mexico(mx) vs South Africa(za) score 2-0
2026-07-15 07:14:44,905 - server - INFO - SYNC NO MATCH: mx vs za
2026-07-15 07:14:44,909 - server - INFO - SYNC TRY: South Korea(kr) vs Czech Republic(cz) score 2-1
2026-07-15 07:14:45,375 - server - INFO - SYNC NO MATCH: kr vs cz
2026-07-15 07:14:45,376 - server - INFO - SYNC TRY: Canada(ca) vs Bosnia-Herzegovina(ba) score 1-1
2026-07-15 07:14:45,807 - server - INFO - SYNC NO MATCH: ca vs ba
2026-07-15 07:14:45,807 - server - INFO - SYNC TRY: USA(us) vs Paraguay(py) score 4-1
2026-07-15 07:14:46,296 - server - INFO - SYNC NO MATCH: us vs py
2026-07-15 07:14:46,296 - server - INFO - SYNC TRY: Brazil(br) vs Morocco(ma) score 1-1
2026-07-15 07:14:46,745 - server - INFO - SYNC NO MATCH: br vs ma
2026-07-15 07:15:55,773 - httpx - INFO - HTTP Request: GET https://www.thesportsdb.com/api/v1/json/3/eventsseason.php?id=4429&s=2026 "HTTP/1.1 200 OK"
2026-07-15 07:15:55,777 - server - INFO - SYNC TRY: Mexico(mx) vs South Africa(za) score 2-0
2026-07-15 07:15:56,228 - server - INFO - SYNC NO MATCH: mx vs za
2026-07-15 07:15:56,229 - server - INFO - SYNC TRY: South Korea(kr) vs Czech Republic(cz) score 2-1
2026-07-15 07:15:56,692 - server - INFO - SYNC NO MATCH: kr vs cz
2026-07-15 07:15:56,692 - server - INFO - SYNC TRY: Canada(ca) vs Bosnia-Herzegovina(ba) score 1-1
2026-07-15 07:15:57,147 - server - INFO - SYNC NO MATCH: ca vs ba
2026-07-15 07:15:57,147 - server - INFO - SYNC TRY: USA(us) vs Paraguay(py) score 4-1
2026-07-15 07:15:57,590 - server - INFO - SYNC NO MATCH: us vs py
2026-07-15 07:15:57,590 - server - INFO - SYNC TRY: Brazil(br) vs Morocco(ma) score 1-1
2026-07-15 07:15:58,030 - server - INFO - SYNC NO MATCH: br vs ma
2026-07-15 07:19:47,610 - httpx - INFO - HTTP Request: GET https://www.thesportsdb.com/api/v1/json/3/eventsseason.php?id=4429&s=2026 "HTTP/1.1 200 OK"
2026-07-15 07:19:47,621 - server - INFO - SYNC TRY: Mexico(mx) vs South Africa(za) score 2-0
2026-07-15 07:19:48,065 - server - INFO - SYNC NO MATCH: mx vs za
2026-07-15 07:19:48,066 - server - INFO - SYNC TRY: South Korea(kr) vs Czech Republic(cz) score 2-1
2026-07-15 07:19:48,550 - server - INFO - SYNC NO MATCH: kr vs cz
2026-07-15 07:19:48,551 - server - INFO - SYNC TRY: Canada(ca) vs Bosnia-Herzegovina(ba) score 1-1
2026-07-15 07:19:49,020 - server - INFO - SYNC NO MATCH: ca vs ba
2026-07-15 07:19:49,021 - server - INFO - SYNC TRY: USA(us) vs Paraguay(py) score 4-1
2026-07-15 07:19:49,464 - server - INFO - SYNC NO MATCH: us vs py
2026-07-15 07:19:49,465 - server - INFO - SYNC TRY: Brazil(br) vs Morocco(ma) score 1-1
2026-07-15 07:19:49,900 - server - INFO - SYNC NO MATCH: br vs ma
2026-07-15 07:24:50,965 - httpx - INFO - HTTP Request: GET https://www.thesportsdb.com/api/v1/json/3/eventsseason.php?id=4429&s=2026 "HTTP/1.1 200 OK"
2026-07-15 07:24:50,974 - server - INFO - SYNC TRY: Mexico(mx) vs South Africa(za) score 2-0
2026-07-15 07:24:51,456 - server - INFO - SYNC NO MATCH: mx vs za
2026-07-15 07:24:51,456 - server - INFO - SYNC TRY: South Korea(kr) vs Czech Republic(cz) score 2-1
2026-07-15 07:24:51,983 - server - INFO - SYNC NO MATCH: kr vs cz
2026-07-15 07:24:51,983 - server - INFO - SYNC TRY: Canada(ca) vs Bosnia-Herzegovina(ba) score 1-1
2026-07-15 07:24:52,422 - server - INFO - SYNC NO MATCH: ca vs ba
2026-07-15 07:24:52,422 - server - INFO - SYNC TRY: USA(us) vs Paraguay(py) score 4-1
2026-07-15 07:24:52,872 - server - INFO - SYNC NO MATCH: us vs py
2026-07-15 07:24:52,873 - server - INFO - SYNC TRY: Brazil(br) vs Morocco(ma) score 1-1
2026-07-15 07:24:53,313 - server - INFO - SYNC NO MATCH: br vs ma
2026-07-15 07:29:54,866 - httpx - INFO - HTTP Request: GET https://www.thesportsdb.com/api/v1/json/3/eventsseason.php?id=4429&s=2026 "HTTP/1.1 200 OK"
2026-07-15 07:29:54,871 - server - INFO - SYNC TRY: Mexico(mx) vs South Africa(za) score 2-0
2026-07-15 07:29:55,325 - server - INFO - SYNC NO MATCH: mx vs za
2026-07-15 07:29:55,325 - server - INFO - SYNC TRY: South Korea(kr) vs Czech Republic(cz) score 2-1
2026-07-15 07:29:55,778 - server - INFO - SYNC NO MATCH: kr vs cz
2026-07-15 07:29:55,778 - server - INFO - SYNC TRY: Canada(ca) vs Bosnia-Herzegovina(ba) score 1-1
2026-07-15 07:29:56,266 - server - INFO - SYNC NO MATCH: ca vs ba
2026-07-15 07:29:56,266 - server - INFO - SYNC TRY: USA(us) vs Paraguay(py) score 4-1
2026-07-15 07:29:56,741 - server - INFO - SYNC NO MATCH: us vs py
2026-07-15 07:29:56,741 - server - INFO - SYNC TRY: Brazil(br) vs Morocco(ma) score 1-1
2026-07-15 07:29:57,192 - server - INFO - SYNC NO MATCH: br vs ma
2026-07-15 07:30:58,995 - httpx - INFO - HTTP Request: GET https://www.thesportsdb.com/api/v1/json/3/eventsseason.php?id=4429&s=2026 "HTTP/1.1 200 OK"
2026-07-15 07:30:59,089 - server - INFO - SYNC TRY: Mexico(mx) vs South Africa(za) score 2-0
2026-07-15 07:30:59,556 - server - INFO - SYNC NO MATCH: mx vs za
2026-07-15 07:30:59,557 - server - INFO - SYNC TRY: South Korea(kr) vs Czech Republic(cz) score 2-1
2026-07-15 07:31:00,045 - server - INFO - SYNC NO MATCH: kr vs cz
2026-07-15 07:31:00,046 - server - INFO - SYNC TRY: Canada(ca) vs Bosnia-Herzegovina(ba) score 1-1
2026-07-15 07:31:00,848 - server - INFO - SYNC NO MATCH: ca vs ba
2026-07-15 07:31:00,848 - server - INFO - SYNC TRY: USA(us) vs Paraguay(py) score 4-1
2026-07-15 07:31:01,289 - server - INFO - SYNC NO MATCH: us vs py
2026-07-15 07:31:01,290 - server - INFO - SYNC TRY: Brazil(br) vs Morocco(ma) score 1-1
2026-07-15 07:31:01,769 - server - INFO - SYNC NO MATCH: br vs ma
2026-07-15 07:34:58,125 - httpx - INFO - HTTP Request: GET https://www.thesportsdb.com/api/v1/json/3/eventsseason.php?id=4429&s=2026 "HTTP/1.1 200 OK"
2026-07-15 07:34:58,130 - server - INFO - SYNC TRY: Mexico(mx) vs South Africa(za) score 2-0
2026-07-15 07:34:58,559 - server - INFO - SYNC NO MATCH: mx vs za
2026-07-15 07:34:58,559 - server - INFO - SYNC TRY: South Korea(kr) vs Czech Republic(cz) score 2-1
2026-07-15 07:34:59,014 - server - INFO - SYNC NO MATCH: kr vs cz
2026-07-15 07:34:59,015 - server - INFO - SYNC TRY: Canada(ca) vs Bosnia-Herzegovina(ba) score 1-1
2026-07-15 07:34:59,492 - server - INFO - SYNC NO MATCH: ca vs ba
2026-07-15 07:34:59,492 - server - INFO - SYNC TRY: USA(us) vs Paraguay(py) score 4-1
2026-07-15 07:34:59,940 - server - INFO - SYNC NO MATCH: us vs py
2026-07-15 07:34:59,941 - server - INFO - SYNC TRY: Brazil(br) vs Morocco(ma) score 1-1
2026-07-15 07:35:00,447 - server - INFO - SYNC NO MATCH: br vs ma
2026-07-15 07:40:01,459 - httpx - INFO - HTTP Request: GET https://www.thesportsdb.com/api/v1/json/3/eventsseason.php?id=4429&s=2026 "HTTP/1.1 200 OK"
2026-07-15 07:40:01,477 - server - INFO - SYNC TRY: Mexico(mx) vs South Africa(za) score 2-0
2026-07-15 07:40:01,915 - server - INFO - SYNC NO MATCH: mx vs za
2026-07-15 07:40:01,916 - server - INFO - SYNC TRY: South Korea(kr) vs Czech Republic(cz) score 2-1
2026-07-15 07:40:02,366 - server - INFO - SYNC NO MATCH: kr vs cz
2026-07-15 07:40:02,368 - server - INFO - SYNC TRY: Canada(ca) vs Bosnia-Herzegovina(ba) score 1-1
2026-07-15 07:40:02,818 - server - INFO - SYNC NO MATCH: ca vs ba
2026-07-15 07:40:02,818 - server - INFO - SYNC TRY: USA(us) vs Paraguay(py) score 4-1
2026-07-15 07:40:03,265 - server - INFO - SYNC NO MATCH: us vs py
2026-07-15 07:40:03,266 - server - INFO - SYNC TRY: Brazil(br) vs Morocco(ma) score 1-1
2026-07-15 07:40:03,748 - server - INFO - SYNC NO MATCH: br vs ma
2026-07-15 07:45:04,995 - httpx - INFO - HTTP Request: GET https://www.thesportsdb.com/api/v1/json/3/eventsseason.php?id=4429&s=2026 "HTTP/1.1 200 OK"
2026-07-15 07:45:05,014 - server - INFO - SYNC TRY: Mexico(mx) vs South Africa(za) score 2-0
2026-07-15 07:45:05,479 - server - INFO - SYNC NO MATCH: mx vs za
2026-07-15 07:45:05,479 - server - INFO - SYNC TRY: South Korea(kr) vs Czech Republic(cz) score 2-1
2026-07-15 07:45:05,971 - server - INFO - SYNC NO MATCH: kr vs cz
2026-07-15 07:45:05,972 - server - INFO - SYNC TRY: Canada(ca) vs Bosnia-Herzegovina(ba) score 1-1
2026-07-15 07:45:06,421 - server - INFO - SYNC NO MATCH: ca vs ba
2026-07-15 07:45:06,421 - server - INFO - SYNC TRY: USA(us) vs Paraguay(py) score 4-1
2026-07-15 07:45:06,899 - server - INFO - SYNC NO MATCH: us vs py
2026-07-15 07:45:06,900 - server - INFO - SYNC TRY: Brazil(br) vs Morocco(ma) score 1-1
2026-07-15 07:45:07,390 - server - INFO - SYNC NO MATCH: br vs ma
2026-07-15 07:46:02,620 - httpx - INFO - HTTP Request: GET https://www.thesportsdb.com/api/v1/json/3/eventsseason.php?id=4429&s=2026 "HTTP/1.1 200 OK"
2026-07-15 07:46:02,625 - server - INFO - SYNC TRY: Mexico(mx) vs South Africa(za) score 2-0
2026-07-15 07:46:03,071 - server - INFO - SYNC NO MATCH: mx vs za
2026-07-15 07:46:03,072 - server - INFO - SYNC TRY: South Korea(kr) vs Czech Republic(cz) score 2-1
2026-07-15 07:46:03,548 - server - INFO - SYNC NO MATCH: kr vs cz
2026-07-15 07:46:03,549 - server - INFO - SYNC TRY: Canada(ca) vs Bosnia-Herzegovina(ba) score 1-1
2026-07-15 07:46:04,022 - server - INFO - SYNC NO MATCH: ca vs ba
2026-07-15 07:46:04,023 - server - INFO - SYNC TRY: USA(us) vs Paraguay(py) score 4-1
2026-07-15 07:46:04,472 - server - INFO - SYNC NO MATCH: us vs py
2026-07-15 07:46:04,473 - server - INFO - SYNC TRY: Brazil(br) vs Morocco(ma) score 1-1
2026-07-15 07:46:04,917 - server - INFO - SYNC NO MATCH: br vs ma
2026-07-15 07:50:08,461 - httpx - INFO - HTTP Request: GET https://www.thesportsdb.com/api/v1/json/3/eventsseason.php?id=4429&s=2026 "HTTP/1.1 200 OK"
2026-07-15 07:50:08,467 - server - INFO - SYNC TRY: Mexico(mx) vs South Africa(za) score 2-0
2026-07-15 07:50:08,934 - server - INFO - SYNC NO MATCH: mx vs za
2026-07-15 07:50:08,934 - server - INFO - SYNC TRY: South Korea(kr) vs Czech Republic(cz) score 2-1
2026-07-15 07:50:09,379 - server - INFO - SYNC NO MATCH: kr vs cz
2026-07-15 07:50:09,379 - server - INFO - SYNC TRY: Canada(ca) vs Bosnia-Herzegovina(ba) score 1-1
2026-07-15 07:50:09,823 - server - INFO - SYNC NO MATCH: ca vs ba
2026-07-15 07:50:09,824 - server - INFO - SYNC TRY: USA(us) vs Paraguay(py) score 4-1
2026-07-15 07:50:10,244 - server - INFO - SYNC NO MATCH: us vs py
2026-07-15 07:50:10,244 - server - INFO - SYNC TRY: Brazil(br) vs Morocco(ma) score 1-1
2026-07-15 07:50:10,678 - server - INFO - SYNC NO MATCH: br vs ma
2026-07-15 07:55:11,873 - httpx - INFO - HTTP Request: GET https://www.thesportsdb.com/api/v1/json/3/eventsseason.php?id=4429&s=2026 "HTTP/1.1 200 OK"
2026-07-15 07:55:11,877 - server - INFO - SYNC TRY: Mexico(mx) vs South Africa(za) score 2-0
2026-07-15 07:55:12,313 - server - INFO - SYNC NO MATCH: mx vs za
2026-07-15 07:55:12,314 - server - INFO - SYNC TRY: South Korea(kr) vs Czech Republic(cz) score 2-1
2026-07-15 07:55:12,754 - server - INFO - SYNC NO MATCH: kr vs cz
2026-07-15 07:55:12,755 - server - INFO - SYNC TRY: Canada(ca) vs Bosnia-Herzegovina(ba) score 1-1
2026-07-15 07:55:13,225 - server - INFO - SYNC NO MATCH: ca vs ba
2026-07-15 07:55:13,225 - server - INFO - SYNC TRY: USA(us) vs Paraguay(py) score 4-1
2026-07-15 07:55:13,703 - server - INFO - SYNC NO MATCH: us vs py
2026-07-15 07:55:13,704 - server - INFO - SYNC TRY: Brazil(br) vs Morocco(ma) score 1-1
2026-07-15 07:55:14,150 - server - INFO - SYNC NO MATCH: br vs ma
2026-07-15 08:00:15,405 - httpx - INFO - HTTP Request: GET https://www.thesportsdb.com/api/v1/json/3/eventsseason.php?id=4429&s=2026 "HTTP/1.1 200 OK"
2026-07-15 08:00:15,415 - server - INFO - SYNC TRY: Mexico(mx) vs South Africa(za) score 2-0
2026-07-15 08:00:15,822 - server - INFO - SYNC NO MATCH: mx vs za
2026-07-15 08:00:15,823 - server - INFO - SYNC TRY: South Korea(kr) vs Czech Republic(cz) score 2-1
2026-07-15 08:00:16,300 - server - INFO - SYNC NO MATCH: kr vs cz
2026-07-15 08:00:16,301 - server - INFO - SYNC TRY: Canada(ca) vs Bosnia-Herzegovina(ba) score 1-1
2026-07-15 08:00:16,721 - server - INFO - SYNC NO MATCH: ca vs ba
2026-07-15 08:00:16,721 - server - INFO - SYNC TRY: USA(us) vs Paraguay(py) score 4-1
2026-07-15 08:00:17,157 - server - INFO - SYNC NO MATCH: us vs py
2026-07-15 08:00:17,158 - server - INFO - SYNC TRY: Brazil(br) vs Morocco(ma) score 1-1
2026-07-15 08:00:17,631 - server - INFO - SYNC NO MATCH: br vs ma
2026-07-15 08:01:05,929 - httpx - INFO - HTTP Request: GET https://www.thesportsdb.com/api/v1/json/3/eventsseason.php?id=4429&s=2026 "HTTP/1.1 200 OK"
2026-07-15 08:01:05,939 - server - INFO - SYNC TRY: Mexico(mx) vs South Africa(za) score 2-0
2026-07-15 08:01:06,360 - server - INFO - SYNC NO MATCH: mx vs za
2026-07-15 08:01:06,361 - server - INFO - SYNC TRY: South Korea(kr) vs Czech Republic(cz) score 2-1
2026-07-15 08:01:06,790 - server - INFO - SYNC NO MATCH: kr vs cz
2026-07-15 08:01:06,790 - server - INFO - SYNC TRY: Canada(ca) vs Bosnia-Herzegovina(ba) score 1-1
2026-07-15 08:01:07,218 - server - INFO - SYNC NO MATCH: ca vs ba
2026-07-15 08:01:07,219 - server - INFO - SYNC TRY: USA(us) vs Paraguay(py) score 4-1
2026-07-15 08:01:07,635 - server - INFO - SYNC NO MATCH: us vs py
2026-07-15 08:01:07,635 - server - INFO - SYNC TRY: Brazil(br) vs Morocco(ma) score 1-1
2026-07-15 08:01:08,065 - server - INFO - SYNC NO MATCH: br vs ma
2026-07-15 08:05:18,890 - httpx - INFO - HTTP Request: GET https://www.thesportsdb.com/api/v1/json/3/eventsseason.php?id=4429&s=2026 "HTTP/1.1 200 OK"
2026-07-15 08:05:18,901 - server - INFO - SYNC TRY: Mexico(mx) vs South Africa(za) score 2-0
2026-07-15 08:05:19,324 - server - INFO - SYNC NO MATCH: mx vs za
2026-07-15 08:05:19,325 - server - INFO - SYNC TRY: South Korea(kr) vs Czech Republic(cz) score 2-1
2026-07-15 08:05:19,754 - server - INFO - SYNC NO MATCH: kr vs cz
2026-07-15 08:05:19,755 - server - INFO - SYNC TRY: Canada(ca) vs Bosnia-Herzegovina(ba) score 1-1
2026-07-15 08:05:20,192 - server - INFO - SYNC NO MATCH: ca vs ba
2026-07-15 08:05:20,192 - server - INFO - SYNC TRY: USA(us) vs Paraguay(py) score 4-1
2026-07-15 08:05:20,648 - server - INFO - SYNC NO MATCH: us vs py
2026-07-15 08:05:20,649 - server - INFO - SYNC TRY: Brazil(br) vs Morocco(ma) score 1-1
2026-07-15 08:05:21,953 - server - INFO - SYNC NO MATCH: br vs ma
2026-07-15 08:10:23,008 - httpx - INFO - HTTP Request: GET https://www.thesportsdb.com/api/v1/json/3/eventsseason.php?id=4429&s=2026 "HTTP/1.1 200 OK"
2026-07-15 08:10:23,016 - server - INFO - SYNC TRY: Mexico(mx) vs South Africa(za) score 2-0
2026-07-15 08:10:23,437 - server - INFO - SYNC NO MATCH: mx vs za
2026-07-15 08:10:23,438 - server - INFO - SYNC TRY: South Korea(kr) vs Czech Republic(cz) score 2-1
2026-07-15 08:10:23,854 - server - INFO - SYNC NO MATCH: kr vs cz
2026-07-15 08:10:23,855 - server - INFO - SYNC TRY: Canada(ca) vs Bosnia-Herzegovina(ba) score 1-1
2026-07-15 08:10:24,278 - server - INFO - SYNC NO MATCH: ca vs ba
2026-07-15 08:10:24,278 - server - INFO - SYNC TRY: USA(us) vs Paraguay(py) score 4-1
2026-07-15 08:10:24,749 - server - INFO - SYNC NO MATCH: us vs py
2026-07-15 08:10:24,750 - server - INFO - SYNC TRY: Brazil(br) vs Morocco(ma) score 1-1
2026-07-15 08:10:25,184 - server - INFO - SYNC NO MATCH: br vs ma
2026-07-15 08:15:26,227 - httpx - INFO - HTTP Request: GET https://www.thesportsdb.com/api/v1/json/3/eventsseason.php?id=4429&s=2026 "HTTP/1.1 200 OK"
2026-07-15 08:15:26,244 - server - INFO - SYNC TRY: Mexico(mx) vs South Africa(za) score 2-0
2026-07-15 08:15:26,666 - server - INFO - SYNC NO MATCH: mx vs za
2026-07-15 08:15:26,666 - server - INFO - SYNC TRY: South Korea(kr) vs Czech Republic(cz) score 2-1
2026-07-15 08:15:27,092 - server - INFO - SYNC NO MATCH: kr vs cz
2026-07-15 08:15:27,092 - server - INFO - SYNC TRY: Canada(ca) vs Bosnia-Herzegovina(ba) score 1-1
2026-07-15 08:15:27,501 - server - INFO - SYNC NO MATCH: ca vs ba
2026-07-15 08:15:27,502 - server - INFO - SYNC TRY: USA(us) vs Paraguay(py) score 4-1
2026-07-15 08:15:27,949 - server - INFO - SYNC NO MATCH: us vs py
2026-07-15 08:15:27,950 - server - INFO - SYNC TRY: Brazil(br) vs Morocco(ma) score 1-1
2026-07-15 08:15:28,415 - server - INFO - SYNC NO MATCH: br vs ma
2026-07-15 08:16:08,864 - httpx - INFO - HTTP Request: GET https://www.thesportsdb.com/api/v1/json/3/eventsseason.php?id=4429&s=2026 "HTTP/1.1 200 OK"
2026-07-15 08:16:08,870 - server - INFO - SYNC TRY: Mexico(mx) vs South Africa(za) score 2-0
2026-07-15 08:16:09,308 - server - INFO - SYNC NO MATCH: mx vs za
2026-07-15 08:16:09,308 - server - INFO - SYNC TRY: South Korea(kr) vs Czech Republic(cz) score 2-1
2026-07-15 08:16:09,737 - server - INFO - SYNC NO MATCH: kr vs cz
2026-07-15 08:16:09,737 - server - INFO - SYNC TRY: Canada(ca) vs Bosnia-Herzegovina(ba) score 1-1
2026-07-15 08:16:10,210 - server - INFO - SYNC NO MATCH: ca vs ba
2026-07-15 08:16:10,211 - server - INFO - SYNC TRY: USA(us) vs Paraguay(py) score 4-1
2026-07-15 08:16:10,621 - server - INFO - SYNC NO MATCH: us vs py
2026-07-15 08:16:10,621 - server - INFO - SYNC TRY: Brazil(br) vs Morocco(ma) score 1-1
2026-07-15 08:16:11,035 - server - INFO - SYNC NO MATCH: br vs ma
2026-07-15 08:20:29,669 - httpx - INFO - HTTP Request: GET https://www.thesportsdb.com/api/v1/json/3/eventsseason.php?id=4429&s=2026 "HTTP/1.1 200 OK"
2026-07-15 08:20:29,683 - server - INFO - SYNC TRY: Mexico(mx) vs South Africa(za) score 2-0
2026-07-15 08:20:30,128 - server - INFO - SYNC NO MATCH: mx vs za
2026-07-15 08:20:30,129 - server - INFO - SYNC TRY: South Korea(kr) vs Czech Republic(cz) score 2-1
2026-07-15 08:20:30,643 - server - INFO - SYNC NO MATCH: kr vs cz
2026-07-15 08:20:30,644 - server - INFO - SYNC TRY: Canada(ca) vs Bosnia-Herzegovina(ba) score 1-1
2026-07-15 08:20:31,080 - server - INFO - SYNC NO MATCH: ca vs ba
2026-07-15 08:20:31,080 - server - INFO - SYNC TRY: USA(us) vs Paraguay(py) score 4-1
2026-07-15 08:20:31,514 - server - INFO - SYNC NO MATCH: us vs py
2026-07-15 08:20:31,515 - server - INFO - SYNC TRY: Brazil(br) vs Morocco(ma) score 1-1
2026-07-15 08:20:31,959 - server - INFO - SYNC NO MATCH: br vs ma
2026-07-15 08:25:33,172 - httpx - INFO - HTTP Request: GET https://www.thesportsdb.com/api/v1/json/3/eventsseason.php?id=4429&s=2026 "HTTP/1.1 200 OK"
2026-07-15 08:25:33,207 - server - INFO - SYNC TRY: Mexico(mx) vs South Africa(za) score 2-0
2026-07-15 08:25:33,646 - server - INFO - SYNC NO MATCH: mx vs za
2026-07-15 08:25:33,646 - server - INFO - SYNC TRY: South Korea(kr) vs Czech Republic(cz) score 2-1
2026-07-15 08:25:34,071 - server - INFO - SYNC NO MATCH: kr vs cz
2026-07-15 08:25:34,071 - server - INFO - SYNC TRY: Canada(ca) vs Bosnia-Herzegovina(ba) score 1-1
2026-07-15 08:25:34,483 - server - INFO - SYNC NO MATCH: ca vs ba
2026-07-15 08:25:34,484 - server - INFO - SYNC TRY: USA(us) vs Paraguay(py) score 4-1
2026-07-15 08:25:34,947 - server - INFO - SYNC NO MATCH: us vs py
2026-07-15 08:25:34,948 - server - INFO - SYNC TRY: Brazil(br) vs Morocco(ma) score 1-1
2026-07-15 08:25:35,394 - server - INFO - SYNC NO MATCH: br vs ma
2026-07-15 08:30:36,667 - httpx - INFO - HTTP Request: GET https://www.thesportsdb.com/api/v1/json/3/eventsseason.php?id=4429&s=2026 "HTTP/1.1 200 OK"
2026-07-15 08:30:36,673 - server - INFO - SYNC TRY: Mexico(mx) vs South Africa(za) score 2-0
2026-07-15 08:30:37,099 - server - INFO - SYNC NO MATCH: mx vs za
2026-07-15 08:30:37,100 - server - INFO - SYNC TRY: South Korea(kr) vs Czech Republic(cz) score 2-1
2026-07-15 08:30:37,523 - server - INFO - SYNC NO MATCH: kr vs cz
2026-07-15 08:30:37,526 - server - INFO - SYNC TRY: Canada(ca) vs Bosnia-Herzegovina(ba) score 1-1
2026-07-15 08:30:37,961 - server - INFO - SYNC NO MATCH: ca vs ba
2026-07-15 08:30:37,962 - server - INFO - SYNC TRY: USA(us) vs Paraguay(py) score 4-1
2026-07-15 08:30:38,384 - server - INFO - SYNC NO MATCH: us vs py
2026-07-15 08:30:38,385 - server - INFO - SYNC TRY: Brazil(br) vs Morocco(ma) score 1-1
2026-07-15 08:30:38,901 - server - INFO - SYNC NO MATCH: br vs ma
2026-07-15 08:31:11,873 - httpx - INFO - HTTP Request: GET https://www.thesportsdb.com/api/v1/json/3/eventsseason.php?id=4429&s=2026 "HTTP/1.1 200 OK"
2026-07-15 08:31:11,888 - server - INFO - SYNC TRY: Mexico(mx) vs South Africa(za) score 2-0
2026-07-15 08:31:12,300 - server - INFO - SYNC NO MATCH: mx vs za
2026-07-15 08:31:12,300 - server - INFO - SYNC TRY: South Korea(kr) vs Czech Republic(cz) score 2-1
2026-07-15 08:31:12,738 - server - INFO - SYNC NO MATCH: kr vs cz
2026-07-15 08:31:12,738 - server - INFO - SYNC TRY: Canada(ca) vs Bosnia-Herzegovina(ba) score 1-1
2026-07-15 08:31:13,199 - server - INFO - SYNC NO MATCH: ca vs ba
2026-07-15 08:31:13,199 - server - INFO - SYNC TRY: USA(us) vs Paraguay(py) score 4-1
2026-07-15 08:31:13,650 - server - INFO - SYNC NO MATCH: us vs py
2026-07-15 08:31:13,651 - server - INFO - SYNC TRY: Brazil(br) vs Morocco(ma) score 1-1
2026-07-15 08:31:14,065 - server - INFO - SYNC NO MATCH: br vs ma
2026-07-15 08:35:39,978 - httpx - INFO - HTTP Request: GET https://www.thesportsdb.com/api/v1/json/3/eventsseason.php?id=4429&s=2026 "HTTP/1.1 200 OK"
2026-07-15 08:35:39,980 - server - INFO - SYNC TRY: Mexico(mx) vs South Africa(za) score 2-0
2026-07-15 08:35:40,408 - server - INFO - SYNC NO MATCH: mx vs za
2026-07-15 08:35:40,408 - server - INFO - SYNC TRY: South Korea(kr) vs Czech Republic(cz) score 2-1
2026-07-15 08:35:40,846 - server - INFO - SYNC NO MATCH: kr vs cz
2026-07-15 08:35:40,846 - server - INFO - SYNC TRY: Canada(ca) vs Bosnia-Herzegovina(ba) score 1-1
2026-07-15 08:35:41,276 - server - INFO - SYNC NO MATCH: ca vs ba
2026-07-15 08:35:41,277 - server - INFO - SYNC TRY: USA(us) vs Paraguay(py) score 4-1
2026-07-15 08:35:41,714 - server - INFO - SYNC NO MATCH: us vs py
2026-07-15 08:35:41,715 - server - INFO - SYNC TRY: Brazil(br) vs Morocco(ma) score 1-1
2026-07-15 08:35:42,159 - server - INFO - SYNC NO MATCH: br vs ma
2026-07-15 08:40:43,170 - httpx - INFO - HTTP Request: GET https://www.thesportsdb.com/api/v1/json/3/eventsseason.php?id=4429&s=2026 "HTTP/1.1 200 OK"
2026-07-15 08:40:43,178 - server - INFO - SYNC TRY: Mexico(mx) vs South Africa(za) score 2-0
2026-07-15 08:40:43,590 - server - INFO - SYNC NO MATCH: mx vs za
2026-07-15 08:40:43,591 - server - INFO - SYNC TRY: South Korea(kr) vs Czech Republic(cz) score 2-1
2026-07-15 08:40:44,007 - server - INFO - SYNC NO MATCH: kr vs cz
2026-07-15 08:40:44,012 - server - INFO - SYNC TRY: Canada(ca) vs Bosnia-Herzegovina(ba) score 1-1
2026-07-15 08:40:44,429 - server - INFO - SYNC NO MATCH: ca vs ba
2026-07-15 08:40:44,430 - server - INFO - SYNC TRY: USA(us) vs Paraguay(py) score 4-1
2026-07-15 08:40:44,851 - server - INFO - SYNC NO MATCH: us vs py
2026-07-15 08:40:44,852 - server - INFO - SYNC TRY: Brazil(br) vs Morocco(ma) score 1-1
2026-07-15 08:40:45,279 - server - INFO - SYNC NO MATCH: br vs ma
2026-07-15 08:45:46,230 - httpx - INFO - HTTP Request: GET https://www.thesportsdb.com/api/v1/json/3/eventsseason.php?id=4429&s=2026 "HTTP/1.1 200 OK"
2026-07-15 08:45:46,233 - server - INFO - SYNC TRY: Mexico(mx) vs South Africa(za) score 2-0
2026-07-15 08:45:46,645 - server - INFO - SYNC NO MATCH: mx vs za
2026-07-15 08:45:46,646 - server - INFO - SYNC TRY: South Korea(kr) vs Czech Republic(cz) score 2-1
2026-07-15 08:45:47,088 - server - INFO - SYNC NO MATCH: kr vs cz
2026-07-15 08:45:47,089 - server - INFO - SYNC TRY: Canada(ca) vs Bosnia-Herzegovina(ba) score 1-1
2026-07-15 08:45:47,518 - server - INFO - SYNC NO MATCH: ca vs ba
2026-07-15 08:45:47,518 - server - INFO - SYNC TRY: USA(us) vs Paraguay(py) score 4-1
2026-07-15 08:45:47,982 - server - INFO - SYNC NO MATCH: us vs py
2026-07-15 08:45:47,982 - server - INFO - SYNC TRY: Brazil(br) vs Morocco(ma) score 1-1
2026-07-15 08:45:48,406 - server - INFO - SYNC NO MATCH: br vs ma
2026-07-15 08:46:14,712 - httpx - INFO - HTTP Request: GET https://www.thesportsdb.com/api/v1/json/3/eventsseason.php?id=4429&s=2026 "HTTP/1.1 200 OK"
2026-07-15 08:46:14,714 - server - INFO - SYNC TRY: Mexico(mx) vs South Africa(za) score 2-0
2026-07-15 08:46:15,127 - server - INFO - SYNC NO MATCH: mx vs za
2026-07-15 08:46:15,128 - server - INFO - SYNC TRY: South Korea(kr) vs Czech Republic(cz) score 2-1
2026-07-15 08:46:15,549 - server - INFO - SYNC NO MATCH: kr vs cz
2026-07-15 08:46:15,550 - server - INFO - SYNC TRY: Canada(ca) vs Bosnia-Herzegovina(ba) score 1-1
2026-07-15 08:46:16,024 - server - INFO - SYNC NO MATCH: ca vs ba
2026-07-15 08:46:16,025 - server - INFO - SYNC TRY: USA(us) vs Paraguay(py) score 4-1
2026-07-15 08:46:16,453 - server - INFO - SYNC NO MATCH: us vs py
2026-07-15 08:46:16,454 - server - INFO - SYNC TRY: Brazil(br) vs Morocco(ma) score 1-1
2026-07-15 08:46:16,902 - server - INFO - SYNC NO MATCH: br vs ma
2026-07-15 08:50:49,435 - httpx - INFO - HTTP Request: GET https://www.thesportsdb.com/api/v1/json/3/eventsseason.php?id=4429&s=2026 "HTTP/1.1 200 OK"
2026-07-15 08:50:49,440 - server - INFO - SYNC TRY: Mexico(mx) vs South Africa(za) score 2-0
2026-07-15 08:50:49,864 - server - INFO - SYNC NO MATCH: mx vs za
2026-07-15 08:50:49,864 - server - INFO - SYNC TRY: South Korea(kr) vs Czech Republic(cz) score 2-1
2026-07-15 08:50:50,296 - server - INFO - SYNC NO MATCH: kr vs cz
2026-07-15 08:50:50,297 - server - INFO - SYNC TRY: Canada(ca) vs Bosnia-Herzegovina(ba) score 1-1
2026-07-15 08:50:50,740 - server - INFO - SYNC NO MATCH: ca vs ba
2026-07-15 08:50:50,740 - server - INFO - SYNC TRY: USA(us) vs Paraguay(py) score 4-1
2026-07-15 08:50:51,203 - server - INFO - SYNC NO MATCH: us vs py
2026-07-15 08:50:51,203 - server - INFO - SYNC TRY: Brazil(br) vs Morocco(ma) score 1-1
2026-07-15 08:50:51,654 - server - INFO - SYNC NO MATCH: br vs ma
2026-07-15 08:55:52,805 - httpx - INFO - HTTP Request: GET https://www.thesportsdb.com/api/v1/json/3/eventsseason.php?id=4429&s=2026 "HTTP/1.1 200 OK"
2026-07-15 08:55:52,808 - server - INFO - SYNC TRY: Mexico(mx) vs South Africa(za) score 2-0
2026-07-15 08:55:53,273 - server - INFO - SYNC NO MATCH: mx vs za
2026-07-15 08:55:53,273 - server - INFO - SYNC TRY: South Korea(kr) vs Czech Republic(cz) score 2-1
2026-07-15 08:55:53,713 - server - INFO - SYNC NO MATCH: kr vs cz
2026-07-15 08:55:53,714 - server - INFO - SYNC TRY: Canada(ca) vs Bosnia-Herzegovina(ba) score 1-1
2026-07-15 08:55:54,167 - server - INFO - SYNC NO MATCH: ca vs ba
2026-07-15 08:55:54,168 - server - INFO - SYNC TRY: USA(us) vs Paraguay(py) score 4-1
2026-07-15 08:55:54,601 - server - INFO - SYNC NO MATCH: us vs py
2026-07-15 08:55:54,602 - server - INFO - SYNC TRY: Brazil(br) vs Morocco(ma) score 1-1
2026-07-15 08:55:55,058 - server - INFO - SYNC NO MATCH: br vs ma
2026-07-15 09:00:56,074 - httpx - INFO - HTTP Request: GET https://www.thesportsdb.com/api/v1/json/3/eventsseason.php?id=4429&s=2026 "HTTP/1.1 200 OK"
2026-07-15 09:00:56,087 - server - INFO - SYNC TRY: Mexico(mx) vs South Africa(za) score 2-0
2026-07-15 09:00:56,530 - server - INFO - SYNC NO MATCH: mx vs za
2026-07-15 09:00:56,530 - server - INFO - SYNC TRY: South Korea(kr) vs Czech Republic(cz) score 2-1
2026-07-15 09:00:56,986 - server - INFO - SYNC NO MATCH: kr vs cz
2026-07-15 09:00:56,987 - server - INFO - SYNC TRY: Canada(ca) vs Bosnia-Herzegovina(ba) score 1-1
2026-07-15 09:00:57,463 - server - INFO - SYNC NO MATCH: ca vs ba
2026-07-15 09:00:57,463 - server - INFO - SYNC TRY: USA(us) vs Paraguay(py) score 4-1
2026-07-15 09:00:57,929 - server - INFO - SYNC NO MATCH: us vs py
2026-07-15 09:00:57,930 - server - INFO - SYNC TRY: Brazil(br) vs Morocco(ma) score 1-1
2026-07-15 09:00:58,420 - server - INFO - SYNC NO MATCH: br vs ma
2026-07-15 09:01:17,965 - httpx - INFO - HTTP Request: GET https://www.thesportsdb.com/api/v1/json/3/eventsseason.php?id=4429&s=2026 "HTTP/1.1 200 OK"
2026-07-15 09:01:17,972 - server - INFO - SYNC TRY: Mexico(mx) vs South Africa(za) score 2-0
2026-07-15 09:01:18,414 - server - INFO - SYNC NO MATCH: mx vs za
2026-07-15 09:01:18,415 - server - INFO - SYNC TRY: South Korea(kr) vs Czech Republic(cz) score 2-1
2026-07-15 09:01:18,841 - server - INFO - SYNC NO MATCH: kr vs cz
2026-07-15 09:01:18,842 - server - INFO - SYNC TRY: Canada(ca) vs Bosnia-Herzegovina(ba) score 1-1
2026-07-15 09:01:19,707 - server - INFO - SYNC NO MATCH: ca vs ba
2026-07-15 09:01:19,707 - server - INFO - SYNC TRY: USA(us) vs Paraguay(py) score 4-1
2026-07-15 09:01:20,151 - server - INFO - SYNC NO MATCH: us vs py
2026-07-15 09:01:20,153 - server - INFO - SYNC TRY: Brazil(br) vs Morocco(ma) score 1-1
2026-07-15 09:01:20,591 - server - INFO - SYNC NO MATCH: br vs ma
2026-07-15 09:05:59,720 - httpx - INFO - HTTP Request: GET https://www.thesportsdb.com/api/v1/json/3/eventsseason.php?id=4429&s=2026 "HTTP/1.1 200 OK"
2026-07-15 09:05:59,722 - server - INFO - SYNC TRY: Mexico(mx) vs South Africa(za) score 2-0
2026-07-15 09:06:00,225 - server - INFO - SYNC NO MATCH: mx vs za
2026-07-15 09:06:00,225 - server - INFO - SYNC TRY: South Korea(kr) vs Czech Republic(cz) score 2-1
2026-07-15 09:06:01,113 - server - INFO - SYNC NO MATCH: kr vs cz
2026-07-15 09:06:01,114 - server - INFO - SYNC TRY: Canada(ca) vs Bosnia-Herzegovina(ba) score 1-1
2026-07-15 09:06:01,534 - server - INFO - SYNC NO MATCH: ca vs ba
2026-07-15 09:06:01,534 - server - INFO - SYNC TRY: USA(us) vs Paraguay(py) score 4-1
2026-07-15 09:06:01,964 - server - INFO - SYNC NO MATCH: us vs py
2026-07-15 09:06:01,964 - server - INFO - SYNC TRY: Brazil(br) vs Morocco(ma) score 1-1
2026-07-15 09:06:02,383 - server - INFO - SYNC NO MATCH: br vs ma
2026-07-15 12:04:23,477 - server - WARNING - TheSportsDB fetch failed: [Errno 7] No address associated with hostname
2026-07-15 12:04:53,451 - server - WARNING - Auto match reminders loop failed: ac-razqnti-shard-00-02.d3vgxxq.mongodb.net:27017: [Errno 7] No address associated with hostname (configured timeouts: socketTimeoutMS: 20000.0ms, connectTimeoutMS: 20000.0ms),ac-razqnti-shard-00-00.d3vgxxq.mongodb.net:27017: [Errno 7] No address associated with hostname (configured timeouts: socketTimeoutMS: 20000.0ms, connectTimeoutMS: 20000.0ms),ac-razqnti-shard-00-01.d3vgxxq.mongodb.net:27017: [Errno 7] No address associated with hostname (configured timeouts: socketTimeoutMS: 20000.0ms, connectTimeoutMS: 20000.0ms), Timeout: 30s, Topology Description: <TopologyDescription id: 6a56c057e25220c97e5b857a, topology_type: ReplicaSetNoPrimary, servers: [<ServerDescription ('ac-razqnti-shard-00-00.d3vgxxq.mongodb.net', 27017) server_type: Unknown, rtt: None, error=AutoReconnect('ac-razqnti-shard-00-00.d3vgxxq.mongodb.net:27017: [Errno 7] No address associated with hostname (configured timeouts: socketTimeoutMS: 20000.0ms, connectTimeoutMS: 20000.0ms)')>, <ServerDescription ('ac-razqnti-shard-00-01.d3vgxxq.mongodb.net', 27017) server_type: Unknown, rtt: None, error=AutoReconnect('ac-razqnti-shard-00-01.d3vgxxq.mongodb.net:27017: [Errno 7] No address associated with hostname (configured timeouts: socketTimeoutMS: 20000.0ms, connectTimeoutMS: 20000.0ms)')>, <ServerDescription ('ac-razqnti-shard-00-02.d3vgxxq.mongodb.net', 27017) server_type: Unknown, rtt: None, error=AutoReconnect('ac-razqnti-shard-00-02.d3vgxxq.mongodb.net:27017: [Errno 7] No address associated with hostname (configured timeouts: socketTimeoutMS: 20000.0ms, connectTimeoutMS: 20000.0ms)')>]>
2026-07-15 12:04:53,953 - server - WARNING - Auto sync loop failed: ac-razqnti-shard-00-02.d3vgxxq.mongodb.net:27017: [Errno 7] No address associated with hostname (configured timeouts: socketTimeoutMS: 20000.0ms, connectTimeoutMS: 20000.0ms),ac-razqnti-shard-00-00.d3vgxxq.mongodb.net:27017: [Errno 7] No address associated with hostname (configured timeouts: socketTimeoutMS: 20000.0ms, connectTimeoutMS: 20000.0ms),ac-razqnti-shard-00-01.d3vgxxq.mongodb.net:27017: [Errno 7] No address associated with hostname (configured timeouts: socketTimeoutMS: 20000.0ms, connectTimeoutMS: 20000.0ms), Timeout: 30s, Topology Description: <TopologyDescription id: 6a56c057e25220c97e5b857a, topology_type: ReplicaSetNoPrimary, servers: [<ServerDescription ('ac-razqnti-shard-00-00.d3vgxxq.mongodb.net', 27017) server_type: Unknown, rtt: None, error=AutoReconnect('ac-razqnti-shard-00-00.d3vgxxq.mongodb.net:27017: [Errno 7] No address associated with hostname (configured timeouts: socketTimeoutMS: 20000.0ms, connectTimeoutMS: 20000.0ms)')>, <ServerDescription ('ac-razqnti-shard-00-01.d3vgxxq.mongodb.net', 27017) server_type: Unknown, rtt: None, error=AutoReconnect('ac-razqnti-shard-00-01.d3vgxxq.mongodb.net:27017: [Errno 7] No address associated with hostname (configured timeouts: socketTimeoutMS: 20000.0ms, connectTimeoutMS: 20000.0ms)')>, <ServerDescription ('ac-razqnti-shard-00-02.d3vgxxq.mongodb.net', 27017) server_type: Unknown, rtt: None, error=AutoReconnect('ac-razqnti-shard-00-02.d3vgxxq.mongodb.net:27017: [Errno 7] No address associated with hostname (configured timeouts: socketTimeoutMS: 20000.0ms, connectTimeoutMS: 20000.0ms)')>]>
2026-07-15 12:04:53,964 - server - WARNING - Auto API-Football sync loop failed: ac-razqnti-shard-00-02.d3vgxxq.mongodb.net:27017: [Errno 7] No address associated with hostname (configured timeouts: socketTimeoutMS: 20000.0ms, connectTimeoutMS: 20000.0ms),ac-razqnti-shard-00-00.d3vgxxq.mongodb.net:27017: [Errno 7] No address associated with hostname (configured timeouts: socketTimeoutMS: 20000.0ms, connectTimeoutMS: 20000.0ms),ac-razqnti-shard-00-01.d3vgxxq.mongodb.net:27017: [Errno 7] No address associated with hostname (configured timeouts: socketTimeoutMS: 20000.0ms, connectTimeoutMS: 20000.0ms), Timeout: 30s, Topology Description: <TopologyDescription id: 6a56c057e25220c97e5b857a, topology_type: ReplicaSetNoPrimary, servers: [<ServerDescription ('ac-razqnti-shard-00-00.d3vgxxq.mongodb.net', 27017) server_type: Unknown, rtt: None, error=AutoReconnect('ac-razqnti-shard-00-00.d3vgxxq.mongodb.net:27017: [Errno 7] No address associated with hostname (configured timeouts: socketTimeoutMS: 20000.0ms, connectTimeoutMS: 20000.0ms)')>, <ServerDescription ('ac-razqnti-shard-00-01.d3vgxxq.mongodb.net', 27017) server_type: Unknown, rtt: None, error=AutoReconnect('ac-razqnti-shard-00-01.d3vgxxq.mongodb.net:27017: [Errno 7] No address associated with hostname (configured timeouts: socketTimeoutMS: 20000.0ms, connectTimeoutMS: 20000.0ms)')>, <ServerDescription ('ac-razqnti-shard-00-02.d3vgxxq.mongodb.net', 27017) server_type: Unknown, rtt: None, error=AutoReconnect('ac-razqnti-shard-00-02.d3vgxxq.mongodb.net:27017: [Errno 7] No address associated with hostname (configured timeouts: socketTimeoutMS: 20000.0ms, connectTimeoutMS: 20000.0ms)')>]>
2026-07-15 12:08:26,137 - server - WARNING - Auto match reminders loop failed: ac-razqnti-shard-00-02.d3vgxxq.mongodb.net:27017: [Errno 7] No address associated with hostname (configured timeouts: socketTimeoutMS: 20000.0ms, connectTimeoutMS: 20000.0ms),ac-razqnti-shard-00-00.d3vgxxq.mongodb.net:27017: [Errno 7] No address associated with hostname (configured timeouts: socketTimeoutMS: 20000.0ms, connectTimeoutMS: 20000.0ms),ac-razqnti-shard-00-01.d3vgxxq.mongodb.net:27017: [Errno 7] No address associated with hostname (configured timeouts: socketTimeoutMS: 20000.0ms, connectTimeoutMS: 20000.0ms), Timeout: 30s, Topology Description: <TopologyDescription id: 6a56c057e25220c97e5b857a, topology_type: ReplicaSetNoPrimary, servers: [<ServerDescription ('ac-razqnti-shard-00-00.d3vgxxq.mongodb.net', 27017) server_type: Unknown, rtt: None, error=AutoReconnect('ac-razqnti-shard-00-00.d3vgxxq.mongodb.net:27017: [Errno 7] No address associated with hostname (configured timeouts: socketTimeoutMS: 20000.0ms, connectTimeoutMS: 20000.0ms)')>, <ServerDescription ('ac-razqnti-shard-00-01.d3vgxxq.mongodb.net', 27017) server_type: Unknown, rtt: None, error=AutoReconnect('ac-razqnti-shard-00-01.d3vgxxq.mongodb.net:27017: [Errno 7] No address associated with hostname (configured timeouts: socketTimeoutMS: 20000.0ms, connectTimeoutMS: 20000.0ms)')>, <ServerDescription ('ac-razqnti-shard-00-02.d3vgxxq.mongodb.net', 27017) server_type: Unknown, rtt: None, error=AutoReconnect('ac-razqnti-shard-00-02.d3vgxxq.mongodb.net:27017: [Errno 7] No address associated with hostname (configured timeouts: socketTimeoutMS: 20000.0ms, connectTimeoutMS: 20000.0ms)')>]>
2026-07-15 12:08:45,001 - server - WARNING - TheSportsDB fetch failed: [Errno 7] No address associated with hostname
2026-07-15 12:09:15,446 - server - ERROR - auto_sync_loop iteration error: ac-razqnti-shard-00-02.d3vgxxq.mongodb.net:27017: [Errno 7] No address associated with hostname (configured timeouts: socketTimeoutMS: 20000.0ms, connectTimeoutMS: 20000.0ms),ac-razqnti-shard-00-00.d3vgxxq.mongodb.net:27017: [Errno 7] No address associated with hostname (configured timeouts: socketTimeoutMS: 20000.0ms, connectTimeoutMS: 20000.0ms),ac-razqnti-shard-00-01.d3vgxxq.mongodb.net:27017: [Errno 7] No address associated with hostname (configured timeouts: socketTimeoutMS: 20000.0ms, connectTimeoutMS: 20000.0ms), Timeout: 30s, Topology Description: <TopologyDescription id: 6a56c057e25220c97e5b857a, topology_type: ReplicaSetNoPrimary, servers: [<ServerDescription ('ac-razqnti-shard-00-00.d3vgxxq.mongodb.net', 27017) server_type: Unknown, rtt: None, error=AutoReconnect('ac-razqnti-shard-00-00.d3vgxxq.mongodb.net:27017: [Errno 7] No address associated with hostname (configured timeouts: socketTimeoutMS: 20000.0ms, connectTimeoutMS: 20000.0ms)')>, <ServerDescription ('ac-razqnti-shard-00-01.d3vgxxq.mongodb.net', 27017) server_type: Unknown, rtt: None, error=AutoReconnect('ac-razqnti-shard-00-01.d3vgxxq.mongodb.net:27017: [Errno 7] No address associated with hostname (configured timeouts: socketTimeoutMS: 20000.0ms, connectTimeoutMS: 20000.0ms)')>, <ServerDescription ('ac-razqnti-shard-00-02.d3vgxxq.mongodb.net', 27017) server_type: Unknown, rtt: None, error=AutoReconnect('ac-razqnti-shard-00-02.d3vgxxq.mongodb.net:27017: [Errno 7] No address associated with hostname (configured timeouts: socketTimeoutMS: 20000.0ms, connectTimeoutMS: 20000.0ms)')>]>
2026-07-15 12:09:54,003 - server - WARNING - TheSportsDB fetch failed: [Errno 7] No address associated with hostname
2026-07-15 12:09:56,220 - server - WARNING - Auto match reminders loop failed: ac-razqnti-shard-00-02.d3vgxxq.mongodb.net:27017: [Errno 7] No address associated with hostname (configured timeouts: socketTimeoutMS: 20000.0ms, connectTimeoutMS: 20000.0ms),ac-razqnti-shard-00-00.d3vgxxq.mongodb.net:27017: [Errno 7] No address associated with hostname (configured timeouts: socketTimeoutMS: 20000.0ms, connectTimeoutMS: 20000.0ms),ac-razqnti-shard-00-01.d3vgxxq.mongodb.net:27017: [Errno 7] No address associated with hostname (configured timeouts: socketTimeoutMS: 20000.0ms, connectTimeoutMS: 20000.0ms), Timeout: 30s, Topology Description: <TopologyDescription id: 6a56c057e25220c97e5b857a, topology_type: ReplicaSetNoPrimary, servers: [<ServerDescription ('ac-razqnti-shard-00-00.d3vgxxq.mongodb.net', 27017) server_type: Unknown, rtt: None, error=AutoReconnect('ac-razqnti-shard-00-00.d3vgxxq.mongodb.net:27017: [Errno 7] No address associated with hostname (configured timeouts: socketTimeoutMS: 20000.0ms, connectTimeoutMS: 20000.0ms)')>, <ServerDescription ('ac-razqnti-shard-00-01.d3vgxxq.mongodb.net', 27017) server_type: Unknown, rtt: None, error=AutoReconnect('ac-razqnti-shard-00-01.d3vgxxq.mongodb.net:27017: [Errno 7] No address associated with hostname (configured timeouts: socketTimeoutMS: 20000.0ms, connectTimeoutMS: 20000.0ms)')>, <ServerDescription ('ac-razqnti-shard-00-02.d3vgxxq.mongodb.net', 27017) server_type: Unknown, rtt: None, error=AutoReconnect('ac-razqnti-shard-00-02.d3vgxxq.mongodb.net:27017: [Errno 7] No address associated with hostname (configured timeouts: socketTimeoutMS: 20000.0ms, connectTimeoutMS: 20000.0ms)')>]>
2026-07-15 12:31:01,827 - server - WARNING - Auto API-Football sync loop failed: ac-razqnti-shard-00-02.d3vgxxq.mongodb.net:27017: [Errno 7] No address associated with hostname (configured timeouts: socketTimeoutMS: 20000.0ms, connectTimeoutMS: 20000.0ms),ac-razqnti-shard-00-00.d3vgxxq.mongodb.net:27017: [Errno 7] No address associated with hostname (configured timeouts: socketTimeoutMS: 20000.0ms, connectTimeoutMS: 20000.0ms),ac-razqnti-shard-00-01.d3vgxxq.mongodb.net:27017: [Errno 7] No address associated with hostname (configured timeouts: socketTimeoutMS: 20000.0ms, connectTimeoutMS: 20000.0ms), Timeout: 30s, Topology Description: <TopologyDescription id: 6a56c057e25220c97e5b857a, topology_type: ReplicaSetNoPrimary, servers: [<ServerDescription ('ac-razqnti-shard-00-00.d3vgxxq.mongodb.net', 27017) server_type: Unknown, rtt: None, error=AutoReconnect('ac-razqnti-shard-00-00.d3vgxxq.mongodb.net:27017: [Errno 7] No address associated with hostname (configured timeouts: socketTimeoutMS: 20000.0ms, connectTimeoutMS: 20000.0ms)')>, <ServerDescription ('ac-razqnti-shard-00-01.d3vgxxq.mongodb.net', 27017) server_type: Unknown, rtt: None, error=AutoReconnect('ac-razqnti-shard-00-01.d3vgxxq.mongodb.net:27017: [Errno 7] No address associated with hostname (configured timeouts: socketTimeoutMS: 20000.0ms, connectTimeoutMS: 20000.0ms)')>, <ServerDescription ('ac-razqnti-shard-00-02.d3vgxxq.mongodb.net', 27017) server_type: Unknown, rtt: None, error=AutoReconnect('ac-razqnti-shard-00-02.d3vgxxq.mongodb.net:27017: [Errno 7] No address associated with hostname (configured timeouts: socketTimeoutMS: 20000.0ms, connectTimeoutMS: 20000.0ms)')>]>
2026-07-15 12:31:01,830 - server - WARNING - Auto sync loop failed: ac-razqnti-shard-00-02.d3vgxxq.mongodb.net:27017: [Errno 7] No address associated with hostname (configured timeouts: socketTimeoutMS: 20000.0ms, connectTimeoutMS: 20000.0ms),ac-razqnti-shard-00-00.d3vgxxq.mongodb.net:27017: [Errno 7] No address associated with hostname (configured timeouts: socketTimeoutMS: 20000.0ms, connectTimeoutMS: 20000.0ms),ac-razqnti-shard-00-01.d3vgxxq.mongodb.net:27017: [Errno 7] No address associated with hostname (configured timeouts: socketTimeoutMS: 20000.0ms, connectTimeoutMS: 20000.0ms), Timeout: 30s, Topology Description: <TopologyDescription id: 6a56c057e25220c97e5b857a, topology_type: ReplicaSetNoPrimary, servers: [<ServerDescription ('ac-razqnti-shard-00-00.d3vgxxq.mongodb.net', 27017) server_type: Unknown, rtt: None, error=AutoReconnect('ac-razqnti-shard-00-00.d3vgxxq.mongodb.net:27017: [Errno 7] No address associated with hostname (configured timeouts: socketTimeoutMS: 20000.0ms, connectTimeoutMS: 20000.0ms)')>, <ServerDescription ('ac-razqnti-shard-00-01.d3vgxxq.mongodb.net', 27017) server_type: Unknown, rtt: None, error=AutoReconnect('ac-razqnti-shard-00-01.d3vgxxq.mongodb.net:27017: [Errno 7] No address associated with hostname (configured timeouts: socketTimeoutMS: 20000.0ms, connectTimeoutMS: 20000.0ms)')>, <ServerDescription ('ac-razqnti-shard-00-02.d3vgxxq.mongodb.net', 27017) server_type: Unknown, rtt: None, error=AutoReconnect('ac-razqnti-shard-00-02.d3vgxxq.mongodb.net:27017: [Errno 7] No address associated with hostname (configured timeouts: socketTimeoutMS: 20000.0ms, connectTimeoutMS: 20000.0ms)')>]>
2026-07-15 12:31:56,992 - server - WARNING - Auto match reminders loop failed: ac-razqnti-shard-00-02.d3vgxxq.mongodb.net:27017: [Errno 7] No address associated with hostname (configured timeouts: socketTimeoutMS: 20000.0ms, connectTimeoutMS: 20000.0ms),ac-razqnti-shard-00-00.d3vgxxq.mongodb.net:27017: [Errno 7] No address associated with hostname (configured timeouts: socketTimeoutMS: 20000.0ms, connectTimeoutMS: 20000.0ms),ac-razqnti-shard-00-01.d3vgxxq.mongodb.net:27017: [Errno 7] No address associated with hostname (configured timeouts: socketTimeoutMS: 20000.0ms, connectTimeoutMS: 20000.0ms), Timeout: 30s, Topology Description: <TopologyDescription id: 6a56c057e25220c97e5b857a, topology_type: ReplicaSetNoPrimary, servers: [<ServerDescription ('ac-razqnti-shard-00-00.d3vgxxq.mongodb.net', 27017) server_type: Unknown, rtt: None, error=AutoReconnect('ac-razqnti-shard-00-00.d3vgxxq.mongodb.net:27017: [Errno 7] No address associated with hostname (configured timeouts: socketTimeoutMS: 20000.0ms, connectTimeoutMS: 20000.0ms)')>, <ServerDescription ('ac-razqnti-shard-00-01.d3vgxxq.mongodb.net', 27017) server_type: Unknown, rtt: None, error=AutoReconnect('ac-razqnti-shard-00-01.d3vgxxq.mongodb.net:27017: [Errno 7] No address associated with hostname (configured timeouts: socketTimeoutMS: 20000.0ms, connectTimeoutMS: 20000.0ms)')>, <ServerDescription ('ac-razqnti-shard-00-02.d3vgxxq.mongodb.net', 27017) server_type: Unknown, rtt: None, error=AutoReconnect('ac-razqnti-shard-00-02.d3vgxxq.mongodb.net:27017: [Errno 7] No address associated with hostname (configured timeouts: socketTimeoutMS: 20000.0ms, connectTimeoutMS: 20000.0ms)')>]>
2026-07-15 12:33:27,331 - server - WARNING - Auto match reminders loop failed: ac-razqnti-shard-00-02.d3vgxxq.mongodb.net:27017: [Errno 7] No address associated with hostname (configured timeouts: socketTimeoutMS: 20000.0ms, connectTimeoutMS: 20000.0ms),ac-razqnti-shard-00-00.d3vgxxq.mongodb.net:27017: [Errno 7] No address associated with hostname (configured timeouts: socketTimeoutMS: 20000.0ms, connectTimeoutMS: 20000.0ms),ac-razqnti-shard-00-01.d3vgxxq.mongodb.net:27017: [Errno 7] No address associated with hostname (configured timeouts: socketTimeoutMS: 20000.0ms, connectTimeoutMS: 20000.0ms), Timeout: 30s, Topology Description: <TopologyDescription id: 6a56c057e25220c97e5b857a, topology_type: ReplicaSetNoPrimary, servers: [<ServerDescription ('ac-razqnti-shard-00-00.d3vgxxq.mongodb.net', 27017) server_type: Unknown, rtt: None, error=AutoReconnect('ac-razqnti-shard-00-00.d3vgxxq.mongodb.net:27017: [Errno 7] No address associated with hostname (configured timeouts: socketTimeoutMS: 20000.0ms, connectTimeoutMS: 20000.0ms)')>, <ServerDescription ('ac-razqnti-shard-00-01.d3vgxxq.mongodb.net', 27017) server_type: Unknown, rtt: None, error=AutoReconnect('ac-razqnti-shard-00-01.d3vgxxq.mongodb.net:27017: [Errno 7] No address associated with hostname (configured timeouts: socketTimeoutMS: 20000.0ms, connectTimeoutMS: 20000.0ms)')>, <ServerDescription ('ac-razqnti-shard-00-02.d3vgxxq.mongodb.net', 27017) server_type: Unknown, rtt: None, error=AutoReconnect('ac-razqnti-shard-00-02.d3vgxxq.mongodb.net:27017: [Errno 7] No address associated with hostname (configured timeouts: socketTimeoutMS: 20000.0ms, connectTimeoutMS: 20000.0ms)')>]>
2026-07-15 12:36:01,875 - server - WARNING - TheSportsDB fetch failed: [Errno 7] No address associated with hostname
2026-07-15 12:36:03,638 - server - WARNING - Auto match reminders loop failed: ac-razqnti-shard-00-02.d3vgxxq.mongodb.net:27017: [Errno 7] No address associated with hostname (configured timeouts: socketTimeoutMS: 20000.0ms, connectTimeoutMS: 20000.0ms),ac-razqnti-shard-00-00.d3vgxxq.mongodb.net:27017: [Errno 7] No address associated with hostname (configured timeouts: socketTimeoutMS: 20000.0ms, connectTimeoutMS: 20000.0ms),ac-razqnti-shard-00-01.d3vgxxq.mongodb.net:27017: [Errno 7] No address associated with hostname (configured timeouts: socketTimeoutMS: 20000.0ms, connectTimeoutMS: 20000.0ms), Timeout: 30s, Topology Description: <TopologyDescription id: 6a56c057e25220c97e5b857a, topology_type: ReplicaSetNoPrimary, servers: [<ServerDescription ('ac-razqnti-shard-00-00.d3vgxxq.mongodb.net', 27017) server_type: Unknown, rtt: None, error=AutoReconnect('ac-razqnti-shard-00-00.d3vgxxq.mongodb.net:27017: [Errno 7] No address associated with hostname (configured timeouts: socketTimeoutMS: 20000.0ms, connectTimeoutMS: 20000.0ms)')>, <ServerDescription ('ac-razqnti-shard-00-01.d3vgxxq.mongodb.net', 27017) server_type: Unknown, rtt: None, error=AutoReconnect('ac-razqnti-shard-00-01.d3vgxxq.mongodb.net:27017: [Errno 7] No address associated with hostname (configured timeouts: socketTimeoutMS: 20000.0ms, connectTimeoutMS: 20000.0ms)')>, <ServerDescription ('ac-razqnti-shard-00-02.d3vgxxq.mongodb.net', 27017) server_type: Unknown, rtt: None, error=AutoReconnect('ac-razqnti-shard-00-02.d3vgxxq.mongodb.net:27017: [Errno 7] No address associated with hostname (configured timeouts: socketTimeoutMS: 20000.0ms, connectTimeoutMS: 20000.0ms)')>]>
2026-07-15 12:36:31,903 - server - WARNING - Auto sync loop failed: ac-razqnti-shard-00-02.d3vgxxq.mongodb.net:27017: [Errno 7] No address associated with hostname (configured timeouts: socketTimeoutMS: 20000.0ms, connectTimeoutMS: 20000.0ms),ac-razqnti-shard-00-00.d3vgxxq.mongodb.net:27017: [Errno 7] No address associated with hostname (configured timeouts: socketTimeoutMS: 20000.0ms, connectTimeoutMS: 20000.0ms),ac-razqnti-shard-00-01.d3vgxxq.mongodb.net:27017: [Errno 7] No address associated with hostname (configured timeouts: socketTimeoutMS: 20000.0ms, connectTimeoutMS: 20000.0ms), Timeout: 30s, Topology Description: <TopologyDescription id: 6a56c057e25220c97e5b857a, topology_type: ReplicaSetNoPrimary, servers: [<ServerDescription ('ac-razqnti-shard-00-00.d3vgxxq.mongodb.net', 27017) server_type: Unknown, rtt: None, error=AutoReconnect('ac-razqnti-shard-00-00.d3vgxxq.mongodb.net:27017: [Errno 7] No address associated with hostname (configured timeouts: socketTimeoutMS: 20000.0ms, connectTimeoutMS: 20000.0ms)')>, <ServerDescription ('ac-razqnti-shard-00-01.d3vgxxq.mongodb.net', 27017) server_type: Unknown, rtt: None, error=AutoReconnect('ac-razqnti-shard-00-01.d3vgxxq.mongodb.net:27017: [Errno 7] No address associated with hostname (configured timeouts: socketTimeoutMS: 20000.0ms, connectTimeoutMS: 20000.0ms)')>, <ServerDescription ('ac-razqnti-shard-00-02.d3vgxxq.mongodb.net', 27017) server_type: Unknown, rtt: None, error=AutoReconnect('ac-razqnti-shard-00-02.d3vgxxq.mongodb.net:27017: [Errno 7] No address associated with hostname (configured timeouts: socketTimeoutMS: 20000.0ms, connectTimeoutMS: 20000.0ms)')>]>
2026-07-15 12:36:31,913 - server - WARNING - Auto API-Football sync loop failed: ac-razqnti-shard-00-02.d3vgxxq.mongodb.net:27017: [Errno 7] No address associated with hostname (configured timeouts: socketTimeoutMS: 20000.0ms, connectTimeoutMS: 20000.0ms),ac-razqnti-shard-00-00.d3vgxxq.mongodb.net:27017: [Errno 7] No address associated with hostname (configured timeouts: socketTimeoutMS: 20000.0ms, connectTimeoutMS: 20000.0ms),ac-razqnti-shard-00-01.d3vgxxq.mongodb.net:27017: [Errno 7] No address associated with hostname (configured timeouts: socketTimeoutMS: 20000.0ms, connectTimeoutMS: 20000.0ms), Timeout: 30s, Topology Description: <TopologyDescription id: 6a56c057e25220c97e5b857a, topology_type: ReplicaSetNoPrimary, servers: [<ServerDescription ('ac-razqnti-shard-00-00.d3vgxxq.mongodb.net', 27017) server_type: Unknown, rtt: None, error=AutoReconnect('ac-razqnti-shard-00-00.d3vgxxq.mongodb.net:27017: [Errno 7] No address associated with hostname (configured timeouts: socketTimeoutMS: 20000.0ms, connectTimeoutMS: 20000.0ms)')>, <ServerDescription ('ac-razqnti-shard-00-01.d3vgxxq.mongodb.net', 27017) server_type: Unknown, rtt: None, error=AutoReconnect('ac-razqnti-shard-00-01.d3vgxxq.mongodb.net:27017: [Errno 7] No address associated with hostname (configured timeouts: socketTimeoutMS: 20000.0ms, connectTimeoutMS: 20000.0ms)')>, <ServerDescription ('ac-razqnti-shard-00-02.d3vgxxq.mongodb.net', 27017) server_type: Unknown, rtt: None, error=AutoReconnect('ac-razqnti-shard-00-02.d3vgxxq.mongodb.net:27017: [Errno 7] No address associated with hostname (configured timeouts: socketTimeoutMS: 20000.0ms, connectTimeoutMS: 20000.0ms)')>]>
2026-07-15 12:37:33,740 - server - WARNING - Auto match reminders loop failed: ac-razqnti-shard-00-02.d3vgxxq.mongodb.net:27017: [Errno 7] No address associated with hostname (configured timeouts: socketTimeoutMS: 20000.0ms, connectTimeoutMS: 20000.0ms),ac-razqnti-shard-00-00.d3vgxxq.mongodb.net:27017: [Errno 7] No address associated with hostname (configured timeouts: socketTimeoutMS: 20000.0ms, connectTimeoutMS: 20000.0ms),ac-razqnti-shard-00-01.d3vgxxq.mongodb.net:27017: [Errno 7] No address associated with hostname (configured timeouts: socketTimeoutMS: 20000.0ms, connectTimeoutMS: 20000.0ms), Timeout: 30s, Topology Description: <TopologyDescription id: 6a56c057e25220c97e5b857a, topology_type: ReplicaSetNoPrimary, servers: [<ServerDescription ('ac-razqnti-shard-00-00.d3vgxxq.mongodb.net', 27017) server_type: Unknown, rtt: None, error=AutoReconnect('ac-razqnti-shard-00-00.d3vgxxq.mongodb.net:27017: [Errno 7] No address associated with hostname (configured timeouts: socketTimeoutMS: 20000.0ms, connectTimeoutMS: 20000.0ms)')>, <ServerDescription ('ac-razqnti-shard-00-01.d3vgxxq.mongodb.net', 27017) server_type: Unknown, rtt: None, error=AutoReconnect('ac-razqnti-shard-00-01.d3vgxxq.mongodb.net:27017: [Errno 7] No address associated with hostname (configured timeouts: socketTimeoutMS: 20000.0ms, connectTimeoutMS: 20000.0ms)')>, <ServerDescription ('ac-razqnti-shard-00-02.d3vgxxq.mongodb.net', 27017) server_type: Unknown, rtt: None, error=AutoReconnect('ac-razqnti-shard-00-02.d3vgxxq.mongodb.net:27017: [Errno 7] No address associated with hostname (configured timeouts: socketTimeoutMS: 20000.0ms, connectTimeoutMS: 20000.0ms)')>]>
2026-07-15 12:39:04,077 - server - WARNING - Auto match reminders loop failed: ac-razqnti-shard-00-02.d3vgxxq.mongodb.net:27017: [Errno 7] No address associated with hostname (configured timeouts: socketTimeoutMS: 20000.0ms, connectTimeoutMS: 20000.0ms),ac-razqnti-shard-00-00.d3vgxxq.mongodb.net:27017: [Errno 7] No address associated with hostname (configured timeouts: socketTimeoutMS: 20000.0ms, connectTimeoutMS: 20000.0ms),ac-razqnti-shard-00-01.d3vgxxq.mongodb.net:27017: [Errno 7] No address associated with hostname (configured timeouts: socketTimeoutMS: 20000.0ms, connectTimeoutMS: 20000.0ms), Timeout: 30s, Topology Description: <TopologyDescription id: 6a56c057e25220c97e5b857a, topology_type: ReplicaSetNoPrimary, servers: [<ServerDescription ('ac-razqnti-shard-00-00.d3vgxxq.mongodb.net', 27017) server_type: Unknown, rtt: None, error=AutoReconnect('ac-razqnti-shard-00-00.d3vgxxq.mongodb.net:27017: [Errno 7] No address associated with hostname (configured timeouts: socketTimeoutMS: 20000.0ms, connectTimeoutMS: 20000.0ms)')>, <ServerDescription ('ac-razqnti-shard-00-01.d3vgxxq.mongodb.net', 27017) server_type: Unknown, rtt: None, error=AutoReconnect('ac-razqnti-shard-00-01.d3vgxxq.mongodb.net:27017: [Errno 7] No address associated with hostname (configured timeouts: socketTimeoutMS: 20000.0ms, connectTimeoutMS: 20000.0ms)')>, <ServerDescription ('ac-razqnti-shard-00-02.d3vgxxq.mongodb.net', 27017) server_type: Unknown, rtt: None, error=AutoReconnect('ac-razqnti-shard-00-02.d3vgxxq.mongodb.net:27017: [Errno 7] No address associated with hostname (configured timeouts: socketTimeoutMS: 20000.0ms, connectTimeoutMS: 20000.0ms)')>]>
2026-07-15 12:40:34,574 - server - WARNING - Auto match reminders loop failed: ac-razqnti-shard-00-02.d3vgxxq.mongodb.net:27017: [Errno 7] No address associated with hostname (configured timeouts: socketTimeoutMS: 20000.0ms, connectTimeoutMS: 20000.0ms),ac-razqnti-shard-00-00.d3vgxxq.mongodb.net:27017: [Errno 7] No address associated with hostname (configured timeouts: socketTimeoutMS: 20000.0ms, connectTimeoutMS: 20000.0ms),ac-razqnti-shard-00-01.d3vgxxq.mongodb.net:27017: [Errno 7] No address associated with hostname (configured timeouts: socketTimeoutMS: 20000.0ms, connectTimeoutMS: 20000.0ms), Timeout: 30s, Topology Description: <TopologyDescription id: 6a56c057e25220c97e5b857a, topology_type: ReplicaSetNoPrimary, servers: [<ServerDescription ('ac-razqnti-shard-00-00.d3vgxxq.mongodb.net', 27017) server_type: Unknown, rtt: None, error=AutoReconnect('ac-razqnti-shard-00-00.d3vgxxq.mongodb.net:27017: [Errno 7] No address associated with hostname (configured timeouts: socketTimeoutMS: 20000.0ms, connectTimeoutMS: 20000.0ms)')>, <ServerDescription ('ac-razqnti-shard-00-01.d3vgxxq.mongodb.net', 27017) server_type: Unknown, rtt: None, error=AutoReconnect('ac-razqnti-shard-00-01.d3vgxxq.mongodb.net:27017: [Errno 7] No address associated with hostname (configured timeouts: socketTimeoutMS: 20000.0ms, connectTimeoutMS: 20000.0ms)')>, <ServerDescription ('ac-razqnti-shard-00-02.d3vgxxq.mongodb.net', 27017) server_type: Unknown, rtt: None, error=AutoReconnect('ac-razqnti-shard-00-02.d3vgxxq.mongodb.net:27017: [Errno 7] No address associated with hostname (configured timeouts: socketTimeoutMS: 20000.0ms, connectTimeoutMS: 20000.0ms)')>]>
2026-07-15 12:41:31,951 - server - WARNING - TheSportsDB fetch failed: [Errno 7] No address associated with hostname
2026-07-15 12:42:01,966 - server - WARNING - Auto sync loop failed: ac-razqnti-shard-00-02.d3vgxxq.mongodb.net:27017: [Errno 7] No address associated with hostname (configured timeouts: socketTimeoutMS: 20000.0ms, connectTimeoutMS: 20000.0ms),ac-razqnti-shard-00-00.d3vgxxq.mongodb.net:27017: [Errno 7] No address associated with hostname (configured timeouts: socketTimeoutMS: 20000.0ms, connectTimeoutMS: 20000.0ms),ac-razqnti-shard-00-01.d3vgxxq.mongodb.net:27017: [Errno 7] No address associated with hostname (configured timeouts: socketTimeoutMS: 20000.0ms, connectTimeoutMS: 20000.0ms), Timeout: 30s, Topology Description: <TopologyDescription id: 6a56c057e25220c97e5b857a, topology_type: ReplicaSetNoPrimary, servers: [<ServerDescription ('ac-razqnti-shard-00-00.d3vgxxq.mongodb.net', 27017) server_type: Unknown, rtt: None, error=AutoReconnect('ac-razqnti-shard-00-00.d3vgxxq.mongodb.net:27017: [Errno 7] No address associated with hostname (configured timeouts: socketTimeoutMS: 20000.0ms, connectTimeoutMS: 20000.0ms)')>, <ServerDescription ('ac-razqnti-shard-00-01.d3vgxxq.mongodb.net', 27017) server_type: Unknown, rtt: None, error=AutoReconnect('ac-razqnti-shard-00-01.d3vgxxq.mongodb.net:27017: [Errno 7] No address associated with hostname (configured timeouts: socketTimeoutMS: 20000.0ms, connectTimeoutMS: 20000.0ms)')>, <ServerDescription ('ac-razqnti-shard-00-02.d3vgxxq.mongodb.net', 27017) server_type: Unknown, rtt: None, error=AutoReconnect('ac-razqnti-shard-00-02.d3vgxxq.mongodb.net:27017: [Errno 7] No address associated with hostname (configured timeouts: socketTimeoutMS: 20000.0ms, connectTimeoutMS: 20000.0ms)')>]>
2026-07-15 12:42:01,975 - server - WARNING - Auto API-Football sync loop failed: ac-razqnti-shard-00-02.d3vgxxq.mongodb.net:27017: [Errno 7] No address associated with hostname (configured timeouts: socketTimeoutMS: 20000.0ms, connectTimeoutMS: 20000.0ms),ac-razqnti-shard-00-00.d3vgxxq.mongodb.net:27017: [Errno 7] No address associated with hostname (configured timeouts: socketTimeoutMS: 20000.0ms, connectTimeoutMS: 20000.0ms),ac-razqnti-shard-00-01.d3vgxxq.mongodb.net:27017: [Errno 7] No address associated with hostname (configured timeouts: socketTimeoutMS: 20000.0ms, connectTimeoutMS: 20000.0ms), Timeout: 30s, Topology Description: <TopologyDescription id: 6a56c057e25220c97e5b857a, topology_type: ReplicaSetNoPrimary, servers: [<ServerDescription ('ac-razqnti-shard-00-00.d3vgxxq.mongodb.net', 27017) server_type: Unknown, rtt: None, error=AutoReconnect('ac-razqnti-shard-00-00.d3vgxxq.mongodb.net:27017: [Errno 7] No address associated with hostname (configured timeouts: socketTimeoutMS: 20000.0ms, connectTimeoutMS: 20000.0ms)')>, <ServerDescription ('ac-razqnti-shard-00-01.d3vgxxq.mongodb.net', 27017) server_type: Unknown, rtt: None, error=AutoReconnect('ac-razqnti-shard-00-01.d3vgxxq.mongodb.net:27017: [Errno 7] No address associated with hostname (configured timeouts: socketTimeoutMS: 20000.0ms, connectTimeoutMS: 20000.0ms)')>, <ServerDescription ('ac-razqnti-shard-00-02.d3vgxxq.mongodb.net', 27017) server_type: Unknown, rtt: None, error=AutoReconnect('ac-razqnti-shard-00-02.d3vgxxq.mongodb.net:27017: [Errno 7] No address associated with hostname (configured timeouts: socketTimeoutMS: 20000.0ms, connectTimeoutMS: 20000.0ms)')>]>
2026-07-15 12:42:04,961 - server - WARNING - Auto match reminders loop failed: ac-razqnti-shard-00-02.d3vgxxq.mongodb.net:27017: [Errno 7] No address associated with hostname (configured timeouts: socketTimeoutMS: 20000.0ms, connectTimeoutMS: 20000.0ms),ac-razqnti-shard-00-00.d3vgxxq.mongodb.net:27017: [Errno 7] No address associated with hostname (configured timeouts: socketTimeoutMS: 20000.0ms, connectTimeoutMS: 20000.0ms),ac-razqnti-shard-00-01.d3vgxxq.mongodb.net:27017: [Errno 7] No address associated with hostname (configured timeouts: socketTimeoutMS: 20000.0ms, connectTimeoutMS: 20000.0ms), Timeout: 30s, Topology Description: <TopologyDescription id: 6a56c057e25220c97e5b857a, topology_type: ReplicaSetNoPrimary, servers: [<ServerDescription ('ac-razqnti-shard-00-00.d3vgxxq.mongodb.net', 27017) server_type: Unknown, rtt: None, error=AutoReconnect('ac-razqnti-shard-00-00.d3vgxxq.mongodb.net:27017: [Errno 7] No address associated with hostname (configured timeouts: socketTimeoutMS: 20000.0ms, connectTimeoutMS: 20000.0ms)')>, <ServerDescription ('ac-razqnti-shard-00-01.d3vgxxq.mongodb.net', 27017) server_type: Unknown, rtt: None, error=AutoReconnect('ac-razqnti-shard-00-01.d3vgxxq.mongodb.net:27017: [Errno 7] No address associated with hostname (configured timeouts: socketTimeoutMS: 20000.0ms, connectTimeoutMS: 20000.0ms)')>, <ServerDescription ('ac-razqnti-shard-00-02.d3vgxxq.mongodb.net', 27017) server_type: Unknown, rtt: None, error=AutoReconnect('ac-razqnti-shard-00-02.d3vgxxq.mongodb.net:27017: [Errno 7] No address associated with hostname (configured timeouts: socketTimeoutMS: 20000.0ms, connectTimeoutMS: 20000.0ms)')>]>
2026-07-15 12:43:35,306 - server - WARNING - Auto match reminders loop failed: ac-razqnti-shard-00-02.d3vgxxq.mongodb.net:27017: [Errno 7] No address associated with hostname (configured timeouts: socketTimeoutMS: 20000.0ms, connectTimeoutMS: 20000.0ms),ac-razqnti-shard-00-00.d3vgxxq.mongodb.net:27017: [Errno 7] No address associated with hostname (configured timeouts: socketTimeoutMS: 20000.0ms, connectTimeoutMS: 20000.0ms),ac-razqnti-shard-00-01.d3vgxxq.mongodb.net:27017: [Errno 7] No address associated with hostname (configured timeouts: socketTimeoutMS: 20000.0ms, connectTimeoutMS: 20000.0ms), Timeout: 30s, Topology Description: <TopologyDescription id: 6a56c057e25220c97e5b857a, topology_type: ReplicaSetNoPrimary, servers: [<ServerDescription ('ac-razqnti-shard-00-00.d3vgxxq.mongodb.net', 27017) server_type: Unknown, rtt: None, error=AutoReconnect('ac-razqnti-shard-00-00.d3vgxxq.mongodb.net:27017: [Errno 7] No address associated with hostname (configured timeouts: socketTimeoutMS: 20000.0ms, connectTimeoutMS: 20000.0ms)')>, <ServerDescription ('ac-razqnti-shard-00-01.d3vgxxq.mongodb.net', 27017) server_type: Unknown, rtt: None, error=AutoReconnect('ac-razqnti-shard-00-01.d3vgxxq.mongodb.net:27017: [Errno 7] No address associated with hostname (configured timeouts: socketTimeoutMS: 20000.0ms, connectTimeoutMS: 20000.0ms)')>, <ServerDescription ('ac-razqnti-shard-00-02.d3vgxxq.mongodb.net', 27017) server_type: Unknown, rtt: None, error=AutoReconnect('ac-razqnti-shard-00-02.d3vgxxq.mongodb.net:27017: [Errno 7] No address associated with hostname (configured timeouts: socketTimeoutMS: 20000.0ms, connectTimeoutMS: 20000.0ms)')>]>
2026-07-15 12:44:45,974 - server - WARNING - TheSportsDB fetch failed: [Errno 7] No address associated with hostname
2026-07-15 12:51:41,424 - server - WARNING - Auto match reminders loop failed: ac-razqnti-shard-00-02.d3vgxxq.mongodb.net:27017: [Errno 7] No address associated with hostname (configured timeouts: socketTimeoutMS: 20000.0ms, connectTimeoutMS: 20000.0ms),ac-razqnti-shard-00-00.d3vgxxq.mongodb.net:27017: [Errno 7] No address associated with hostname (configured timeouts: socketTimeoutMS: 20000.0ms, connectTimeoutMS: 20000.0ms),ac-razqnti-shard-00-01.d3vgxxq.mongodb.net:27017: [Errno 7] No address associated with hostname (configured timeouts: socketTimeoutMS: 20000.0ms, connectTimeoutMS: 20000.0ms), Timeout: 30s, Topology Description: <TopologyDescription id: 6a56c057e25220c97e5b857a, topology_type: ReplicaSetNoPrimary, servers: [<ServerDescription ('ac-razqnti-shard-00-00.d3vgxxq.mongodb.net', 27017) server_type: Unknown, rtt: None, error=AutoReconnect('ac-razqnti-shard-00-00.d3vgxxq.mongodb.net:27017: [Errno 7] No address associated with hostname (configured timeouts: socketTimeoutMS: 20000.0ms, connectTimeoutMS: 20000.0ms)')>, <ServerDescription ('ac-razqnti-shard-00-01.d3vgxxq.mongodb.net', 27017) server_type: Unknown, rtt: None, error=AutoReconnect('ac-razqnti-shard-00-01.d3vgxxq.mongodb.net:27017: [Errno 7] No address associated with hostname (configured timeouts: socketTimeoutMS: 20000.0ms, connectTimeoutMS: 20000.0ms)')>, <ServerDescription ('ac-razqnti-shard-00-02.d3vgxxq.mongodb.net', 27017) server_type: Unknown, rtt: None, error=AutoReconnect('ac-razqnti-shard-00-02.d3vgxxq.mongodb.net:27017: [Errno 7] No address associated with hostname (configured timeouts: socketTimeoutMS: 20000.0ms, connectTimeoutMS: 20000.0ms)')>]>
2026-07-15 12:51:51,608 - server - ERROR - auto_sync_loop iteration error: ac-razqnti-shard-00-02.d3vgxxq.mongodb.net:27017: [Errno 7] No address associated with hostname (configured timeouts: socketTimeoutMS: 20000.0ms, connectTimeoutMS: 20000.0ms),ac-razqnti-shard-00-00.d3vgxxq.mongodb.net:27017: [Errno 7] No address associated with hostname (configured timeouts: socketTimeoutMS: 20000.0ms, connectTimeoutMS: 20000.0ms),ac-razqnti-shard-00-01.d3vgxxq.mongodb.net:27017: [Errno 7] No address associated with hostname (configured timeouts: socketTimeoutMS: 20000.0ms, connectTimeoutMS: 20000.0ms), Timeout: 30s, Topology Description: <TopologyDescription id: 6a56c057e25220c97e5b857a, topology_type: ReplicaSetNoPrimary, servers: [<ServerDescription ('ac-razqnti-shard-00-00.d3vgxxq.mongodb.net', 27017) server_type: Unknown, rtt: None, error=AutoReconnect('ac-razqnti-shard-00-00.d3vgxxq.mongodb.net:27017: [Errno 7] No address associated with hostname (configured timeouts: socketTimeoutMS: 20000.0ms, connectTimeoutMS: 20000.0ms)')>, <ServerDescription ('ac-razqnti-shard-00-01.d3vgxxq.mongodb.net', 27017) server_type: Unknown, rtt: None, error=AutoReconnect('ac-razqnti-shard-00-01.d3vgxxq.mongodb.net:27017: [Errno 7] No address associated with hostname (configured timeouts: socketTimeoutMS: 20000.0ms, connectTimeoutMS: 20000.0ms)')>, <ServerDescription ('ac-razqnti-shard-00-02.d3vgxxq.mongodb.net', 27017) server_type: Unknown, rtt: None, error=AutoReconnect('ac-razqnti-shard-00-02.d3vgxxq.mongodb.net:27017: [Errno 7] No address associated with hostname (configured timeouts: socketTimeoutMS: 20000.0ms, connectTimeoutMS: 20000.0ms)')>]>
2026-07-15 12:57:58,220 - server - WARNING - Auto match reminders loop failed: ac-razqnti-shard-00-02.d3vgxxq.mongodb.net:27017: [Errno 7] No address associated with hostname (configured timeouts: socketTimeoutMS: 20000.0ms, connectTimeoutMS: 20000.0ms),ac-razqnti-shard-00-00.d3vgxxq.mongodb.net:27017: [Errno 7] No address associated with hostname (configured timeouts: socketTimeoutMS: 20000.0ms, connectTimeoutMS: 20000.0ms),ac-razqnti-shard-00-01.d3vgxxq.mongodb.net:27017: [Errno 7] No address associated with hostname (configured timeouts: socketTimeoutMS: 20000.0ms, connectTimeoutMS: 20000.0ms), Timeout: 30s, Topology Description: <TopologyDescription id: 6a56c057e25220c97e5b857a, topology_type: ReplicaSetNoPrimary, servers: [<ServerDescription ('ac-razqnti-shard-00-00.d3vgxxq.mongodb.net', 27017) server_type: Unknown, rtt: None, error=AutoReconnect('ac-razqnti-shard-00-00.d3vgxxq.mongodb.net:27017: [Errno 7] No address associated with hostname (configured timeouts: socketTimeoutMS: 20000.0ms, connectTimeoutMS: 20000.0ms)')>, <ServerDescription ('ac-razqnti-shard-00-01.d3vgxxq.mongodb.net', 27017) server_type: Unknown, rtt: None, error=AutoReconnect('ac-razqnti-shard-00-01.d3vgxxq.mongodb.net:27017: [Errno 7] No address associated with hostname (configured timeouts: socketTimeoutMS: 20000.0ms, connectTimeoutMS: 20000.0ms)')>, <ServerDescription ('ac-razqnti-shard-00-02.d3vgxxq.mongodb.net', 27017) server_type: Unknown, rtt: None, error=AutoReconnect('ac-razqnti-shard-00-02.d3vgxxq.mongodb.net:27017: [Errno 7] No address associated with hostname (configured timeouts: socketTimeoutMS: 20000.0ms, connectTimeoutMS: 20000.0ms)')>]>
2026-07-15 12:58:23,804 - server - WARNING - TheSportsDB fetch failed: [Errno 7] No address associated with hostname
2026-07-15 12:58:54,019 - server - WARNING - Auto sync loop failed: ac-razqnti-shard-00-02.d3vgxxq.mongodb.net:27017: [Errno 7] No address associated with hostname (configured timeouts: socketTimeoutMS: 20000.0ms, connectTimeoutMS: 20000.0ms),ac-razqnti-shard-00-00.d3vgxxq.mongodb.net:27017: [Errno 7] No address associated with hostname (configured timeouts: socketTimeoutMS: 20000.0ms, connectTimeoutMS: 20000.0ms),ac-razqnti-shard-00-01.d3vgxxq.mongodb.net:27017: [Errno 7] No address associated with hostname (configured timeouts: socketTimeoutMS: 20000.0ms, connectTimeoutMS: 20000.0ms), Timeout: 30s, Topology Description: <TopologyDescription id: 6a56c057e25220c97e5b857a, topology_type: ReplicaSetNoPrimary, servers: [<ServerDescription ('ac-razqnti-shard-00-00.d3vgxxq.mongodb.net', 27017) server_type: Unknown, rtt: None, error=AutoReconnect('ac-razqnti-shard-00-00.d3vgxxq.mongodb.net:27017: [Errno 7] No address associated with hostname (configured timeouts: socketTimeoutMS: 20000.0ms, connectTimeoutMS: 20000.0ms)')>, <ServerDescription ('ac-razqnti-shard-00-01.d3vgxxq.mongodb.net', 27017) server_type: Unknown, rtt: None, error=AutoReconnect('ac-razqnti-shard-00-01.d3vgxxq.mongodb.net:27017: [Errno 7] No address associated with hostname (configured timeouts: socketTimeoutMS: 20000.0ms, connectTimeoutMS: 20000.0ms)')>, <ServerDescription ('ac-razqnti-shard-00-02.d3vgxxq.mongodb.net', 27017) server_type: Unknown, rtt: None, error=AutoReconnect('ac-razqnti-shard-00-02.d3vgxxq.mongodb.net:27017: [Errno 7] No address associated with hostname (configured timeouts: socketTimeoutMS: 20000.0ms, connectTimeoutMS: 20000.0ms)')>]>
2026-07-15 12:58:54,027 - server - WARNING - Auto API-Football sync loop failed: ac-razqnti-shard-00-02.d3vgxxq.mongodb.net:27017: [Errno 7] No address associated with hostname (configured timeouts: socketTimeoutMS: 20000.0ms, connectTimeoutMS: 20000.0ms),ac-razqnti-shard-00-00.d3vgxxq.mongodb.net:27017: [Errno 7] No address associated with hostname (configured timeouts: socketTimeoutMS: 20000.0ms, connectTimeoutMS: 20000.0ms),ac-razqnti-shard-00-01.d3vgxxq.mongodb.net:27017: [Errno 7] No address associated with hostname (configured timeouts: socketTimeoutMS: 20000.0ms, connectTimeoutMS: 20000.0ms), Timeout: 30s, Topology Description: <TopologyDescription id: 6a56c057e25220c97e5b857a, topology_type: ReplicaSetNoPrimary, servers: [<ServerDescription ('ac-razqnti-shard-00-00.d3vgxxq.mongodb.net', 27017) server_type: Unknown, rtt: None, error=AutoReconnect('ac-razqnti-shard-00-00.d3vgxxq.mongodb.net:27017: [Errno 7] No address associated with hostname (configured timeouts: socketTimeoutMS: 20000.0ms, connectTimeoutMS: 20000.0ms)')>, <ServerDescription ('ac-razqnti-shard-00-01.d3vgxxq.mongodb.net', 27017) server_type: Unknown, rtt: None, error=AutoReconnect('ac-razqnti-shard-00-01.d3vgxxq.mongodb.net:27017: [Errno 7] No address associated with hostname (configured timeouts: socketTimeoutMS: 20000.0ms, connectTimeoutMS: 20000.0ms)')>, <ServerDescription ('ac-razqnti-shard-00-02.d3vgxxq.mongodb.net', 27017) server_type: Unknown, rtt: None, error=AutoReconnect('ac-razqnti-shard-00-02.d3vgxxq.mongodb.net:27017: [Errno 7] No address associated with hostname (configured timeouts: socketTimeoutMS: 20000.0ms, connectTimeoutMS: 20000.0ms)')>]>
2026-07-15 12:59:28,279 - server - WARNING - Auto match reminders loop failed: ac-razqnti-shard-00-02.d3vgxxq.mongodb.net:27017: [Errno 7] No address associated with hostname (configured timeouts: socketTimeoutMS: 20000.0ms, connectTimeoutMS: 20000.0ms),ac-razqnti-shard-00-00.d3vgxxq.mongodb.net:27017: [Errno 7] No address associated with hostname (configured timeouts: socketTimeoutMS: 20000.0ms, connectTimeoutMS: 20000.0ms),ac-razqnti-shard-00-01.d3vgxxq.mongodb.net:27017: [Errno 7] No address associated with hostname (configured timeouts: socketTimeoutMS: 20000.0ms, connectTimeoutMS: 20000.0ms), Timeout: 30s, Topology Description: <TopologyDescription id: 6a56c057e25220c97e5b857a, topology_type: ReplicaSetNoPrimary, servers: [<ServerDescription ('ac-razqnti-shard-00-00.d3vgxxq.mongodb.net', 27017) server_type: Unknown, rtt: None, error=AutoReconnect('ac-razqnti-shard-00-00.d3vgxxq.mongodb.net:27017: [Errno 7] No address associated with hostname (configured timeouts: socketTimeoutMS: 20000.0ms, connectTimeoutMS: 20000.0ms)')>, <ServerDescription ('ac-razqnti-shard-00-01.d3vgxxq.mongodb.net', 27017) server_type: Unknown, rtt: None, error=AutoReconnect('ac-razqnti-shard-00-01.d3vgxxq.mongodb.net:27017: [Errno 7] No address associated with hostname (configured timeouts: socketTimeoutMS: 20000.0ms, connectTimeoutMS: 20000.0ms)')>, <ServerDescription ('ac-razqnti-shard-00-02.d3vgxxq.mongodb.net', 27017) server_type: Unknown, rtt: None, error=AutoReconnect('ac-razqnti-shard-00-02.d3vgxxq.mongodb.net:27017: [Errno 7] No address associated with hostname (configured timeouts: socketTimeoutMS: 20000.0ms, connectTimeoutMS: 20000.0ms)')>]>
2026-07-15 13:03:54,059 - server - WARNING - TheSportsDB fetch failed: [Errno 7] No address associated with hostname
2026-07-15 13:15:00,589 - server - WARNING - Auto sync loop failed: ac-razqnti-shard-00-02.d3vgxxq.mongodb.net:27017: [Errno 7] No address associated with hostname (configured timeouts: socketTimeoutMS: 20000.0ms, connectTimeoutMS: 20000.0ms),ac-razqnti-shard-00-00.d3vgxxq.mongodb.net:27017: [Errno 7] No address associated with hostname (configured timeouts: socketTimeoutMS: 20000.0ms, connectTimeoutMS: 20000.0ms),ac-razqnti-shard-00-01.d3vgxxq.mongodb.net:27017: [Errno 7] No address associated with hostname (configured timeouts: socketTimeoutMS: 20000.0ms, connectTimeoutMS: 20000.0ms), Timeout: 30s, Topology Description: <TopologyDescription id: 6a56c057e25220c97e5b857a, topology_type: ReplicaSetNoPrimary, servers: [<ServerDescription ('ac-razqnti-shard-00-00.d3vgxxq.mongodb.net', 27017) server_type: Unknown, rtt: None, error=AutoReconnect('ac-razqnti-shard-00-00.d3vgxxq.mongodb.net:27017: [Errno 7] No address associated with hostname (configured timeouts: socketTimeoutMS: 20000.0ms, connectTimeoutMS: 20000.0ms)')>, <ServerDescription ('ac-razqnti-shard-00-01.d3vgxxq.mongodb.net', 27017) server_type: Unknown, rtt: None, error=AutoReconnect('ac-razqnti-shard-00-01.d3vgxxq.mongodb.net:27017: [Errno 7] No address associated with hostname (configured timeouts: socketTimeoutMS: 20000.0ms, connectTimeoutMS: 20000.0ms)')>, <ServerDescription ('ac-razqnti-shard-00-02.d3vgxxq.mongodb.net', 27017) server_type: Unknown, rtt: None, error=AutoReconnect('ac-razqnti-shard-00-02.d3vgxxq.mongodb.net:27017: [Errno 7] No address associated with hostname (configured timeouts: socketTimeoutMS: 20000.0ms, connectTimeoutMS: 20000.0ms)')>]>
2026-07-15 13:15:00,617 - server - WARNING - Auto API-Football sync loop failed: ac-razqnti-shard-00-02.d3vgxxq.mongodb.net:27017: [Errno 7] No address associated with hostname (configured timeouts: socketTimeoutMS: 20000.0ms, connectTimeoutMS: 20000.0ms),ac-razqnti-shard-00-00.d3vgxxq.mongodb.net:27017: [Errno 7] No address associated with hostname (configured timeouts: socketTimeoutMS: 20000.0ms, connectTimeoutMS: 20000.0ms),ac-razqnti-shard-00-01.d3vgxxq.mongodb.net:27017: [Errno 7] No address associated with hostname (configured timeouts: socketTimeoutMS: 20000.0ms, connectTimeoutMS: 20000.0ms), Timeout: 30s, Topology Description: <TopologyDescription id: 6a56c057e25220c97e5b857a, topology_type: ReplicaSetNoPrimary, servers: [<ServerDescription ('ac-razqnti-shard-00-00.d3vgxxq.mongodb.net', 27017) server_type: Unknown, rtt: None, error=AutoReconnect('ac-razqnti-shard-00-00.d3vgxxq.mongodb.net:27017: [Errno 7] No address associated with hostname (configured timeouts: socketTimeoutMS: 20000.0ms, connectTimeoutMS: 20000.0ms)')>, <ServerDescription ('ac-razqnti-shard-00-01.d3vgxxq.mongodb.net', 27017) server_type: Unknown, rtt: None, error=AutoReconnect('ac-razqnti-shard-00-01.d3vgxxq.mongodb.net:27017: [Errno 7] No address associated with hostname (configured timeouts: socketTimeoutMS: 20000.0ms, connectTimeoutMS: 20000.0ms)')>, <ServerDescription ('ac-razqnti-shard-00-02.d3vgxxq.mongodb.net', 27017) server_type: Unknown, rtt: None, error=AutoReconnect('ac-razqnti-shard-00-02.d3vgxxq.mongodb.net:27017: [Errno 7] No address associated with hostname (configured timeouts: socketTimeoutMS: 20000.0ms, connectTimeoutMS: 20000.0ms)')>]>
2026-07-15 13:15:33,932 - server - WARNING - Auto match reminders loop failed: ac-razqnti-shard-00-02.d3vgxxq.mongodb.net:27017: [Errno 7] No address associated with hostname (configured timeouts: socketTimeoutMS: 20000.0ms, connectTimeoutMS: 20000.0ms),ac-razqnti-shard-00-00.d3vgxxq.mongodb.net:27017: [Errno 7] No address associated with hostname (configured timeouts: socketTimeoutMS: 20000.0ms, connectTimeoutMS: 20000.0ms),ac-razqnti-shard-00-01.d3vgxxq.mongodb.net:27017: [Errno 7] No address associated with hostname (configured timeouts: socketTimeoutMS: 20000.0ms, connectTimeoutMS: 20000.0ms), Timeout: 30s, Topology Description: <TopologyDescription id: 6a56c057e25220c97e5b857a, topology_type: ReplicaSetNoPrimary, servers: [<ServerDescription ('ac-razqnti-shard-00-00.d3vgxxq.mongodb.net', 27017) server_type: Unknown, rtt: None, error=AutoReconnect('ac-razqnti-shard-00-00.d3vgxxq.mongodb.net:27017: [Errno 7] No address associated with hostname (configured timeouts: socketTimeoutMS: 20000.0ms, connectTimeoutMS: 20000.0ms)')>, <ServerDescription ('ac-razqnti-shard-00-01.d3vgxxq.mongodb.net', 27017) server_type: Unknown, rtt: None, error=AutoReconnect('ac-razqnti-shard-00-01.d3vgxxq.mongodb.net:27017: [Errno 7] No address associated with hostname (configured timeouts: socketTimeoutMS: 20000.0ms, connectTimeoutMS: 20000.0ms)')>, <ServerDescription ('ac-razqnti-shard-00-02.d3vgxxq.mongodb.net', 27017) server_type: Unknown, rtt: None, error=AutoReconnect('ac-razqnti-shard-00-02.d3vgxxq.mongodb.net:27017: [Errno 7] No address associated with hostname (configured timeouts: socketTimeoutMS: 20000.0ms, connectTimeoutMS: 20000.0ms)')>]>
2026-07-15 13:17:04,088 - server - WARNING - Auto match reminders loop failed: ac-razqnti-shard-00-02.d3vgxxq.mongodb.net:27017: [Errno 7] No address associated with hostname (configured timeouts: socketTimeoutMS: 20000.0ms, connectTimeoutMS: 20000.0ms),ac-razqnti-shard-00-00.d3vgxxq.mongodb.net:27017: [Errno 7] No address associated with hostname (configured timeouts: socketTimeoutMS: 20000.0ms, connectTimeoutMS: 20000.0ms),ac-razqnti-shard-00-01.d3vgxxq.mongodb.net:27017: [Errno 7] No address associated with hostname (configured timeouts: socketTimeoutMS: 20000.0ms, connectTimeoutMS: 20000.0ms), Timeout: 30s, Topology Description: <TopologyDescription id: 6a56c057e25220c97e5b857a, topology_type: ReplicaSetNoPrimary, servers: [<ServerDescription ('ac-razqnti-shard-00-00.d3vgxxq.mongodb.net', 27017) server_type: Unknown, rtt: None, error=AutoReconnect('ac-razqnti-shard-00-00.d3vgxxq.mongodb.net:27017: [Errno 7] No address associated with hostname (configured timeouts: socketTimeoutMS: 20000.0ms, connectTimeoutMS: 20000.0ms)')>, <ServerDescription ('ac-razqnti-shard-00-01.d3vgxxq.mongodb.net', 27017) server_type: Unknown, rtt: None, error=AutoReconnect('ac-razqnti-shard-00-01.d3vgxxq.mongodb.net:27017: [Errno 7] No address associated with hostname (configured timeouts: socketTimeoutMS: 20000.0ms, connectTimeoutMS: 20000.0ms)')>, <ServerDescription ('ac-razqnti-shard-00-02.d3vgxxq.mongodb.net', 27017) server_type: Unknown, rtt: None, error=AutoReconnect('ac-razqnti-shard-00-02.d3vgxxq.mongodb.net:27017: [Errno 7] No address associated with hostname (configured timeouts: socketTimeoutMS: 20000.0ms, connectTimeoutMS: 20000.0ms)')>]>
2026-07-15 13:18:34,589 - server - WARNING - Auto match reminders loop failed: ac-razqnti-shard-00-02.d3vgxxq.mongodb.net:27017: [Errno 7] No address associated with hostname (configured timeouts: socketTimeoutMS: 20000.0ms, connectTimeoutMS: 20000.0ms),ac-razqnti-shard-00-00.d3vgxxq.mongodb.net:27017: [Errno 7] No address associated with hostname (configured timeouts: socketTimeoutMS: 20000.0ms, connectTimeoutMS: 20000.0ms),ac-razqnti-shard-00-01.d3vgxxq.mongodb.net:27017: [Errno 7] No address associated with hostname (configured timeouts: socketTimeoutMS: 20000.0ms, connectTimeoutMS: 20000.0ms), Timeout: 30s, Topology Description: <TopologyDescription id: 6a56c057e25220c97e5b857a, topology_type: ReplicaSetNoPrimary, servers: [<ServerDescription ('ac-razqnti-shard-00-00.d3vgxxq.mongodb.net', 27017) server_type: Unknown, rtt: None, error=AutoReconnect('ac-razqnti-shard-00-00.d3vgxxq.mongodb.net:27017: [Errno 7] No address associated with hostname (configured timeouts: socketTimeoutMS: 20000.0ms, connectTimeoutMS: 20000.0ms)')>, <ServerDescription ('ac-razqnti-shard-00-01.d3vgxxq.mongodb.net', 27017) server_type: Unknown, rtt: None, error=AutoReconnect('ac-razqnti-shard-00-01.d3vgxxq.mongodb.net:27017: [Errno 7] No address associated with hostname (configured timeouts: socketTimeoutMS: 20000.0ms, connectTimeoutMS: 20000.0ms)')>, <ServerDescription ('ac-razqnti-shard-00-02.d3vgxxq.mongodb.net', 27017) server_type: Unknown, rtt: None, error=AutoReconnect('ac-razqnti-shard-00-02.d3vgxxq.mongodb.net:27017: [Errno 7] No address associated with hostname (configured timeouts: socketTimeoutMS: 20000.0ms, connectTimeoutMS: 20000.0ms)')>]>
2026-07-15 13:20:05,024 - httpx - INFO - HTTP Request: GET https://www.thesportsdb.com/api/v1/json/3/eventsseason.php?id=4429&s=2026 "HTTP/1.1 200 OK"
2026-07-15 13:20:05,032 - server - INFO - SYNC TRY: Mexico(mx) vs South Africa(za) score 2-0
2026-07-15 13:20:05,458 - server - INFO - SYNC NO MATCH: mx vs za
2026-07-15 13:20:05,458 - server - INFO - SYNC TRY: South Korea(kr) vs Czech Republic(cz) score 2-1
2026-07-15 13:20:05,896 - server - INFO - SYNC NO MATCH: kr vs cz
2026-07-15 13:20:05,897 - server - INFO - SYNC TRY: Canada(ca) vs Bosnia-Herzegovina(ba) score 1-1
2026-07-15 13:20:06,328 - server - INFO - SYNC NO MATCH: ca vs ba
2026-07-15 13:20:06,328 - server - INFO - SYNC TRY: USA(us) vs Paraguay(py) score 4-1
2026-07-15 13:20:07,250 - server - INFO - SYNC NO MATCH: us vs py
2026-07-15 13:20:07,250 - server - INFO - SYNC TRY: Brazil(br) vs Morocco(ma) score 1-1
2026-07-15 13:20:07,713 - server - INFO - SYNC NO MATCH: br vs ma
2026-07-15 13:22:07,005 - httpx - INFO - HTTP Request: GET https://www.thesportsdb.com/api/v1/json/3/eventsseason.php?id=4429&s=2026 "HTTP/1.1 200 OK"
2026-07-15 13:22:07,009 - server - INFO - SYNC TRY: Mexico(mx) vs South Africa(za) score 2-0
2026-07-15 13:22:07,444 - server - INFO - SYNC NO MATCH: mx vs za
2026-07-15 13:22:07,445 - server - INFO - SYNC TRY: South Korea(kr) vs Czech Republic(cz) score 2-1
2026-07-15 13:22:07,882 - server - INFO - SYNC NO MATCH: kr vs cz
2026-07-15 13:22:07,882 - server - INFO - SYNC TRY: Canada(ca) vs Bosnia-Herzegovina(ba) score 1-1
2026-07-15 13:22:08,317 - server - INFO - SYNC NO MATCH: ca vs ba
2026-07-15 13:22:08,318 - server - INFO - SYNC TRY: USA(us) vs Paraguay(py) score 4-1
2026-07-15 13:22:08,793 - server - INFO - SYNC NO MATCH: us vs py
2026-07-15 13:22:08,794 - server - INFO - SYNC TRY: Brazil(br) vs Morocco(ma) score 1-1
2026-07-15 13:22:09,301 - server - INFO - SYNC NO MATCH: br vs ma
2026-07-15 13:25:09,021 - httpx - INFO - HTTP Request: GET https://www.thesportsdb.com/api/v1/json/3/eventsseason.php?id=4429&s=2026 "HTTP/1.1 200 OK"
2026-07-15 13:25:09,025 - server - INFO - SYNC TRY: Mexico(mx) vs South Africa(za) score 2-0
2026-07-15 13:25:09,555 - server - INFO - SYNC NO MATCH: mx vs za
2026-07-15 13:25:09,556 - server - INFO - SYNC TRY: South Korea(kr) vs Czech Republic(cz) score 2-1
2026-07-15 13:25:10,073 - server - INFO - SYNC NO MATCH: kr vs cz
2026-07-15 13:25:10,074 - server - INFO - SYNC TRY: Canada(ca) vs Bosnia-Herzegovina(ba) score 1-1
2026-07-15 13:25:10,856 - server - INFO - SYNC NO MATCH: ca vs ba
2026-07-15 13:25:10,857 - server - INFO - SYNC TRY: USA(us) vs Paraguay(py) score 4-1
2026-07-15 13:25:11,358 - server - INFO - SYNC NO MATCH: us vs py
2026-07-15 13:25:11,358 - server - INFO - SYNC TRY: Brazil(br) vs Morocco(ma) score 1-1
2026-07-15 13:25:11,868 - server - INFO - SYNC NO MATCH: br vs ma
2026-07-15 13:28:14,360 - server - WARNING - Auto match reminders loop failed: ac-razqnti-shard-00-02.d3vgxxq.mongodb.net:27017: [Errno 7] No address associated with hostname (configured timeouts: socketTimeoutMS: 20000.0ms, connectTimeoutMS: 20000.0ms),ac-razqnti-shard-00-00.d3vgxxq.mongodb.net:27017: [Errno 7] No address associated with hostname (configured timeouts: socketTimeoutMS: 20000.0ms, connectTimeoutMS: 20000.0ms),ac-razqnti-shard-00-01.d3vgxxq.mongodb.net:27017: [Errno 7] No address associated with hostname (configured timeouts: socketTimeoutMS: 20000.0ms, connectTimeoutMS: 20000.0ms), Timeout: 30s, Topology Description: <TopologyDescription id: 6a56c057e25220c97e5b857a, topology_type: ReplicaSetNoPrimary, servers: [<ServerDescription ('ac-razqnti-shard-00-00.d3vgxxq.mongodb.net', 27017) server_type: Unknown, rtt: None, error=AutoReconnect('ac-razqnti-shard-00-00.d3vgxxq.mongodb.net:27017: [Errno 7] No address associated with hostname (configured timeouts: socketTimeoutMS: 20000.0ms, connectTimeoutMS: 20000.0ms)')>, <ServerDescription ('ac-razqnti-shard-00-01.d3vgxxq.mongodb.net', 27017) server_type: Unknown, rtt: None, error=AutoReconnect('ac-razqnti-shard-00-01.d3vgxxq.mongodb.net:27017: [Errno 7] No address associated with hostname (configured timeouts: socketTimeoutMS: 20000.0ms, connectTimeoutMS: 20000.0ms)')>, <ServerDescription ('ac-razqnti-shard-00-02.d3vgxxq.mongodb.net', 27017) server_type: Unknown, rtt: None, error=AutoReconnect('ac-razqnti-shard-00-02.d3vgxxq.mongodb.net:27017: [Errno 7] No address associated with hostname (configured timeouts: socketTimeoutMS: 20000.0ms, connectTimeoutMS: 20000.0ms)')>]>
2026-07-15 13:29:44,703 - server - WARNING - Auto match reminders loop failed: ac-razqnti-shard-00-02.d3vgxxq.mongodb.net:27017: [Errno 7] No address associated with hostname (configured timeouts: socketTimeoutMS: 20000.0ms, connectTimeoutMS: 20000.0ms),ac-razqnti-shard-00-00.d3vgxxq.mongodb.net:27017: [Errno 7] No address associated with hostname (configured timeouts: socketTimeoutMS: 20000.0ms, connectTimeoutMS: 20000.0ms),ac-razqnti-shard-00-01.d3vgxxq.mongodb.net:27017: [Errno 7] No address associated with hostname (configured timeouts: socketTimeoutMS: 20000.0ms, connectTimeoutMS: 20000.0ms), Timeout: 30s, Topology Description: <TopologyDescription id: 6a56c057e25220c97e5b857a, topology_type: ReplicaSetNoPrimary, servers: [<ServerDescription ('ac-razqnti-shard-00-00.d3vgxxq.mongodb.net', 27017) server_type: Unknown, rtt: None, error=AutoReconnect('ac-razqnti-shard-00-00.d3vgxxq.mongodb.net:27017: [Errno 7] No address associated with hostname (configured timeouts: socketTimeoutMS: 20000.0ms, connectTimeoutMS: 20000.0ms)')>, <ServerDescription ('ac-razqnti-shard-00-01.d3vgxxq.mongodb.net', 27017) server_type: Unknown, rtt: None, error=AutoReconnect('ac-razqnti-shard-00-01.d3vgxxq.mongodb.net:27017: [Errno 7] No address associated with hostname (configured timeouts: socketTimeoutMS: 20000.0ms, connectTimeoutMS: 20000.0ms)')>, <ServerDescription ('ac-razqnti-shard-00-02.d3vgxxq.mongodb.net', 27017) server_type: Unknown, rtt: None, error=AutoReconnect('ac-razqnti-shard-00-02.d3vgxxq.mongodb.net:27017: [Errno 7] No address associated with hostname (configured timeouts: socketTimeoutMS: 20000.0ms, connectTimeoutMS: 20000.0ms)')>]>
2026-07-15 13:30:12,149 - server - WARNING - TheSportsDB fetch failed: [Errno 7] No address associated with hostname
2026-07-15 13:30:33,009 - server - WARNING - Auto API-Football sync loop failed: ac-razqnti-shard-00-02.d3vgxxq.mongodb.net:27017: [Errno 7] No address associated with hostname (configured timeouts: socketTimeoutMS: 20000.0ms, connectTimeoutMS: 20000.0ms),ac-razqnti-shard-00-00.d3vgxxq.mongodb.net:27017: [Errno 7] No address associated with hostname (configured timeouts: socketTimeoutMS: 20000.0ms, connectTimeoutMS: 20000.0ms),ac-razqnti-shard-00-01.d3vgxxq.mongodb.net:27017: [Errno 7] No address associated with hostname (configured timeouts: socketTimeoutMS: 20000.0ms, connectTimeoutMS: 20000.0ms), Timeout: 30s, Topology Description: <TopologyDescription id: 6a56c057e25220c97e5b857a, topology_type: ReplicaSetNoPrimary, servers: [<ServerDescription ('ac-razqnti-shard-00-00.d3vgxxq.mongodb.net', 27017) server_type: Unknown, rtt: None, error=AutoReconnect('ac-razqnti-shard-00-00.d3vgxxq.mongodb.net:27017: [Errno 7] No address associated with hostname (configured timeouts: socketTimeoutMS: 20000.0ms, connectTimeoutMS: 20000.0ms)')>, <ServerDescription ('ac-razqnti-shard-00-01.d3vgxxq.mongodb.net', 27017) server_type: Unknown, rtt: None, error=AutoReconnect('ac-razqnti-shard-00-01.d3vgxxq.mongodb.net:27017: [Errno 7] No address associated with hostname (configured timeouts: socketTimeoutMS: 20000.0ms, connectTimeoutMS: 20000.0ms)')>, <ServerDescription ('ac-razqnti-shard-00-02.d3vgxxq.mongodb.net', 27017) server_type: Unknown, rtt: None, error=AutoReconnect('ac-razqnti-shard-00-02.d3vgxxq.mongodb.net:27017: [Errno 7] No address associated with hostname (configured timeouts: socketTimeoutMS: 20000.0ms, connectTimeoutMS: 20000.0ms)')>]>
2026-07-15 13:30:42,592 - server - WARNING - Auto sync loop failed: ac-razqnti-shard-00-02.d3vgxxq.mongodb.net:27017: [Errno 7] No address associated with hostname (configured timeouts: socketTimeoutMS: 20000.0ms, connectTimeoutMS: 20000.0ms),ac-razqnti-shard-00-00.d3vgxxq.mongodb.net:27017: [Errno 7] No address associated with hostname (configured timeouts: socketTimeoutMS: 20000.0ms, connectTimeoutMS: 20000.0ms),ac-razqnti-shard-00-01.d3vgxxq.mongodb.net:27017: [Errno 7] No address associated with hostname (configured timeouts: socketTimeoutMS: 20000.0ms, connectTimeoutMS: 20000.0ms), Timeout: 30s, Topology Description: <TopologyDescription id: 6a56c057e25220c97e5b857a, topology_type: ReplicaSetNoPrimary, servers: [<ServerDescription ('ac-razqnti-shard-00-00.d3vgxxq.mongodb.net', 27017) server_type: Unknown, rtt: None, error=AutoReconnect('ac-razqnti-shard-00-00.d3vgxxq.mongodb.net:27017: [Errno 7] No address associated with hostname (configured timeouts: socketTimeoutMS: 20000.0ms, connectTimeoutMS: 20000.0ms)')>, <ServerDescription ('ac-razqnti-shard-00-01.d3vgxxq.mongodb.net', 27017) server_type: Unknown, rtt: None, error=AutoReconnect('ac-razqnti-shard-00-01.d3vgxxq.mongodb.net:27017: [Errno 7] No address associated with hostname (configured timeouts: socketTimeoutMS: 20000.0ms, connectTimeoutMS: 20000.0ms)')>, <ServerDescription ('ac-razqnti-shard-00-02.d3vgxxq.mongodb.net', 27017) server_type: Unknown, rtt: None, error=AutoReconnect('ac-razqnti-shard-00-02.d3vgxxq.mongodb.net:27017: [Errno 7] No address associated with hostname (configured timeouts: socketTimeoutMS: 20000.0ms, connectTimeoutMS: 20000.0ms)')>]>
2026-07-15 13:31:14,878 - server - WARNING - Auto match reminders loop failed: ac-razqnti-shard-00-02.d3vgxxq.mongodb.net:27017: [Errno 7] No address associated with hostname (configured timeouts: socketTimeoutMS: 20000.0ms, connectTimeoutMS: 20000.0ms),ac-razqnti-shard-00-00.d3vgxxq.mongodb.net:27017: [Errno 7] No address associated with hostname (configured timeouts: socketTimeoutMS: 20000.0ms, connectTimeoutMS: 20000.0ms),ac-razqnti-shard-00-01.d3vgxxq.mongodb.net:27017: [Errno 7] No address associated with hostname (configured timeouts: socketTimeoutMS: 20000.0ms, connectTimeoutMS: 20000.0ms), Timeout: 30s, Topology Description: <TopologyDescription id: 6a56c057e25220c97e5b857a, topology_type: ReplicaSetNoPrimary, servers: [<ServerDescription ('ac-razqnti-shard-00-00.d3vgxxq.mongodb.net', 27017) server_type: Unknown, rtt: None, error=AutoReconnect('ac-razqnti-shard-00-00.d3vgxxq.mongodb.net:27017: [Errno 7] No address associated with hostname (configured timeouts: socketTimeoutMS: 20000.0ms, connectTimeoutMS: 20000.0ms)')>, <ServerDescription ('ac-razqnti-shard-00-01.d3vgxxq.mongodb.net', 27017) server_type: Unknown, rtt: None, error=AutoReconnect('ac-razqnti-shard-00-01.d3vgxxq.mongodb.net:27017: [Errno 7] No address associated with hostname (configured timeouts: socketTimeoutMS: 20000.0ms, connectTimeoutMS: 20000.0ms)')>, <ServerDescription ('ac-razqnti-shard-00-02.d3vgxxq.mongodb.net', 27017) server_type: Unknown, rtt: None, error=AutoReconnect('ac-razqnti-shard-00-02.d3vgxxq.mongodb.net:27017: [Errno 7] No address associated with hostname (configured timeouts: socketTimeoutMS: 20000.0ms, connectTimeoutMS: 20000.0ms)')>]>
2026-07-15 13:32:45,214 - server - WARNING - Auto match reminders loop failed: ac-razqnti-shard-00-02.d3vgxxq.mongodb.net:27017: [Errno 7] No address associated with hostname (configured timeouts: socketTimeoutMS: 20000.0ms, connectTimeoutMS: 20000.0ms),ac-razqnti-shard-00-00.d3vgxxq.mongodb.net:27017: [Errno 7] No address associated with hostname (configured timeouts: socketTimeoutMS: 20000.0ms, connectTimeoutMS: 20000.0ms),ac-razqnti-shard-00-01.d3vgxxq.mongodb.net:27017: [Errno 7] No address associated with hostname (configured timeouts: socketTimeoutMS: 20000.0ms, connectTimeoutMS: 20000.0ms), Timeout: 30s, Topology Description: <TopologyDescription id: 6a56c057e25220c97e5b857a, topology_type: ReplicaSetNoPrimary, servers: [<ServerDescription ('ac-razqnti-shard-00-00.d3vgxxq.mongodb.net', 27017) server_type: Unknown, rtt: None, error=AutoReconnect('ac-razqnti-shard-00-00.d3vgxxq.mongodb.net:27017: [Errno 7] No address associated with hostname (configured timeouts: socketTimeoutMS: 20000.0ms, connectTimeoutMS: 20000.0ms)')>, <ServerDescription ('ac-razqnti-shard-00-01.d3vgxxq.mongodb.net', 27017) server_type: Unknown, rtt: None, error=AutoReconnect('ac-razqnti-shard-00-01.d3vgxxq.mongodb.net:27017: [Errno 7] No address associated with hostname (configured timeouts: socketTimeoutMS: 20000.0ms, connectTimeoutMS: 20000.0ms)')>, <ServerDescription ('ac-razqnti-shard-00-02.d3vgxxq.mongodb.net', 27017) server_type: Unknown, rtt: None, error=AutoReconnect('ac-razqnti-shard-00-02.d3vgxxq.mongodb.net:27017: [Errno 7] No address associated with hostname (configured timeouts: socketTimeoutMS: 20000.0ms, connectTimeoutMS: 20000.0ms)')>]>
2026-07-15 13:34:15,565 - server - WARNING - Auto match reminders loop failed: ac-razqnti-shard-00-02.d3vgxxq.mongodb.net:27017: [Errno 7] No address associated with hostname (configured timeouts: socketTimeoutMS: 20000.0ms, connectTimeoutMS: 20000.0ms),ac-razqnti-shard-00-00.d3vgxxq.mongodb.net:27017: [Errno 7] No address associated with hostname (configured timeouts: socketTimeoutMS: 20000.0ms, connectTimeoutMS: 20000.0ms),ac-razqnti-shard-00-01.d3vgxxq.mongodb.net:27017: [Errno 7] No address associated with hostname (configured timeouts: socketTimeoutMS: 20000.0ms, connectTimeoutMS: 20000.0ms), Timeout: 30s, Topology Description: <TopologyDescription id: 6a56c057e25220c97e5b857a, topology_type: ReplicaSetNoPrimary, servers: [<ServerDescription ('ac-razqnti-shard-00-00.d3vgxxq.mongodb.net', 27017) server_type: Unknown, rtt: None, error=AutoReconnect('ac-razqnti-shard-00-00.d3vgxxq.mongodb.net:27017: [Errno 7] No address associated with hostname (configured timeouts: socketTimeoutMS: 20000.0ms, connectTimeoutMS: 20000.0ms)')>, <ServerDescription ('ac-razqnti-shard-00-01.d3vgxxq.mongodb.net', 27017) server_type: Unknown, rtt: None, error=AutoReconnect('ac-razqnti-shard-00-01.d3vgxxq.mongodb.net:27017: [Errno 7] No address associated with hostname (configured timeouts: socketTimeoutMS: 20000.0ms, connectTimeoutMS: 20000.0ms)')>, <ServerDescription ('ac-razqnti-shard-00-02.d3vgxxq.mongodb.net', 27017) server_type: Unknown, rtt: None, error=AutoReconnect('ac-razqnti-shard-00-02.d3vgxxq.mongodb.net:27017: [Errno 7] No address associated with hostname (configured timeouts: socketTimeoutMS: 20000.0ms, connectTimeoutMS: 20000.0ms)')>]>
2026-07-15 13:35:42,637 - server - WARNING - TheSportsDB fetch failed: [Errno 7] No address associated with hostname
2026-07-15 13:35:45,922 - server - WARNING - Auto match reminders loop failed: ac-razqnti-shard-00-02.d3vgxxq.mongodb.net:27017: [Errno 7] No address associated with hostname (configured timeouts: socketTimeoutMS: 20000.0ms, connectTimeoutMS: 20000.0ms),ac-razqnti-shard-00-00.d3vgxxq.mongodb.net:27017: [Errno 7] No address associated with hostname (configured timeouts: socketTimeoutMS: 20000.0ms, connectTimeoutMS: 20000.0ms),ac-razqnti-shard-00-01.d3vgxxq.mongodb.net:27017: [Errno 7] No address associated with hostname (configured timeouts: socketTimeoutMS: 20000.0ms, connectTimeoutMS: 20000.0ms), Timeout: 30s, Topology Description: <TopologyDescription id: 6a56c057e25220c97e5b857a, topology_type: ReplicaSetNoPrimary, servers: [<ServerDescription ('ac-razqnti-shard-00-00.d3vgxxq.mongodb.net', 27017) server_type: Unknown, rtt: None, error=AutoReconnect('ac-razqnti-shard-00-00.d3vgxxq.mongodb.net:27017: [Errno 7] No address associated with hostname (configured timeouts: socketTimeoutMS: 20000.0ms, connectTimeoutMS: 20000.0ms)')>, <ServerDescription ('ac-razqnti-shard-00-01.d3vgxxq.mongodb.net', 27017) server_type: Unknown, rtt: None, error=AutoReconnect('ac-razqnti-shard-00-01.d3vgxxq.mongodb.net:27017: [Errno 7] No address associated with hostname (configured timeouts: socketTimeoutMS: 20000.0ms, connectTimeoutMS: 20000.0ms)')>, <ServerDescription ('ac-razqnti-shard-00-02.d3vgxxq.mongodb.net', 27017) server_type: Unknown, rtt: None, error=AutoReconnect('ac-razqnti-shard-00-02.d3vgxxq.mongodb.net:27017: [Errno 7] No address associated with hostname (configured timeouts: socketTimeoutMS: 20000.0ms, connectTimeoutMS: 20000.0ms)')>]>
2026-07-15 13:36:03,090 - server - WARNING - Auto API-Football sync loop failed: ac-razqnti-shard-00-02.d3vgxxq.mongodb.net:27017: [Errno 7] No address associated with hostname (configured timeouts: socketTimeoutMS: 20000.0ms, connectTimeoutMS: 20000.0ms),ac-razqnti-shard-00-00.d3vgxxq.mongodb.net:27017: [Errno 7] No address associated with hostname (configured timeouts: socketTimeoutMS: 20000.0ms, connectTimeoutMS: 20000.0ms),ac-razqnti-shard-00-01.d3vgxxq.mongodb.net:27017: [Errno 7] No address associated with hostname (configured timeouts: socketTimeoutMS: 20000.0ms, connectTimeoutMS: 20000.0ms), Timeout: 30s, Topology Description: <TopologyDescription id: 6a56c057e25220c97e5b857a, topology_type: ReplicaSetNoPrimary, servers: [<ServerDescription ('ac-razqnti-shard-00-00.d3vgxxq.mongodb.net', 27017) server_type: Unknown, rtt: None, error=AutoReconnect('ac-razqnti-shard-00-00.d3vgxxq.mongodb.net:27017: [Errno 7] No address associated with hostname (configured timeouts: socketTimeoutMS: 20000.0ms, connectTimeoutMS: 20000.0ms)')>, <ServerDescription ('ac-razqnti-shard-00-01.d3vgxxq.mongodb.net', 27017) server_type: Unknown, rtt: None, error=AutoReconnect('ac-razqnti-shard-00-01.d3vgxxq.mongodb.net:27017: [Errno 7] No address associated with hostname (configured timeouts: socketTimeoutMS: 20000.0ms, connectTimeoutMS: 20000.0ms)')>, <ServerDescription ('ac-razqnti-shard-00-02.d3vgxxq.mongodb.net', 27017) server_type: Unknown, rtt: None, error=AutoReconnect('ac-razqnti-shard-00-02.d3vgxxq.mongodb.net:27017: [Errno 7] No address associated with hostname (configured timeouts: socketTimeoutMS: 20000.0ms, connectTimeoutMS: 20000.0ms)')>]>
2026-07-15 13:36:12,675 - server - WARNING - Auto sync loop failed: ac-razqnti-shard-00-02.d3vgxxq.mongodb.net:27017: [Errno 7] No address associated with hostname (configured timeouts: socketTimeoutMS: 20000.0ms, connectTimeoutMS: 20000.0ms),ac-razqnti-shard-00-00.d3vgxxq.mongodb.net:27017: [Errno 7] No address associated with hostname (configured timeouts: socketTimeoutMS: 20000.0ms, connectTimeoutMS: 20000.0ms),ac-razqnti-shard-00-01.d3vgxxq.mongodb.net:27017: [Errno 7] No address associated with hostname (configured timeouts: socketTimeoutMS: 20000.0ms, connectTimeoutMS: 20000.0ms), Timeout: 30s, Topology Description: <TopologyDescription id: 6a56c057e25220c97e5b857a, topology_type: ReplicaSetNoPrimary, servers: [<ServerDescription ('ac-razqnti-shard-00-00.d3vgxxq.mongodb.net', 27017) server_type: Unknown, rtt: None, error=AutoReconnect('ac-razqnti-shard-00-00.d3vgxxq.mongodb.net:27017: [Errno 7] No address associated with hostname (configured timeouts: socketTimeoutMS: 20000.0ms, connectTimeoutMS: 20000.0ms)')>, <ServerDescription ('ac-razqnti-shard-00-01.d3vgxxq.mongodb.net', 27017) server_type: Unknown, rtt: None, error=AutoReconnect('ac-razqnti-shard-00-01.d3vgxxq.mongodb.net:27017: [Errno 7] No address associated with hostname (configured timeouts: socketTimeoutMS: 20000.0ms, connectTimeoutMS: 20000.0ms)')>, <ServerDescription ('ac-razqnti-shard-00-02.d3vgxxq.mongodb.net', 27017) server_type: Unknown, rtt: None, error=AutoReconnect('ac-razqnti-shard-00-02.d3vgxxq.mongodb.net:27017: [Errno 7] No address associated with hostname (configured timeouts: socketTimeoutMS: 20000.0ms, connectTimeoutMS: 20000.0ms)')>]>
2026-07-15 13:37:09,583 - server - WARNING - TheSportsDB fetch failed: [Errno 7] No address associated with hostname
2026-07-15 13:37:15,996 - server - WARNING - Auto match reminders loop failed: ac-razqnti-shard-00-02.d3vgxxq.mongodb.net:27017: [Errno 7] No address associated with hostname (configured timeouts: socketTimeoutMS: 20000.0ms, connectTimeoutMS: 20000.0ms),ac-razqnti-shard-00-00.d3vgxxq.mongodb.net:27017: [Errno 7] No address associated with hostname (configured timeouts: socketTimeoutMS: 20000.0ms, connectTimeoutMS: 20000.0ms),ac-razqnti-shard-00-01.d3vgxxq.mongodb.net:27017: [Errno 7] No address associated with hostname (configured timeouts: socketTimeoutMS: 20000.0ms, connectTimeoutMS: 20000.0ms), Timeout: 30s, Topology Description: <TopologyDescription id: 6a56c057e25220c97e5b857a, topology_type: ReplicaSetNoPrimary, servers: [<ServerDescription ('ac-razqnti-shard-00-00.d3vgxxq.mongodb.net', 27017) server_type: Unknown, rtt: None, error=AutoReconnect('ac-razqnti-shard-00-00.d3vgxxq.mongodb.net:27017: [Errno 7] No address associated with hostname (configured timeouts: socketTimeoutMS: 20000.0ms, connectTimeoutMS: 20000.0ms)')>, <ServerDescription ('ac-razqnti-shard-00-01.d3vgxxq.mongodb.net', 27017) server_type: Unknown, rtt: None, error=AutoReconnect('ac-razqnti-shard-00-01.d3vgxxq.mongodb.net:27017: [Errno 7] No address associated with hostname (configured timeouts: socketTimeoutMS: 20000.0ms, connectTimeoutMS: 20000.0ms)')>, <ServerDescription ('ac-razqnti-shard-00-02.d3vgxxq.mongodb.net', 27017) server_type: Unknown, rtt: None, error=AutoReconnect('ac-razqnti-shard-00-02.d3vgxxq.mongodb.net:27017: [Errno 7] No address associated with hostname (configured timeouts: socketTimeoutMS: 20000.0ms, connectTimeoutMS: 20000.0ms)')>]>
2026-07-15 13:37:39,706 - server - ERROR - auto_sync_loop iteration error: ac-razqnti-shard-00-02.d3vgxxq.mongodb.net:27017: [Errno 7] No address associated with hostname (configured timeouts: socketTimeoutMS: 20000.0ms, connectTimeoutMS: 20000.0ms),ac-razqnti-shard-00-00.d3vgxxq.mongodb.net:27017: [Errno 7] No address associated with hostname (configured timeouts: socketTimeoutMS: 20000.0ms, connectTimeoutMS: 20000.0ms),ac-razqnti-shard-00-01.d3vgxxq.mongodb.net:27017: [Errno 7] No address associated with hostname (configured timeouts: socketTimeoutMS: 20000.0ms, connectTimeoutMS: 20000.0ms), Timeout: 30s, Topology Description: <TopologyDescription id: 6a56c057e25220c97e5b857a, topology_type: ReplicaSetNoPrimary, servers: [<ServerDescription ('ac-razqnti-shard-00-00.d3vgxxq.mongodb.net', 27017) server_type: Unknown, rtt: None, error=AutoReconnect('ac-razqnti-shard-00-00.d3vgxxq.mongodb.net:27017: [Errno 7] No address associated with hostname (configured timeouts: socketTimeoutMS: 20000.0ms, connectTimeoutMS: 20000.0ms)')>, <ServerDescription ('ac-razqnti-shard-00-01.d3vgxxq.mongodb.net', 27017) server_type: Unknown, rtt: None, error=AutoReconnect('ac-razqnti-shard-00-01.d3vgxxq.mongodb.net:27017: [Errno 7] No address associated with hostname (configured timeouts: socketTimeoutMS: 20000.0ms, connectTimeoutMS: 20000.0ms)')>, <ServerDescription ('ac-razqnti-shard-00-02.d3vgxxq.mongodb.net', 27017) server_type: Unknown, rtt: None, error=AutoReconnect('ac-razqnti-shard-00-02.d3vgxxq.mongodb.net:27017: [Errno 7] No address associated with hostname (configured timeouts: socketTimeoutMS: 20000.0ms, connectTimeoutMS: 20000.0ms)')>]>
2026-07-15 13:38:46,024 - server - WARNING - Auto match reminders loop failed: ac-razqnti-shard-00-02.d3vgxxq.mongodb.net:27017: [Errno 7] No address associated with hostname (configured timeouts: socketTimeoutMS: 20000.0ms, connectTimeoutMS: 20000.0ms),ac-razqnti-shard-00-00.d3vgxxq.mongodb.net:27017: [Errno 7] No address associated with hostname (configured timeouts: socketTimeoutMS: 20000.0ms, connectTimeoutMS: 20000.0ms),ac-razqnti-shard-00-01.d3vgxxq.mongodb.net:27017: [Errno 7] No address associated with hostname (configured timeouts: socketTimeoutMS: 20000.0ms, connectTimeoutMS: 20000.0ms), Timeout: 30s, Topology Description: <TopologyDescription id: 6a56c057e25220c97e5b857a, topology_type: ReplicaSetNoPrimary, servers: [<ServerDescription ('ac-razqnti-shard-00-00.d3vgxxq.mongodb.net', 27017) server_type: Unknown, rtt: None, error=AutoReconnect('ac-razqnti-shard-00-00.d3vgxxq.mongodb.net:27017: [Errno 7] No address associated with hostname (configured timeouts: socketTimeoutMS: 20000.0ms, connectTimeoutMS: 20000.0ms)')>, <ServerDescription ('ac-razqnti-shard-00-01.d3vgxxq.mongodb.net', 27017) server_type: Unknown, rtt: None, error=AutoReconnect('ac-razqnti-shard-00-01.d3vgxxq.mongodb.net:27017: [Errno 7] No address associated with hostname (configured timeouts: socketTimeoutMS: 20000.0ms, connectTimeoutMS: 20000.0ms)')>, <ServerDescription ('ac-razqnti-shard-00-02.d3vgxxq.mongodb.net', 27017) server_type: Unknown, rtt: None, error=AutoReconnect('ac-razqnti-shard-00-02.d3vgxxq.mongodb.net:27017: [Errno 7] No address associated with hostname (configured timeouts: socketTimeoutMS: 20000.0ms, connectTimeoutMS: 20000.0ms)')>]>
2026-07-15 13:40:16,383 - server - WARNING - Auto match reminders loop failed: ac-razqnti-shard-00-02.d3vgxxq.mongodb.net:27017: [Errno 7] No address associated with hostname (configured timeouts: socketTimeoutMS: 20000.0ms, connectTimeoutMS: 20000.0ms),ac-razqnti-shard-00-00.d3vgxxq.mongodb.net:27017: [Errno 7] No address associated with hostname (configured timeouts: socketTimeoutMS: 20000.0ms, connectTimeoutMS: 20000.0ms),ac-razqnti-shard-00-01.d3vgxxq.mongodb.net:27017: [Errno 7] No address associated with hostname (configured timeouts: socketTimeoutMS: 20000.0ms, connectTimeoutMS: 20000.0ms), Timeout: 30s, Topology Description: <TopologyDescription id: 6a56c057e25220c97e5b857a, topology_type: ReplicaSetNoPrimary, servers: [<ServerDescription ('ac-razqnti-shard-00-00.d3vgxxq.mongodb.net', 27017) server_type: Unknown, rtt: None, error=AutoReconnect('ac-razqnti-shard-00-00.d3vgxxq.mongodb.net:27017: [Errno 7] No address associated with hostname (configured timeouts: socketTimeoutMS: 20000.0ms, connectTimeoutMS: 20000.0ms)')>, <ServerDescription ('ac-razqnti-shard-00-01.d3vgxxq.mongodb.net', 27017) server_type: Unknown, rtt: None, error=AutoReconnect('ac-razqnti-shard-00-01.d3vgxxq.mongodb.net:27017: [Errno 7] No address associated with hostname (configured timeouts: socketTimeoutMS: 20000.0ms, connectTimeoutMS: 20000.0ms)')>, <ServerDescription ('ac-razqnti-shard-00-02.d3vgxxq.mongodb.net', 27017) server_type: Unknown, rtt: None, error=AutoReconnect('ac-razqnti-shard-00-02.d3vgxxq.mongodb.net:27017: [Errno 7] No address associated with hostname (configured timeouts: socketTimeoutMS: 20000.0ms, connectTimeoutMS: 20000.0ms)')>]>
2026-07-15 13:46:32,116 - server - WARNING - TheSportsDB fetch failed: [Errno 7] No address associated with hostname
2026-07-15 13:47:37,593 - server - WARNING - Auto sync loop failed: ac-razqnti-shard-00-02.d3vgxxq.mongodb.net:27017: [Errno 7] No address associated with hostname (configured timeouts: socketTimeoutMS: 20000.0ms, connectTimeoutMS: 20000.0ms),ac-razqnti-shard-00-00.d3vgxxq.mongodb.net:27017: [Errno 7] No address associated with hostname (configured timeouts: socketTimeoutMS: 20000.0ms, connectTimeoutMS: 20000.0ms),ac-razqnti-shard-00-01.d3vgxxq.mongodb.net:27017: [Errno 7] No address associated with hostname (configured timeouts: socketTimeoutMS: 20000.0ms, connectTimeoutMS: 20000.0ms), Timeout: 30s, Topology Description: <TopologyDescription id: 6a56c057e25220c97e5b857a, topology_type: ReplicaSetNoPrimary, servers: [<ServerDescription ('ac-razqnti-shard-00-00.d3vgxxq.mongodb.net', 27017) server_type: Unknown, rtt: None, error=AutoReconnect('ac-razqnti-shard-00-00.d3vgxxq.mongodb.net:27017: [Errno 7] No address associated with hostname (configured timeouts: socketTimeoutMS: 20000.0ms, connectTimeoutMS: 20000.0ms)')>, <ServerDescription ('ac-razqnti-shard-00-01.d3vgxxq.mongodb.net', 27017) server_type: Unknown, rtt: None, error=AutoReconnect('ac-razqnti-shard-00-01.d3vgxxq.mongodb.net:27017: [Errno 7] No address associated with hostname (configured timeouts: socketTimeoutMS: 20000.0ms, connectTimeoutMS: 20000.0ms)')>, <ServerDescription ('ac-razqnti-shard-00-02.d3vgxxq.mongodb.net', 27017) server_type: Unknown, rtt: None, error=AutoReconnect('ac-razqnti-shard-00-02.d3vgxxq.mongodb.net:27017: [Errno 7] No address associated with hostname (configured timeouts: socketTimeoutMS: 20000.0ms, connectTimeoutMS: 20000.0ms)')>]>
2026-07-15 13:47:37,607 - server - WARNING - Auto API-Football sync loop failed: ac-razqnti-shard-00-02.d3vgxxq.mongodb.net:27017: [Errno 7] No address associated with hostname (configured timeouts: socketTimeoutMS: 20000.0ms, connectTimeoutMS: 20000.0ms),ac-razqnti-shard-00-00.d3vgxxq.mongodb.net:27017: [Errno 7] No address associated with hostname (configured timeouts: socketTimeoutMS: 20000.0ms, connectTimeoutMS: 20000.0ms),ac-razqnti-shard-00-01.d3vgxxq.mongodb.net:27017: [Errno 7] No address associated with hostname (configured timeouts: socketTimeoutMS: 20000.0ms, connectTimeoutMS: 20000.0ms), Timeout: 30s, Topology Description: <TopologyDescription id: 6a56c057e25220c97e5b857a, topology_type: ReplicaSetNoPrimary, servers: [<ServerDescription ('ac-razqnti-shard-00-00.d3vgxxq.mongodb.net', 27017) server_type: Unknown, rtt: None, error=AutoReconnect('ac-razqnti-shard-00-00.d3vgxxq.mongodb.net:27017: [Errno 7] No address associated with hostname (configured timeouts: socketTimeoutMS: 20000.0ms, connectTimeoutMS: 20000.0ms)')>, <ServerDescription ('ac-razqnti-shard-00-01.d3vgxxq.mongodb.net', 27017) server_type: Unknown, rtt: None, error=AutoReconnect('ac-razqnti-shard-00-01.d3vgxxq.mongodb.net:27017: [Errno 7] No address associated with hostname (configured timeouts: socketTimeoutMS: 20000.0ms, connectTimeoutMS: 20000.0ms)')>, <ServerDescription ('ac-razqnti-shard-00-02.d3vgxxq.mongodb.net', 27017) server_type: Unknown, rtt: None, error=AutoReconnect('ac-razqnti-shard-00-02.d3vgxxq.mongodb.net:27017: [Errno 7] No address associated with hostname (configured timeouts: socketTimeoutMS: 20000.0ms, connectTimeoutMS: 20000.0ms)')>]>
2026-07-15 13:47:37,609 - server - WARNING - Auto match reminders loop failed: ac-razqnti-shard-00-02.d3vgxxq.mongodb.net:27017: [Errno 7] No address associated with hostname (configured timeouts: socketTimeoutMS: 20000.0ms, connectTimeoutMS: 20000.0ms),ac-razqnti-shard-00-00.d3vgxxq.mongodb.net:27017: [Errno 7] No address associated with hostname (configured timeouts: socketTimeoutMS: 20000.0ms, connectTimeoutMS: 20000.0ms),ac-razqnti-shard-00-01.d3vgxxq.mongodb.net:27017: [Errno 7] No address associated with hostname (configured timeouts: socketTimeoutMS: 20000.0ms, connectTimeoutMS: 20000.0ms), Timeout: 30s, Topology Description: <TopologyDescription id: 6a56c057e25220c97e5b857a, topology_type: ReplicaSetNoPrimary, servers: [<ServerDescription ('ac-razqnti-shard-00-00.d3vgxxq.mongodb.net', 27017) server_type: Unknown, rtt: None, error=AutoReconnect('ac-razqnti-shard-00-00.d3vgxxq.mongodb.net:27017: [Errno 7] No address associated with hostname (configured timeouts: socketTimeoutMS: 20000.0ms, connectTimeoutMS: 20000.0ms)')>, <ServerDescription ('ac-razqnti-shard-00-01.d3vgxxq.mongodb.net', 27017) server_type: Unknown, rtt: None, error=AutoReconnect('ac-razqnti-shard-00-01.d3vgxxq.mongodb.net:27017: [Errno 7] No address associated with hostname (configured timeouts: socketTimeoutMS: 20000.0ms, connectTimeoutMS: 20000.0ms)')>, <ServerDescription ('ac-razqnti-shard-00-02.d3vgxxq.mongodb.net', 27017) server_type: Unknown, rtt: None, error=AutoReconnect('ac-razqnti-shard-00-02.d3vgxxq.mongodb.net:27017: [Errno 7] No address associated with hostname (configured timeouts: socketTimeoutMS: 20000.0ms, connectTimeoutMS: 20000.0ms)')>]>
2026-07-15 13:49:07,926 - server - WARNING - Auto match reminders loop failed: ac-razqnti-shard-00-02.d3vgxxq.mongodb.net:27017: [Errno 7] No address associated with hostname (configured timeouts: socketTimeoutMS: 20000.0ms, connectTimeoutMS: 20000.0ms),ac-razqnti-shard-00-00.d3vgxxq.mongodb.net:27017: [Errno 7] No address associated with hostname (configured timeouts: socketTimeoutMS: 20000.0ms, connectTimeoutMS: 20000.0ms),ac-razqnti-shard-00-01.d3vgxxq.mongodb.net:27017: [Errno 7] No address associated with hostname (configured timeouts: socketTimeoutMS: 20000.0ms, connectTimeoutMS: 20000.0ms), Timeout: 30s, Topology Description: <TopologyDescription id: 6a56c057e25220c97e5b857a, topology_type: ReplicaSetNoPrimary, servers: [<ServerDescription ('ac-razqnti-shard-00-00.d3vgxxq.mongodb.net', 27017) server_type: Unknown, rtt: None, error=AutoReconnect('ac-razqnti-shard-00-00.d3vgxxq.mongodb.net:27017: [Errno 7] No address associated with hostname (configured timeouts: socketTimeoutMS: 20000.0ms, connectTimeoutMS: 20000.0ms)')>, <ServerDescription ('ac-razqnti-shard-00-01.d3vgxxq.mongodb.net', 27017) server_type: Unknown, rtt: None, error=AutoReconnect('ac-razqnti-shard-00-01.d3vgxxq.mongodb.net:27017: [Errno 7] No address associated with hostname (configured timeouts: socketTimeoutMS: 20000.0ms, connectTimeoutMS: 20000.0ms)')>, <ServerDescription ('ac-razqnti-shard-00-02.d3vgxxq.mongodb.net', 27017) server_type: Unknown, rtt: None, error=AutoReconnect('ac-razqnti-shard-00-02.d3vgxxq.mongodb.net:27017: [Errno 7] No address associated with hostname (configured timeouts: socketTimeoutMS: 20000.0ms, connectTimeoutMS: 20000.0ms)')>]>
2026-07-15 13:50:38,253 - server - WARNING - Auto match reminders loop failed: ac-razqnti-shard-00-02.d3vgxxq.mongodb.net:27017: [Errno 7] No address associated with hostname (configured timeouts: socketTimeoutMS: 20000.0ms, connectTimeoutMS: 20000.0ms),ac-razqnti-shard-00-00.d3vgxxq.mongodb.net:27017: [Errno 7] No address associated with hostname (configured timeouts: socketTimeoutMS: 20000.0ms, connectTimeoutMS: 20000.0ms),ac-razqnti-shard-00-01.d3vgxxq.mongodb.net:27017: [Errno 7] No address associated with hostname (configured timeouts: socketTimeoutMS: 20000.0ms, connectTimeoutMS: 20000.0ms), Timeout: 30s, Topology Description: <TopologyDescription id: 6a56c057e25220c97e5b857a, topology_type: ReplicaSetNoPrimary, servers: [<ServerDescription ('ac-razqnti-shard-00-00.d3vgxxq.mongodb.net', 27017) server_type: Unknown, rtt: None, error=AutoReconnect('ac-razqnti-shard-00-00.d3vgxxq.mongodb.net:27017: [Errno 7] No address associated with hostname (configured timeouts: socketTimeoutMS: 20000.0ms, connectTimeoutMS: 20000.0ms)')>, <ServerDescription ('ac-razqnti-shard-00-01.d3vgxxq.mongodb.net', 27017) server_type: Unknown, rtt: None, error=AutoReconnect('ac-razqnti-shard-00-01.d3vgxxq.mongodb.net:27017: [Errno 7] No address associated with hostname (configured timeouts: socketTimeoutMS: 20000.0ms, connectTimeoutMS: 20000.0ms)')>, <ServerDescription ('ac-razqnti-shard-00-02.d3vgxxq.mongodb.net', 27017) server_type: Unknown, rtt: None, error=AutoReconnect('ac-razqnti-shard-00-02.d3vgxxq.mongodb.net:27017: [Errno 7] No address associated with hostname (configured timeouts: socketTimeoutMS: 20000.0ms, connectTimeoutMS: 20000.0ms)')>]>
2026-07-15 13:52:08,588 - server - WARNING - Auto match reminders loop failed: ac-razqnti-shard-00-02.d3vgxxq.mongodb.net:27017: [Errno 7] No address associated with hostname (configured timeouts: socketTimeoutMS: 20000.0ms, connectTimeoutMS: 20000.0ms),ac-razqnti-shard-00-00.d3vgxxq.mongodb.net:27017: [Errno 7] No address associated with hostname (configured timeouts: socketTimeoutMS: 20000.0ms, connectTimeoutMS: 20000.0ms),ac-razqnti-shard-00-01.d3vgxxq.mongodb.net:27017: [Errno 7] No address associated with hostname (configured timeouts: socketTimeoutMS: 20000.0ms, connectTimeoutMS: 20000.0ms), Timeout: 30s, Topology Description: <TopologyDescription id: 6a56c057e25220c97e5b857a, topology_type: ReplicaSetNoPrimary, servers: [<ServerDescription ('ac-razqnti-shard-00-00.d3vgxxq.mongodb.net', 27017) server_type: Unknown, rtt: None, error=AutoReconnect('ac-razqnti-shard-00-00.d3vgxxq.mongodb.net:27017: [Errno 7] No address associated with hostname (configured timeouts: socketTimeoutMS: 20000.0ms, connectTimeoutMS: 20000.0ms)')>, <ServerDescription ('ac-razqnti-shard-00-01.d3vgxxq.mongodb.net', 27017) server_type: Unknown, rtt: None, error=AutoReconnect('ac-razqnti-shard-00-01.d3vgxxq.mongodb.net:27017: [Errno 7] No address associated with hostname (configured timeouts: socketTimeoutMS: 20000.0ms, connectTimeoutMS: 20000.0ms)')>, <ServerDescription ('ac-razqnti-shard-00-02.d3vgxxq.mongodb.net', 27017) server_type: Unknown, rtt: None, error=AutoReconnect('ac-razqnti-shard-00-02.d3vgxxq.mongodb.net:27017: [Errno 7] No address associated with hostname (configured timeouts: socketTimeoutMS: 20000.0ms, connectTimeoutMS: 20000.0ms)')>]>
2026-07-15 13:52:37,641 - server - WARNING - TheSportsDB fetch failed: [Errno 7] No address associated with hostname
2026-07-15 13:53:07,979 - server - WARNING - Auto sync loop failed: ac-razqnti-shard-00-02.d3vgxxq.mongodb.net:27017: [Errno 7] No address associated with hostname (configured timeouts: socketTimeoutMS: 20000.0ms, connectTimeoutMS: 20000.0ms),ac-razqnti-shard-00-00.d3vgxxq.mongodb.net:27017: [Errno 7] No address associated with hostname (configured timeouts: socketTimeoutMS: 20000.0ms, connectTimeoutMS: 20000.0ms),ac-razqnti-shard-00-01.d3vgxxq.mongodb.net:27017: [Errno 7] No address associated with hostname (configured timeouts: socketTimeoutMS: 20000.0ms, connectTimeoutMS: 20000.0ms), Timeout: 30s, Topology Description: <TopologyDescription id: 6a56c057e25220c97e5b857a, topology_type: ReplicaSetNoPrimary, servers: [<ServerDescription ('ac-razqnti-shard-00-00.d3vgxxq.mongodb.net', 27017) server_type: Unknown, rtt: None, error=AutoReconnect('ac-razqnti-shard-00-00.d3vgxxq.mongodb.net:27017: [Errno 7] No address associated with hostname (configured timeouts: socketTimeoutMS: 20000.0ms, connectTimeoutMS: 20000.0ms)')>, <ServerDescription ('ac-razqnti-shard-00-01.d3vgxxq.mongodb.net', 27017) server_type: Unknown, rtt: None, error=AutoReconnect('ac-razqnti-shard-00-01.d3vgxxq.mongodb.net:27017: [Errno 7] No address associated with hostname (configured timeouts: socketTimeoutMS: 20000.0ms, connectTimeoutMS: 20000.0ms)')>, <ServerDescription ('ac-razqnti-shard-00-02.d3vgxxq.mongodb.net', 27017) server_type: Unknown, rtt: None, error=AutoReconnect('ac-razqnti-shard-00-02.d3vgxxq.mongodb.net:27017: [Errno 7] No address associated with hostname (configured timeouts: socketTimeoutMS: 20000.0ms, connectTimeoutMS: 20000.0ms)')>]>
2026-07-15 13:53:07,987 - server - WARNING - Auto API-Football sync loop failed: ac-razqnti-shard-00-02.d3vgxxq.mongodb.net:27017: [Errno 7] No address associated with hostname (configured timeouts: socketTimeoutMS: 20000.0ms, connectTimeoutMS: 20000.0ms),ac-razqnti-shard-00-00.d3vgxxq.mongodb.net:27017: [Errno 7] No address associated with hostname (configured timeouts: socketTimeoutMS: 20000.0ms, connectTimeoutMS: 20000.0ms),ac-razqnti-shard-00-01.d3vgxxq.mongodb.net:27017: [Errno 7] No address associated with hostname (configured timeouts: socketTimeoutMS: 20000.0ms, connectTimeoutMS: 20000.0ms), Timeout: 30s, Topology Description: <TopologyDescription id: 6a56c057e25220c97e5b857a, topology_type: ReplicaSetNoPrimary, servers: [<ServerDescription ('ac-razqnti-shard-00-00.d3vgxxq.mongodb.net', 27017) server_type: Unknown, rtt: None, error=AutoReconnect('ac-razqnti-shard-00-00.d3vgxxq.mongodb.net:27017: [Errno 7] No address associated with hostname (configured timeouts: socketTimeoutMS: 20000.0ms, connectTimeoutMS: 20000.0ms)')>, <ServerDescription ('ac-razqnti-shard-00-01.d3vgxxq.mongodb.net', 27017) server_type: Unknown, rtt: None, error=AutoReconnect('ac-razqnti-shard-00-01.d3vgxxq.mongodb.net:27017: [Errno 7] No address associated with hostname (configured timeouts: socketTimeoutMS: 20000.0ms, connectTimeoutMS: 20000.0ms)')>, <ServerDescription ('ac-razqnti-shard-00-02.d3vgxxq.mongodb.net', 27017) server_type: Unknown, rtt: None, error=AutoReconnect('ac-razqnti-shard-00-02.d3vgxxq.mongodb.net:27017: [Errno 7] No address associated with hostname (configured timeouts: socketTimeoutMS: 20000.0ms, connectTimeoutMS: 20000.0ms)')>]>
2026-07-15 13:53:38,752 - server - WARNING - Auto match reminders loop failed: ac-razqnti-shard-00-02.d3vgxxq.mongodb.net:27017: [Errno 7] No address associated with hostname (configured timeouts: socketTimeoutMS: 20000.0ms, connectTimeoutMS: 20000.0ms),ac-razqnti-shard-00-00.d3vgxxq.mongodb.net:27017: [Errno 7] No address associated with hostname (configured timeouts: socketTimeoutMS: 20000.0ms, connectTimeoutMS: 20000.0ms),ac-razqnti-shard-00-01.d3vgxxq.mongodb.net:27017: [Errno 7] No address associated with hostname (configured timeouts: socketTimeoutMS: 20000.0ms, connectTimeoutMS: 20000.0ms), Timeout: 30s, Topology Description: <TopologyDescription id: 6a56c057e25220c97e5b857a, topology_type: ReplicaSetNoPrimary, servers: [<ServerDescription ('ac-razqnti-shard-00-00.d3vgxxq.mongodb.net', 27017) server_type: Unknown, rtt: None, error=AutoReconnect('ac-razqnti-shard-00-00.d3vgxxq.mongodb.net:27017: [Errno 7] No address associated with hostname (configured timeouts: socketTimeoutMS: 20000.0ms, connectTimeoutMS: 20000.0ms)')>, <ServerDescription ('ac-razqnti-shard-00-01.d3vgxxq.mongodb.net', 27017) server_type: Unknown, rtt: None, error=AutoReconnect('ac-razqnti-shard-00-01.d3vgxxq.mongodb.net:27017: [Errno 7] No address associated with hostname (configured timeouts: socketTimeoutMS: 20000.0ms, connectTimeoutMS: 20000.0ms)')>, <ServerDescription ('ac-razqnti-shard-00-02.d3vgxxq.mongodb.net', 27017) server_type: Unknown, rtt: None, error=AutoReconnect('ac-razqnti-shard-00-02.d3vgxxq.mongodb.net:27017: [Errno 7] No address associated with hostname (configured timeouts: socketTimeoutMS: 20000.0ms, connectTimeoutMS: 20000.0ms)')>]>
2026-07-15 13:55:09,125 - server - WARNING - Auto match reminders loop failed: ac-razqnti-shard-00-02.d3vgxxq.mongodb.net:27017: [Errno 7] No address associated with hostname (configured timeouts: socketTimeoutMS: 20000.0ms, connectTimeoutMS: 20000.0ms),ac-razqnti-shard-00-00.d3vgxxq.mongodb.net:27017: [Errno 7] No address associated with hostname (configured timeouts: socketTimeoutMS: 20000.0ms, connectTimeoutMS: 20000.0ms),ac-razqnti-shard-00-01.d3vgxxq.mongodb.net:27017: [Errno 7] No address associated with hostname (configured timeouts: socketTimeoutMS: 20000.0ms, connectTimeoutMS: 20000.0ms), Timeout: 30s, Topology Description: <TopologyDescription id: 6a56c057e25220c97e5b857a, topology_type: ReplicaSetNoPrimary, servers: [<ServerDescription ('ac-razqnti-shard-00-00.d3vgxxq.mongodb.net', 27017) server_type: Unknown, rtt: None, error=AutoReconnect('ac-razqnti-shard-00-00.d3vgxxq.mongodb.net:27017: [Errno 7] No address associated with hostname (configured timeouts: socketTimeoutMS: 20000.0ms, connectTimeoutMS: 20000.0ms)')>, <ServerDescription ('ac-razqnti-shard-00-01.d3vgxxq.mongodb.net', 27017) server_type: Unknown, rtt: None, error=AutoReconnect('ac-razqnti-shard-00-01.d3vgxxq.mongodb.net:27017: [Errno 7] No address associated with hostname (configured timeouts: socketTimeoutMS: 20000.0ms, connectTimeoutMS: 20000.0ms)')>, <ServerDescription ('ac-razqnti-shard-00-02.d3vgxxq.mongodb.net', 27017) server_type: Unknown, rtt: None, error=AutoReconnect('ac-razqnti-shard-00-02.d3vgxxq.mongodb.net:27017: [Errno 7] No address associated with hostname (configured timeouts: socketTimeoutMS: 20000.0ms, connectTimeoutMS: 20000.0ms)')>]>
2026-07-15 13:56:39,499 - server - WARNING - Auto match reminders loop failed: ac-razqnti-shard-00-02.d3vgxxq.mongodb.net:27017: [Errno 7] No address associated with hostname (configured timeouts: socketTimeoutMS: 20000.0ms, connectTimeoutMS: 20000.0ms),ac-razqnti-shard-00-00.d3vgxxq.mongodb.net:27017: [Errno 7] No address associated with hostname (configured timeouts: socketTimeoutMS: 20000.0ms, connectTimeoutMS: 20000.0ms),ac-razqnti-shard-00-01.d3vgxxq.mongodb.net:27017: [Errno 7] No address associated with hostname (configured timeouts: socketTimeoutMS: 20000.0ms, connectTimeoutMS: 20000.0ms), Timeout: 30s, Topology Description: <TopologyDescription id: 6a56c057e25220c97e5b857a, topology_type: ReplicaSetNoPrimary, servers: [<ServerDescription ('ac-razqnti-shard-00-00.d3vgxxq.mongodb.net', 27017) server_type: Unknown, rtt: None, error=AutoReconnect('ac-razqnti-shard-00-00.d3vgxxq.mongodb.net:27017: [Errno 7] No address associated with hostname (configured timeouts: socketTimeoutMS: 20000.0ms, connectTimeoutMS: 20000.0ms)')>, <ServerDescription ('ac-razqnti-shard-00-01.d3vgxxq.mongodb.net', 27017) server_type: Unknown, rtt: None, error=AutoReconnect('ac-razqnti-shard-00-01.d3vgxxq.mongodb.net:27017: [Errno 7] No address associated with hostname (configured timeouts: socketTimeoutMS: 20000.0ms, connectTimeoutMS: 20000.0ms)')>, <ServerDescription ('ac-razqnti-shard-00-02.d3vgxxq.mongodb.net', 27017) server_type: Unknown, rtt: None, error=AutoReconnect('ac-razqnti-shard-00-02.d3vgxxq.mongodb.net:27017: [Errno 7] No address associated with hostname (configured timeouts: socketTimeoutMS: 20000.0ms, connectTimeoutMS: 20000.0ms)')>]>
2026-07-15 13:57:40,056 - server - WARNING - TheSportsDB fetch failed: [Errno 7] No address associated with hostname
2026-07-15 13:58:08,058 - server - WARNING - TheSportsDB fetch failed: [Errno 7] No address associated with hostname
2026-07-15 13:58:09,854 - server - WARNING - Auto match reminders loop failed: ac-razqnti-shard-00-02.d3vgxxq.mongodb.net:27017: [Errno 7] No address associated with hostname (configured timeouts: socketTimeoutMS: 20000.0ms, connectTimeoutMS: 20000.0ms),ac-razqnti-shard-00-00.d3vgxxq.mongodb.net:27017: [Errno 7] No address associated with hostname (configured timeouts: socketTimeoutMS: 20000.0ms, connectTimeoutMS: 20000.0ms),ac-razqnti-shard-00-01.d3vgxxq.mongodb.net:27017: [Errno 7] No address associated with hostname (configured timeouts: socketTimeoutMS: 20000.0ms, connectTimeoutMS: 20000.0ms), Timeout: 30s, Topology Description: <TopologyDescription id: 6a56c057e25220c97e5b857a, topology_type: ReplicaSetNoPrimary, servers: [<ServerDescription ('ac-razqnti-shard-00-00.d3vgxxq.mongodb.net', 27017) server_type: Unknown, rtt: None, error=AutoReconnect('ac-razqnti-shard-00-00.d3vgxxq.mongodb.net:27017: [Errno 7] No address associated with hostname (configured timeouts: socketTimeoutMS: 20000.0ms, connectTimeoutMS: 20000.0ms)')>, <ServerDescription ('ac-razqnti-shard-00-01.d3vgxxq.mongodb.net', 27017) server_type: Unknown, rtt: None, error=AutoReconnect('ac-razqnti-shard-00-01.d3vgxxq.mongodb.net:27017: [Errno 7] No address associated with hostname (configured timeouts: socketTimeoutMS: 20000.0ms, connectTimeoutMS: 20000.0ms)')>, <ServerDescription ('ac-razqnti-shard-00-02.d3vgxxq.mongodb.net', 27017) server_type: Unknown, rtt: None, error=AutoReconnect('ac-razqnti-shard-00-02.d3vgxxq.mongodb.net:27017: [Errno 7] No address associated with hostname (configured timeouts: socketTimeoutMS: 20000.0ms, connectTimeoutMS: 20000.0ms)')>]>
2026-07-15 13:58:10,355 - server - ERROR - auto_sync_loop iteration error: ac-razqnti-shard-00-02.d3vgxxq.mongodb.net:27017: [Errno 7] No address associated with hostname (configured timeouts: socketTimeoutMS: 20000.0ms, connectTimeoutMS: 20000.0ms),ac-razqnti-shard-00-00.d3vgxxq.mongodb.net:27017: [Errno 7] No address associated with hostname (configured timeouts: socketTimeoutMS: 20000.0ms, connectTimeoutMS: 20000.0ms),ac-razqnti-shard-00-01.d3vgxxq.mongodb.net:27017: [Errno 7] No address associated with hostname (configured timeouts: socketTimeoutMS: 20000.0ms, connectTimeoutMS: 20000.0ms), Timeout: 30s, Topology Description: <TopologyDescription id: 6a56c057e25220c97e5b857a, topology_type: ReplicaSetNoPrimary, servers: [<ServerDescription ('ac-razqnti-shard-00-00.d3vgxxq.mongodb.net', 27017) server_type: Unknown, rtt: None, error=AutoReconnect('ac-razqnti-shard-00-00.d3vgxxq.mongodb.net:27017: [Errno 7] No address associated with hostname (configured timeouts: socketTimeoutMS: 20000.0ms, connectTimeoutMS: 20000.0ms)')>, <ServerDescription ('ac-razqnti-shard-00-01.d3vgxxq.mongodb.net', 27017) server_type: Unknown, rtt: None, error=AutoReconnect('ac-razqnti-shard-00-01.d3vgxxq.mongodb.net:27017: [Errno 7] No address associated with hostname (configured timeouts: socketTimeoutMS: 20000.0ms, connectTimeoutMS: 20000.0ms)')>, <ServerDescription ('ac-razqnti-shard-00-02.d3vgxxq.mongodb.net', 27017) server_type: Unknown, rtt: None, error=AutoReconnect('ac-razqnti-shard-00-02.d3vgxxq.mongodb.net:27017: [Errno 7] No address associated with hostname (configured timeouts: socketTimeoutMS: 20000.0ms, connectTimeoutMS: 20000.0ms)')>]>
2026-07-15 13:58:38,106 - server - WARNING - Auto sync loop failed: ac-razqnti-shard-00-02.d3vgxxq.mongodb.net:27017: [Errno 7] No address associated with hostname (configured timeouts: socketTimeoutMS: 20000.0ms, connectTimeoutMS: 20000.0ms),ac-razqnti-shard-00-00.d3vgxxq.mongodb.net:27017: [Errno 7] No address associated with hostname (configured timeouts: socketTimeoutMS: 20000.0ms, connectTimeoutMS: 20000.0ms),ac-razqnti-shard-00-01.d3vgxxq.mongodb.net:27017: [Errno 7] No address associated with hostname (configured timeouts: socketTimeoutMS: 20000.0ms, connectTimeoutMS: 20000.0ms), Timeout: 30s, Topology Description: <TopologyDescription id: 6a56c057e25220c97e5b857a, topology_type: ReplicaSetNoPrimary, servers: [<ServerDescription ('ac-razqnti-shard-00-00.d3vgxxq.mongodb.net', 27017) server_type: Unknown, rtt: None, error=AutoReconnect('ac-razqnti-shard-00-00.d3vgxxq.mongodb.net:27017: [Errno 7] No address associated with hostname (configured timeouts: socketTimeoutMS: 20000.0ms, connectTimeoutMS: 20000.0ms)')>, <ServerDescription ('ac-razqnti-shard-00-01.d3vgxxq.mongodb.net', 27017) server_type: Unknown, rtt: None, error=AutoReconnect('ac-razqnti-shard-00-01.d3vgxxq.mongodb.net:27017: [Errno 7] No address associated with hostname (configured timeouts: socketTimeoutMS: 20000.0ms, connectTimeoutMS: 20000.0ms)')>, <ServerDescription ('ac-razqnti-shard-00-02.d3vgxxq.mongodb.net', 27017) server_type: Unknown, rtt: None, error=AutoReconnect('ac-razqnti-shard-00-02.d3vgxxq.mongodb.net:27017: [Errno 7] No address associated with hostname (configured timeouts: socketTimeoutMS: 20000.0ms, connectTimeoutMS: 20000.0ms)')>]>
2026-07-15 13:58:38,117 - server - WARNING - Auto API-Football sync loop failed: ac-razqnti-shard-00-02.d3vgxxq.mongodb.net:27017: [Errno 7] No address associated with hostname (configured timeouts: socketTimeoutMS: 20000.0ms, connectTimeoutMS: 20000.0ms),ac-razqnti-shard-00-00.d3vgxxq.mongodb.net:27017: [Errno 7] No address associated with hostname (configured timeouts: socketTimeoutMS: 20000.0ms, connectTimeoutMS: 20000.0ms),ac-razqnti-shard-00-01.d3vgxxq.mongodb.net:27017: [Errno 7] No address associated with hostname (configured timeouts: socketTimeoutMS: 20000.0ms, connectTimeoutMS: 20000.0ms), Timeout: 30s, Topology Description: <TopologyDescription id: 6a56c057e25220c97e5b857a, topology_type: ReplicaSetNoPrimary, servers: [<ServerDescription ('ac-razqnti-shard-00-00.d3vgxxq.mongodb.net', 27017) server_type: Unknown, rtt: None, error=AutoReconnect('ac-razqnti-shard-00-00.d3vgxxq.mongodb.net:27017: [Errno 7] No address associated with hostname (configured timeouts: socketTimeoutMS: 20000.0ms, connectTimeoutMS: 20000.0ms)')>, <ServerDescription ('ac-razqnti-shard-00-01.d3vgxxq.mongodb.net', 27017) server_type: Unknown, rtt: None, error=AutoReconnect('ac-razqnti-shard-00-01.d3vgxxq.mongodb.net:27017: [Errno 7] No address associated with hostname (configured timeouts: socketTimeoutMS: 20000.0ms, connectTimeoutMS: 20000.0ms)')>, <ServerDescription ('ac-razqnti-shard-00-02.d3vgxxq.mongodb.net', 27017) server_type: Unknown, rtt: None, error=AutoReconnect('ac-razqnti-shard-00-02.d3vgxxq.mongodb.net:27017: [Errno 7] No address associated with hostname (configured timeouts: socketTimeoutMS: 20000.0ms, connectTimeoutMS: 20000.0ms)')>]>
2026-07-15 13:59:39,897 - server - WARNING - Auto match reminders loop failed: ac-razqnti-shard-00-02.d3vgxxq.mongodb.net:27017: [Errno 7] No address associated with hostname (configured timeouts: socketTimeoutMS: 20000.0ms, connectTimeoutMS: 20000.0ms),ac-razqnti-shard-00-00.d3vgxxq.mongodb.net:27017: [Errno 7] No address associated with hostname (configured timeouts: socketTimeoutMS: 20000.0ms, connectTimeoutMS: 20000.0ms),ac-razqnti-shard-00-01.d3vgxxq.mongodb.net:27017: [Errno 7] No address associated with hostname (configured timeouts: socketTimeoutMS: 20000.0ms, connectTimeoutMS: 20000.0ms), Timeout: 30s, Topology Description: <TopologyDescription id: 6a56c057e25220c97e5b857a, topology_type: ReplicaSetNoPrimary, servers: [<ServerDescription ('ac-razqnti-shard-00-00.d3vgxxq.mongodb.net', 27017) server_type: Unknown, rtt: None, error=AutoReconnect('ac-razqnti-shard-00-00.d3vgxxq.mongodb.net:27017: [Errno 7] No address associated with hostname (configured timeouts: socketTimeoutMS: 20000.0ms, connectTimeoutMS: 20000.0ms)')>, <ServerDescription ('ac-razqnti-shard-00-01.d3vgxxq.mongodb.net', 27017) server_type: Unknown, rtt: None, error=AutoReconnect('ac-razqnti-shard-00-01.d3vgxxq.mongodb.net:27017: [Errno 7] No address associated with hostname (configured timeouts: socketTimeoutMS: 20000.0ms, connectTimeoutMS: 20000.0ms)')>, <ServerDescription ('ac-razqnti-shard-00-02.d3vgxxq.mongodb.net', 27017) server_type: Unknown, rtt: None, error=AutoReconnect('ac-razqnti-shard-00-02.d3vgxxq.mongodb.net:27017: [Errno 7] No address associated with hostname (configured timeouts: socketTimeoutMS: 20000.0ms, connectTimeoutMS: 20000.0ms)')>]>
2026-07-15 14:01:10,266 - server - WARNING - Auto match reminders loop failed: ac-razqnti-shard-00-02.d3vgxxq.mongodb.net:27017: [Errno 7] No address associated with hostname (configured timeouts: socketTimeoutMS: 20000.0ms, connectTimeoutMS: 20000.0ms),ac-razqnti-shard-00-00.d3vgxxq.mongodb.net:27017: [Errno 7] No address associated with hostname (configured timeouts: socketTimeoutMS: 20000.0ms, connectTimeoutMS: 20000.0ms),ac-razqnti-shard-00-01.d3vgxxq.mongodb.net:27017: [Errno 7] No address associated with hostname (configured timeouts: socketTimeoutMS: 20000.0ms, connectTimeoutMS: 20000.0ms), Timeout: 30s, Topology Description: <TopologyDescription id: 6a56c057e25220c97e5b857a, topology_type: ReplicaSetNoPrimary, servers: [<ServerDescription ('ac-razqnti-shard-00-00.d3vgxxq.mongodb.net', 27017) server_type: Unknown, rtt: None, error=AutoReconnect('ac-razqnti-shard-00-00.d3vgxxq.mongodb.net:27017: [Errno 7] No address associated with hostname (configured timeouts: socketTimeoutMS: 20000.0ms, connectTimeoutMS: 20000.0ms)')>, <ServerDescription ('ac-razqnti-shard-00-01.d3vgxxq.mongodb.net', 27017) server_type: Unknown, rtt: None, error=AutoReconnect('ac-razqnti-shard-00-01.d3vgxxq.mongodb.net:27017: [Errno 7] No address associated with hostname (configured timeouts: socketTimeoutMS: 20000.0ms, connectTimeoutMS: 20000.0ms)')>, <ServerDescription ('ac-razqnti-shard-00-02.d3vgxxq.mongodb.net', 27017) server_type: Unknown, rtt: None, error=AutoReconnect('ac-razqnti-shard-00-02.d3vgxxq.mongodb.net:27017: [Errno 7] No address associated with hostname (configured timeouts: socketTimeoutMS: 20000.0ms, connectTimeoutMS: 20000.0ms)')>]>
2026-07-15 14:02:40,596 - server - WARNING - Auto match reminders loop failed: ac-razqnti-shard-00-02.d3vgxxq.mongodb.net:27017: [Errno 7] No address associated with hostname (configured timeouts: socketTimeoutMS: 20000.0ms, connectTimeoutMS: 20000.0ms),ac-razqnti-shard-00-00.d3vgxxq.mongodb.net:27017: [Errno 7] No address associated with hostname (configured timeouts: socketTimeoutMS: 20000.0ms, connectTimeoutMS: 20000.0ms),ac-razqnti-shard-00-01.d3vgxxq.mongodb.net:27017: [Errno 7] No address associated with hostname (configured timeouts: socketTimeoutMS: 20000.0ms, connectTimeoutMS: 20000.0ms), Timeout: 30s, Topology Description: <TopologyDescription id: 6a56c057e25220c97e5b857a, topology_type: ReplicaSetNoPrimary, servers: [<ServerDescription ('ac-razqnti-shard-00-00.d3vgxxq.mongodb.net', 27017) server_type: Unknown, rtt: None, error=AutoReconnect('ac-razqnti-shard-00-00.d3vgxxq.mongodb.net:27017: [Errno 7] No address associated with hostname (configured timeouts: socketTimeoutMS: 20000.0ms, connectTimeoutMS: 20000.0ms)')>, <ServerDescription ('ac-razqnti-shard-00-01.d3vgxxq.mongodb.net', 27017) server_type: Unknown, rtt: None, error=AutoReconnect('ac-razqnti-shard-00-01.d3vgxxq.mongodb.net:27017: [Errno 7] No address associated with hostname (configured timeouts: socketTimeoutMS: 20000.0ms, connectTimeoutMS: 20000.0ms)')>, <ServerDescription ('ac-razqnti-shard-00-02.d3vgxxq.mongodb.net', 27017) server_type: Unknown, rtt: None, error=AutoReconnect('ac-razqnti-shard-00-02.d3vgxxq.mongodb.net:27017: [Errno 7] No address associated with hostname (configured timeouts: socketTimeoutMS: 20000.0ms, connectTimeoutMS: 20000.0ms)')>]>
2026-07-15 14:03:38,147 - server - WARNING - TheSportsDB fetch failed: [Errno 7] No address associated with hostname
2026-07-15 14:04:08,458 - server - WARNING - Auto sync loop failed: ac-razqnti-shard-00-02.d3vgxxq.mongodb.net:27017: [Errno 7] No address associated with hostname (configured timeouts: socketTimeoutMS: 20000.0ms, connectTimeoutMS: 20000.0ms),ac-razqnti-shard-00-00.d3vgxxq.mongodb.net:27017: [Errno 7] No address associated with hostname (configured timeouts: socketTimeoutMS: 20000.0ms, connectTimeoutMS: 20000.0ms),ac-razqnti-shard-00-01.d3vgxxq.mongodb.net:27017: [Errno 7] No address associated with hostname (configured timeouts: socketTimeoutMS: 20000.0ms, connectTimeoutMS: 20000.0ms), Timeout: 30s, Topology Description: <TopologyDescription id: 6a56c057e25220c97e5b857a, topology_type: ReplicaSetNoPrimary, servers: [<ServerDescription ('ac-razqnti-shard-00-00.d3vgxxq.mongodb.net', 27017) server_type: Unknown, rtt: None, error=AutoReconnect('ac-razqnti-shard-00-00.d3vgxxq.mongodb.net:27017: [Errno 7] No address associated with hostname (configured timeouts: socketTimeoutMS: 20000.0ms, connectTimeoutMS: 20000.0ms)')>, <ServerDescription ('ac-razqnti-shard-00-01.d3vgxxq.mongodb.net', 27017) server_type: Unknown, rtt: None, error=AutoReconnect('ac-razqnti-shard-00-01.d3vgxxq.mongodb.net:27017: [Errno 7] No address associated with hostname (configured timeouts: socketTimeoutMS: 20000.0ms, connectTimeoutMS: 20000.0ms)')>, <ServerDescription ('ac-razqnti-shard-00-02.d3vgxxq.mongodb.net', 27017) server_type: Unknown, rtt: None, error=AutoReconnect('ac-razqnti-shard-00-02.d3vgxxq.mongodb.net:27017: [Errno 7] No address associated with hostname (configured timeouts: socketTimeoutMS: 20000.0ms, connectTimeoutMS: 20000.0ms)')>]>
2026-07-15 14:04:08,468 - server - WARNING - Auto API-Football sync loop failed: ac-razqnti-shard-00-02.d3vgxxq.mongodb.net:27017: [Errno 7] No address associated with hostname (configured timeouts: socketTimeoutMS: 20000.0ms, connectTimeoutMS: 20000.0ms),ac-razqnti-shard-00-00.d3vgxxq.mongodb.net:27017: [Errno 7] No address associated with hostname (configured timeouts: socketTimeoutMS: 20000.0ms, connectTimeoutMS: 20000.0ms),ac-razqnti-shard-00-01.d3vgxxq.mongodb.net:27017: [Errno 7] No address associated with hostname (configured timeouts: socketTimeoutMS: 20000.0ms, connectTimeoutMS: 20000.0ms), Timeout: 30s, Topology Description: <TopologyDescription id: 6a56c057e25220c97e5b857a, topology_type: ReplicaSetNoPrimary, servers: [<ServerDescription ('ac-razqnti-shard-00-00.d3vgxxq.mongodb.net', 27017) server_type: Unknown, rtt: None, error=AutoReconnect('ac-razqnti-shard-00-00.d3vgxxq.mongodb.net:27017: [Errno 7] No address associated with hostname (configured timeouts: socketTimeoutMS: 20000.0ms, connectTimeoutMS: 20000.0ms)')>, <ServerDescription ('ac-razqnti-shard-00-01.d3vgxxq.mongodb.net', 27017) server_type: Unknown, rtt: None, error=AutoReconnect('ac-razqnti-shard-00-01.d3vgxxq.mongodb.net:27017: [Errno 7] No address associated with hostname (configured timeouts: socketTimeoutMS: 20000.0ms, connectTimeoutMS: 20000.0ms)')>, <ServerDescription ('ac-razqnti-shard-00-02.d3vgxxq.mongodb.net', 27017) server_type: Unknown, rtt: None, error=AutoReconnect('ac-razqnti-shard-00-02.d3vgxxq.mongodb.net:27017: [Errno 7] No address associated with hostname (configured timeouts: socketTimeoutMS: 20000.0ms, connectTimeoutMS: 20000.0ms)')>]>
2026-07-15 14:04:10,978 - server - WARNING - Auto match reminders loop failed: ac-razqnti-shard-00-02.d3vgxxq.mongodb.net:27017: [Errno 7] No address associated with hostname (configured timeouts: socketTimeoutMS: 20000.0ms, connectTimeoutMS: 20000.0ms),ac-razqnti-shard-00-00.d3vgxxq.mongodb.net:27017: [Errno 7] No address associated with hostname (configured timeouts: socketTimeoutMS: 20000.0ms, connectTimeoutMS: 20000.0ms),ac-razqnti-shard-00-01.d3vgxxq.mongodb.net:27017: [Errno 7] No address associated with hostname (configured timeouts: socketTimeoutMS: 20000.0ms, connectTimeoutMS: 20000.0ms), Timeout: 30s, Topology Description: <TopologyDescription id: 6a56c057e25220c97e5b857a, topology_type: ReplicaSetNoPrimary, servers: [<ServerDescription ('ac-razqnti-shard-00-00.d3vgxxq.mongodb.net', 27017) server_type: Unknown, rtt: None, error=AutoReconnect('ac-razqnti-shard-00-00.d3vgxxq.mongodb.net:27017: [Errno 7] No address associated with hostname (configured timeouts: socketTimeoutMS: 20000.0ms, connectTimeoutMS: 20000.0ms)')>, <ServerDescription ('ac-razqnti-shard-00-01.d3vgxxq.mongodb.net', 27017) server_type: Unknown, rtt: None, error=AutoReconnect('ac-razqnti-shard-00-01.d3vgxxq.mongodb.net:27017: [Errno 7] No address associated with hostname (configured timeouts: socketTimeoutMS: 20000.0ms, connectTimeoutMS: 20000.0ms)')>, <ServerDescription ('ac-razqnti-shard-00-02.d3vgxxq.mongodb.net', 27017) server_type: Unknown, rtt: None, error=AutoReconnect('ac-razqnti-shard-00-02.d3vgxxq.mongodb.net:27017: [Errno 7] No address associated with hostname (configured timeouts: socketTimeoutMS: 20000.0ms, connectTimeoutMS: 20000.0ms)')>]>
2026-07-15 14:05:41,324 - server - WARNING - Auto match reminders loop failed: ac-razqnti-shard-00-02.d3vgxxq.mongodb.net:27017: [Errno 7] No address associated with hostname (configured timeouts: socketTimeoutMS: 20000.0ms, connectTimeoutMS: 20000.0ms),ac-razqnti-shard-00-00.d3vgxxq.mongodb.net:27017: [Errno 7] No address associated with hostname (configured timeouts: socketTimeoutMS: 20000.0ms, connectTimeoutMS: 20000.0ms),ac-razqnti-shard-00-01.d3vgxxq.mongodb.net:27017: [Errno 7] No address associated with hostname (configured timeouts: socketTimeoutMS: 20000.0ms, connectTimeoutMS: 20000.0ms), Timeout: 30s, Topology Description: <TopologyDescription id: 6a56c057e25220c97e5b857a, topology_type: ReplicaSetNoPrimary, servers: [<ServerDescription ('ac-razqnti-shard-00-00.d3vgxxq.mongodb.net', 27017) server_type: Unknown, rtt: None, error=AutoReconnect('ac-razqnti-shard-00-00.d3vgxxq.mongodb.net:27017: [Errno 7] No address associated with hostname (configured timeouts: socketTimeoutMS: 20000.0ms, connectTimeoutMS: 20000.0ms)')>, <ServerDescription ('ac-razqnti-shard-00-01.d3vgxxq.mongodb.net', 27017) server_type: Unknown, rtt: None, error=AutoReconnect('ac-razqnti-shard-00-01.d3vgxxq.mongodb.net:27017: [Errno 7] No address associated with hostname (configured timeouts: socketTimeoutMS: 20000.0ms, connectTimeoutMS: 20000.0ms)')>, <ServerDescription ('ac-razqnti-shard-00-02.d3vgxxq.mongodb.net', 27017) server_type: Unknown, rtt: None, error=AutoReconnect('ac-razqnti-shard-00-02.d3vgxxq.mongodb.net:27017: [Errno 7] No address associated with hostname (configured timeouts: socketTimeoutMS: 20000.0ms, connectTimeoutMS: 20000.0ms)')>]>
2026-07-15 14:07:11,675 - server - WARNING - Auto match reminders loop failed: ac-razqnti-shard-00-02.d3vgxxq.mongodb.net:27017: [Errno 7] No address associated with hostname (configured timeouts: socketTimeoutMS: 20000.0ms, connectTimeoutMS: 20000.0ms),ac-razqnti-shard-00-00.d3vgxxq.mongodb.net:27017: [Errno 7] No address associated with hostname (configured timeouts: socketTimeoutMS: 20000.0ms, connectTimeoutMS: 20000.0ms),ac-razqnti-shard-00-01.d3vgxxq.mongodb.net:27017: [Errno 7] No address associated with hostname (configured timeouts: socketTimeoutMS: 20000.0ms, connectTimeoutMS: 20000.0ms), Timeout: 30s, Topology Description: <TopologyDescription id: 6a56c057e25220c97e5b857a, topology_type: ReplicaSetNoPrimary, servers: [<ServerDescription ('ac-razqnti-shard-00-00.d3vgxxq.mongodb.net', 27017) server_type: Unknown, rtt: None, error=AutoReconnect('ac-razqnti-shard-00-00.d3vgxxq.mongodb.net:27017: [Errno 7] No address associated with hostname (configured timeouts: socketTimeoutMS: 20000.0ms, connectTimeoutMS: 20000.0ms)')>, <ServerDescription ('ac-razqnti-shard-00-01.d3vgxxq.mongodb.net', 27017) server_type: Unknown, rtt: None, error=AutoReconnect('ac-razqnti-shard-00-01.d3vgxxq.mongodb.net:27017: [Errno 7] No address associated with hostname (configured timeouts: socketTimeoutMS: 20000.0ms, connectTimeoutMS: 20000.0ms)')>, <ServerDescription ('ac-razqnti-shard-00-02.d3vgxxq.mongodb.net', 27017) server_type: Unknown, rtt: None, error=AutoReconnect('ac-razqnti-shard-00-02.d3vgxxq.mongodb.net:27017: [Errno 7] No address associated with hostname (configured timeouts: socketTimeoutMS: 20000.0ms, connectTimeoutMS: 20000.0ms)')>]>
2026-07-15 14:08:42,017 - server - WARNING - Auto match reminders loop failed: ac-razqnti-shard-00-02.d3vgxxq.mongodb.net:27017: [Errno 7] No address associated with hostname (configured timeouts: socketTimeoutMS: 20000.0ms, connectTimeoutMS: 20000.0ms),ac-razqnti-shard-00-00.d3vgxxq.mongodb.net:27017: [Errno 7] No address associated with hostname (configured timeouts: socketTimeoutMS: 20000.0ms, connectTimeoutMS: 20000.0ms),ac-razqnti-shard-00-01.d3vgxxq.mongodb.net:27017: [Errno 7] No address associated with hostname (configured timeouts: socketTimeoutMS: 20000.0ms, connectTimeoutMS: 20000.0ms), Timeout: 30s, Topology Description: <TopologyDescription id: 6a56c057e25220c97e5b857a, topology_type: ReplicaSetNoPrimary, servers: [<ServerDescription ('ac-razqnti-shard-00-00.d3vgxxq.mongodb.net', 27017) server_type: Unknown, rtt: None, error=AutoReconnect('ac-razqnti-shard-00-00.d3vgxxq.mongodb.net:27017: [Errno 7] No address associated with hostname (configured timeouts: socketTimeoutMS: 20000.0ms, connectTimeoutMS: 20000.0ms)')>, <ServerDescription ('ac-razqnti-shard-00-01.d3vgxxq.mongodb.net', 27017) server_type: Unknown, rtt: None, error=AutoReconnect('ac-razqnti-shard-00-01.d3vgxxq.mongodb.net:27017: [Errno 7] No address associated with hostname (configured timeouts: socketTimeoutMS: 20000.0ms, connectTimeoutMS: 20000.0ms)')>, <ServerDescription ('ac-razqnti-shard-00-02.d3vgxxq.mongodb.net', 27017) server_type: Unknown, rtt: None, error=AutoReconnect('ac-razqnti-shard-00-02.d3vgxxq.mongodb.net:27017: [Errno 7] No address associated with hostname (configured timeouts: socketTimeoutMS: 20000.0ms, connectTimeoutMS: 20000.0ms)')>]>
2026-07-15 14:09:08,517 - server - WARNING - TheSportsDB fetch failed: [Errno 7] No address associated with hostname
2026-07-15 14:09:38,840 - server - WARNING - Auto sync loop failed: ac-razqnti-shard-00-02.d3vgxxq.mongodb.net:27017: [Errno 7] No address associated with hostname (configured timeouts: socketTimeoutMS: 20000.0ms, connectTimeoutMS: 20000.0ms),ac-razqnti-shard-00-00.d3vgxxq.mongodb.net:27017: [Errno 7] No address associated with hostname (configured timeouts: socketTimeoutMS: 20000.0ms, connectTimeoutMS: 20000.0ms),ac-razqnti-shard-00-01.d3vgxxq.mongodb.net:27017: [Errno 7] No address associated with hostname (configured timeouts: socketTimeoutMS: 20000.0ms, connectTimeoutMS: 20000.0ms), Timeout: 30s, Topology Description: <TopologyDescription id: 6a56c057e25220c97e5b857a, topology_type: ReplicaSetNoPrimary, servers: [<ServerDescription ('ac-razqnti-shard-00-00.d3vgxxq.mongodb.net', 27017) server_type: Unknown, rtt: None, error=AutoReconnect('ac-razqnti-shard-00-00.d3vgxxq.mongodb.net:27017: [Errno 7] No address associated with hostname (configured timeouts: socketTimeoutMS: 20000.0ms, connectTimeoutMS: 20000.0ms)')>, <ServerDescription ('ac-razqnti-shard-00-01.d3vgxxq.mongodb.net', 27017) server_type: Unknown, rtt: None, error=AutoReconnect('ac-razqnti-shard-00-01.d3vgxxq.mongodb.net:27017: [Errno 7] No address associated with hostname (configured timeouts: socketTimeoutMS: 20000.0ms, connectTimeoutMS: 20000.0ms)')>, <ServerDescription ('ac-razqnti-shard-00-02.d3vgxxq.mongodb.net', 27017) server_type: Unknown, rtt: None, error=AutoReconnect('ac-razqnti-shard-00-02.d3vgxxq.mongodb.net:27017: [Errno 7] No address associated with hostname (configured timeouts: socketTimeoutMS: 20000.0ms, connectTimeoutMS: 20000.0ms)')>]>
2026-07-15 14:09:38,849 - server - WARNING - Auto API-Football sync loop failed: ac-razqnti-shard-00-02.d3vgxxq.mongodb.net:27017: [Errno 7] No address associated with hostname (configured timeouts: socketTimeoutMS: 20000.0ms, connectTimeoutMS: 20000.0ms),ac-razqnti-shard-00-00.d3vgxxq.mongodb.net:27017: [Errno 7] No address associated with hostname (configured timeouts: socketTimeoutMS: 20000.0ms, connectTimeoutMS: 20000.0ms),ac-razqnti-shard-00-01.d3vgxxq.mongodb.net:27017: [Errno 7] No address associated with hostname (configured timeouts: socketTimeoutMS: 20000.0ms, connectTimeoutMS: 20000.0ms), Timeout: 30s, Topology Description: <TopologyDescription id: 6a56c057e25220c97e5b857a, topology_type: ReplicaSetNoPrimary, servers: [<ServerDescription ('ac-razqnti-shard-00-00.d3vgxxq.mongodb.net', 27017) server_type: Unknown, rtt: None, error=AutoReconnect('ac-razqnti-shard-00-00.d3vgxxq.mongodb.net:27017: [Errno 7] No address associated with hostname (configured timeouts: socketTimeoutMS: 20000.0ms, connectTimeoutMS: 20000.0ms)')>, <ServerDescription ('ac-razqnti-shard-00-01.d3vgxxq.mongodb.net', 27017) server_type: Unknown, rtt: None, error=AutoReconnect('ac-razqnti-shard-00-01.d3vgxxq.mongodb.net:27017: [Errno 7] No address associated with hostname (configured timeouts: socketTimeoutMS: 20000.0ms, connectTimeoutMS: 20000.0ms)')>, <ServerDescription ('ac-razqnti-shard-00-02.d3vgxxq.mongodb.net', 27017) server_type: Unknown, rtt: None, error=AutoReconnect('ac-razqnti-shard-00-02.d3vgxxq.mongodb.net:27017: [Errno 7] No address associated with hostname (configured timeouts: socketTimeoutMS: 20000.0ms, connectTimeoutMS: 20000.0ms)')>]>
2026-07-15 14:10:12,127 - server - WARNING - Auto match reminders loop failed: ac-razqnti-shard-00-02.d3vgxxq.mongodb.net:27017: [Errno 7] No address associated with hostname (configured timeouts: socketTimeoutMS: 20000.0ms, connectTimeoutMS: 20000.0ms),ac-razqnti-shard-00-00.d3vgxxq.mongodb.net:27017: [Errno 7] No address associated with hostname (configured timeouts: socketTimeoutMS: 20000.0ms, connectTimeoutMS: 20000.0ms),ac-razqnti-shard-00-01.d3vgxxq.mongodb.net:27017: [Errno 7] No address associated with hostname (configured timeouts: socketTimeoutMS: 20000.0ms, connectTimeoutMS: 20000.0ms), Timeout: 30s, Topology Description: <TopologyDescription id: 6a56c057e25220c97e5b857a, topology_type: ReplicaSetNoPrimary, servers: [<ServerDescription ('ac-razqnti-shard-00-00.d3vgxxq.mongodb.net', 27017) server_type: Unknown, rtt: None, error=AutoReconnect('ac-razqnti-shard-00-00.d3vgxxq.mongodb.net:27017: [Errno 7] No address associated with hostname (configured timeouts: socketTimeoutMS: 20000.0ms, connectTimeoutMS: 20000.0ms)')>, <ServerDescription ('ac-razqnti-shard-00-01.d3vgxxq.mongodb.net', 27017) server_type: Unknown, rtt: None, error=AutoReconnect('ac-razqnti-shard-00-01.d3vgxxq.mongodb.net:27017: [Errno 7] No address associated with hostname (configured timeouts: socketTimeoutMS: 20000.0ms, connectTimeoutMS: 20000.0ms)')>, <ServerDescription ('ac-razqnti-shard-00-02.d3vgxxq.mongodb.net', 27017) server_type: Unknown, rtt: None, error=AutoReconnect('ac-razqnti-shard-00-02.d3vgxxq.mongodb.net:27017: [Errno 7] No address associated with hostname (configured timeouts: socketTimeoutMS: 20000.0ms, connectTimeoutMS: 20000.0ms)')>]>
2026-07-15 14:11:42,494 - server - WARNING - Auto match reminders loop failed: ac-razqnti-shard-00-02.d3vgxxq.mongodb.net:27017: [Errno 7] No address associated with hostname (configured timeouts: socketTimeoutMS: 20000.0ms, connectTimeoutMS: 20000.0ms),ac-razqnti-shard-00-00.d3vgxxq.mongodb.net:27017: [Errno 7] No address associated with hostname (configured timeouts: socketTimeoutMS: 20000.0ms, connectTimeoutMS: 20000.0ms),ac-razqnti-shard-00-01.d3vgxxq.mongodb.net:27017: [Errno 7] No address associated with hostname (configured timeouts: socketTimeoutMS: 20000.0ms, connectTimeoutMS: 20000.0ms), Timeout: 30s, Topology Description: <TopologyDescription id: 6a56c057e25220c97e5b857a, topology_type: ReplicaSetNoPrimary, servers: [<ServerDescription ('ac-razqnti-shard-00-00.d3vgxxq.mongodb.net', 27017) server_type: Unknown, rtt: None, error=AutoReconnect('ac-razqnti-shard-00-00.d3vgxxq.mongodb.net:27017: [Errno 7] No address associated with hostname (configured timeouts: socketTimeoutMS: 20000.0ms, connectTimeoutMS: 20000.0ms)')>, <ServerDescription ('ac-razqnti-shard-00-01.d3vgxxq.mongodb.net', 27017) server_type: Unknown, rtt: None, error=AutoReconnect('ac-razqnti-shard-00-01.d3vgxxq.mongodb.net:27017: [Errno 7] No address associated with hostname (configured timeouts: socketTimeoutMS: 20000.0ms, connectTimeoutMS: 20000.0ms)')>, <ServerDescription ('ac-razqnti-shard-00-02.d3vgxxq.mongodb.net', 27017) server_type: Unknown, rtt: None, error=AutoReconnect('ac-razqnti-shard-00-02.d3vgxxq.mongodb.net:27017: [Errno 7] No address associated with hostname (configured timeouts: socketTimeoutMS: 20000.0ms, connectTimeoutMS: 20000.0ms)')>]>
2026-07-15 14:13:10,400 - server - WARNING - TheSportsDB fetch failed: [Errno 7] No address associated with hostname
2026-07-15 14:13:12,503 - server - WARNING - Auto match reminders loop failed: ac-razqnti-shard-00-02.d3vgxxq.mongodb.net:27017: [Errno 7] No address associated with hostname (configured timeouts: socketTimeoutMS: 20000.0ms, connectTimeoutMS: 20000.0ms),ac-razqnti-shard-00-00.d3vgxxq.mongodb.net:27017: [Errno 7] No address associated with hostname (configured timeouts: socketTimeoutMS: 20000.0ms, connectTimeoutMS: 20000.0ms),ac-razqnti-shard-00-01.d3vgxxq.mongodb.net:27017: [Errno 7] No address associated with hostname (configured timeouts: socketTimeoutMS: 20000.0ms, connectTimeoutMS: 20000.0ms), Timeout: 30s, Topology Description: <TopologyDescription id: 6a56c057e25220c97e5b857a, topology_type: ReplicaSetNoPrimary, servers: [<ServerDescription ('ac-razqnti-shard-00-00.d3vgxxq.mongodb.net', 27017) server_type: Unknown, rtt: None, error=AutoReconnect('ac-razqnti-shard-00-00.d3vgxxq.mongodb.net:27017: [Errno 7] No address associated with hostname (configured timeouts: socketTimeoutMS: 20000.0ms, connectTimeoutMS: 20000.0ms)')>, <ServerDescription ('ac-razqnti-shard-00-01.d3vgxxq.mongodb.net', 27017) server_type: Unknown, rtt: None, error=AutoReconnect('ac-razqnti-shard-00-01.d3vgxxq.mongodb.net:27017: [Errno 7] No address associated with hostname (configured timeouts: socketTimeoutMS: 20000.0ms, connectTimeoutMS: 20000.0ms)')>, <ServerDescription ('ac-razqnti-shard-00-02.d3vgxxq.mongodb.net', 27017) server_type: Unknown, rtt: None, error=AutoReconnect('ac-razqnti-shard-00-02.d3vgxxq.mongodb.net:27017: [Errno 7] No address associated with hostname (configured timeouts: socketTimeoutMS: 20000.0ms, connectTimeoutMS: 20000.0ms)')>]>
2026-07-15 14:13:40,701 - server - ERROR - auto_sync_loop iteration error: ac-razqnti-shard-00-02.d3vgxxq.mongodb.net:27017: [Errno 7] No address associated with hostname (configured timeouts: socketTimeoutMS: 20000.0ms, connectTimeoutMS: 20000.0ms),ac-razqnti-shard-00-00.d3vgxxq.mongodb.net:27017: [Errno 7] No address associated with hostname (configured timeouts: socketTimeoutMS: 20000.0ms, connectTimeoutMS: 20000.0ms),ac-razqnti-shard-00-01.d3vgxxq.mongodb.net:27017: [Errno 7] No address associated with hostname (configured timeouts: socketTimeoutMS: 20000.0ms, connectTimeoutMS: 20000.0ms), Timeout: 30s, Topology Description: <TopologyDescription id: 6a56c057e25220c97e5b857a, topology_type: ReplicaSetNoPrimary, servers: [<ServerDescription ('ac-razqnti-shard-00-00.d3vgxxq.mongodb.net', 27017) server_type: Unknown, rtt: None, error=AutoReconnect('ac-razqnti-shard-00-00.d3vgxxq.mongodb.net:27017: [Errno 7] No address associated with hostname (configured timeouts: socketTimeoutMS: 20000.0ms, connectTimeoutMS: 20000.0ms)')>, <ServerDescription ('ac-razqnti-shard-00-01.d3vgxxq.mongodb.net', 27017) server_type: Unknown, rtt: None, error=AutoReconnect('ac-razqnti-shard-00-01.d3vgxxq.mongodb.net:27017: [Errno 7] No address associated with hostname (configured timeouts: socketTimeoutMS: 20000.0ms, connectTimeoutMS: 20000.0ms)')>, <ServerDescription ('ac-razqnti-shard-00-02.d3vgxxq.mongodb.net', 27017) server_type: Unknown, rtt: None, error=AutoReconnect('ac-razqnti-shard-00-02.d3vgxxq.mongodb.net:27017: [Errno 7] No address associated with hostname (configured timeouts: socketTimeoutMS: 20000.0ms, connectTimeoutMS: 20000.0ms)')>]>
2026-07-15 14:14:38,889 - server - WARNING - TheSportsDB fetch failed: [Errno 7] No address associated with hostname
2026-07-15 14:14:42,515 - server - WARNING - Auto match reminders loop failed: ac-razqnti-shard-00-02.d3vgxxq.mongodb.net:27017: [Errno 7] No address associated with hostname (configured timeouts: socketTimeoutMS: 20000.0ms, connectTimeoutMS: 20000.0ms),ac-razqnti-shard-00-00.d3vgxxq.mongodb.net:27017: [Errno 7] No address associated with hostname (configured timeouts: socketTimeoutMS: 20000.0ms, connectTimeoutMS: 20000.0ms),ac-razqnti-shard-00-01.d3vgxxq.mongodb.net:27017: [Errno 7] No address associated with hostname (configured timeouts: socketTimeoutMS: 20000.0ms, connectTimeoutMS: 20000.0ms), Timeout: 30s, Topology Description: <TopologyDescription id: 6a56c057e25220c97e5b857a, topology_type: ReplicaSetNoPrimary, servers: [<ServerDescription ('ac-razqnti-shard-00-00.d3vgxxq.mongodb.net', 27017) server_type: Unknown, rtt: None, error=AutoReconnect('ac-razqnti-shard-00-00.d3vgxxq.mongodb.net:27017: [Errno 7] No address associated with hostname (configured timeouts: socketTimeoutMS: 20000.0ms, connectTimeoutMS: 20000.0ms)')>, <ServerDescription ('ac-razqnti-shard-00-01.d3vgxxq.mongodb.net', 27017) server_type: Unknown, rtt: None, error=AutoReconnect('ac-razqnti-shard-00-01.d3vgxxq.mongodb.net:27017: [Errno 7] No address associated with hostname (configured timeouts: socketTimeoutMS: 20000.0ms, connectTimeoutMS: 20000.0ms)')>, <ServerDescription ('ac-razqnti-shard-00-02.d3vgxxq.mongodb.net', 27017) server_type: Unknown, rtt: None, error=AutoReconnect('ac-razqnti-shard-00-02.d3vgxxq.mongodb.net:27017: [Errno 7] No address associated with hostname (configured timeouts: socketTimeoutMS: 20000.0ms, connectTimeoutMS: 20000.0ms)')>]>
2026-07-15 14:15:09,244 - server - WARNING - Auto sync loop failed: ac-razqnti-shard-00-02.d3vgxxq.mongodb.net:27017: [Errno 7] No address associated with hostname (configured timeouts: socketTimeoutMS: 20000.0ms, connectTimeoutMS: 20000.0ms),ac-razqnti-shard-00-00.d3vgxxq.mongodb.net:27017: [Errno 7] No address associated with hostname (configured timeouts: socketTimeoutMS: 20000.0ms, connectTimeoutMS: 20000.0ms),ac-razqnti-shard-00-01.d3vgxxq.mongodb.net:27017: [Errno 7] No address associated with hostname (configured timeouts: socketTimeoutMS: 20000.0ms, connectTimeoutMS: 20000.0ms), Timeout: 30s, Topology Description: <TopologyDescription id: 6a56c057e25220c97e5b857a, topology_type: ReplicaSetNoPrimary, servers: [<ServerDescription ('ac-razqnti-shard-00-00.d3vgxxq.mongodb.net', 27017) server_type: Unknown, rtt: None, error=AutoReconnect('ac-razqnti-shard-00-00.d3vgxxq.mongodb.net:27017: [Errno 7] No address associated with hostname (configured timeouts: socketTimeoutMS: 20000.0ms, connectTimeoutMS: 20000.0ms)')>, <ServerDescription ('ac-razqnti-shard-00-01.d3vgxxq.mongodb.net', 27017) server_type: Unknown, rtt: None, error=AutoReconnect('ac-razqnti-shard-00-01.d3vgxxq.mongodb.net:27017: [Errno 7] No address associated with hostname (configured timeouts: socketTimeoutMS: 20000.0ms, connectTimeoutMS: 20000.0ms)')>, <ServerDescription ('ac-razqnti-shard-00-02.d3vgxxq.mongodb.net', 27017) server_type: Unknown, rtt: None, error=AutoReconnect('ac-razqnti-shard-00-02.d3vgxxq.mongodb.net:27017: [Errno 7] No address associated with hostname (configured timeouts: socketTimeoutMS: 20000.0ms, connectTimeoutMS: 20000.0ms)')>]>
2026-07-15 14:15:09,253 - server - WARNING - Auto API-Football sync loop failed: ac-razqnti-shard-00-02.d3vgxxq.mongodb.net:27017: [Errno 7] No address associated with hostname (configured timeouts: socketTimeoutMS: 20000.0ms, connectTimeoutMS: 20000.0ms),ac-razqnti-shard-00-00.d3vgxxq.mongodb.net:27017: [Errno 7] No address associated with hostname (configured timeouts: socketTimeoutMS: 20000.0ms, connectTimeoutMS: 20000.0ms),ac-razqnti-shard-00-01.d3vgxxq.mongodb.net:27017: [Errno 7] No address associated with hostname (configured timeouts: socketTimeoutMS: 20000.0ms, connectTimeoutMS: 20000.0ms), Timeout: 30s, Topology Description: <TopologyDescription id: 6a56c057e25220c97e5b857a, topology_type: ReplicaSetNoPrimary, servers: [<ServerDescription ('ac-razqnti-shard-00-00.d3vgxxq.mongodb.net', 27017) server_type: Unknown, rtt: None, error=AutoReconnect('ac-razqnti-shard-00-00.d3vgxxq.mongodb.net:27017: [Errno 7] No address associated with hostname (configured timeouts: socketTimeoutMS: 20000.0ms, connectTimeoutMS: 20000.0ms)')>, <ServerDescription ('ac-razqnti-shard-00-01.d3vgxxq.mongodb.net', 27017) server_type: Unknown, rtt: None, error=AutoReconnect('ac-razqnti-shard-00-01.d3vgxxq.mongodb.net:27017: [Errno 7] No address associated with hostname (configured timeouts: socketTimeoutMS: 20000.0ms, connectTimeoutMS: 20000.0ms)')>, <ServerDescription ('ac-razqnti-shard-00-02.d3vgxxq.mongodb.net', 27017) server_type: Unknown, rtt: None, error=AutoReconnect('ac-razqnti-shard-00-02.d3vgxxq.mongodb.net:27017: [Errno 7] No address associated with hostname (configured timeouts: socketTimeoutMS: 20000.0ms, connectTimeoutMS: 20000.0ms)')>]>
2026-07-15 14:16:12,549 - server - WARNING - Auto match reminders loop failed: ac-razqnti-shard-00-02.d3vgxxq.mongodb.net:27017: [Errno 7] No address associated with hostname (configured timeouts: socketTimeoutMS: 20000.0ms, connectTimeoutMS: 20000.0ms),ac-razqnti-shard-00-00.d3vgxxq.mongodb.net:27017: [Errno 7] No address associated with hostname (configured timeouts: socketTimeoutMS: 20000.0ms, connectTimeoutMS: 20000.0ms),ac-razqnti-shard-00-01.d3vgxxq.mongodb.net:27017: [Errno 7] No address associated with hostname (configured timeouts: socketTimeoutMS: 20000.0ms, connectTimeoutMS: 20000.0ms), Timeout: 30s, Topology Description: <TopologyDescription id: 6a56c057e25220c97e5b857a, topology_type: ReplicaSetNoPrimary, servers: [<ServerDescription ('ac-razqnti-shard-00-00.d3vgxxq.mongodb.net', 27017) server_type: Unknown, rtt: None, error=AutoReconnect('ac-razqnti-shard-00-00.d3vgxxq.mongodb.net:27017: [Errno 7] No address associated with hostname (configured timeouts: socketTimeoutMS: 20000.0ms, connectTimeoutMS: 20000.0ms)')>, <ServerDescription ('ac-razqnti-shard-00-01.d3vgxxq.mongodb.net', 27017) server_type: Unknown, rtt: None, error=AutoReconnect('ac-razqnti-shard-00-01.d3vgxxq.mongodb.net:27017: [Errno 7] No address associated with hostname (configured timeouts: socketTimeoutMS: 20000.0ms, connectTimeoutMS: 20000.0ms)')>, <ServerDescription ('ac-razqnti-shard-00-02.d3vgxxq.mongodb.net', 27017) server_type: Unknown, rtt: None, error=AutoReconnect('ac-razqnti-shard-00-02.d3vgxxq.mongodb.net:27017: [Errno 7] No address associated with hostname (configured timeouts: socketTimeoutMS: 20000.0ms, connectTimeoutMS: 20000.0ms)')>]>
2026-07-15 14:17:42,890 - server - WARNING - Auto match reminders loop failed: ac-razqnti-shard-00-02.d3vgxxq.mongodb.net:27017: [Errno 7] No address associated with hostname (configured timeouts: socketTimeoutMS: 20000.0ms, connectTimeoutMS: 20000.0ms),ac-razqnti-shard-00-00.d3vgxxq.mongodb.net:27017: [Errno 7] No address associated with hostname (configured timeouts: socketTimeoutMS: 20000.0ms, connectTimeoutMS: 20000.0ms),ac-razqnti-shard-00-01.d3vgxxq.mongodb.net:27017: [Errno 7] No address associated with hostname (configured timeouts: socketTimeoutMS: 20000.0ms, connectTimeoutMS: 20000.0ms), Timeout: 30s, Topology Description: <TopologyDescription id: 6a56c057e25220c97e5b857a, topology_type: ReplicaSetNoPrimary, servers: [<ServerDescription ('ac-razqnti-shard-00-00.d3vgxxq.mongodb.net', 27017) server_type: Unknown, rtt: None, error=AutoReconnect('ac-razqnti-shard-00-00.d3vgxxq.mongodb.net:27017: [Errno 7] No address associated with hostname (configured timeouts: socketTimeoutMS: 20000.0ms, connectTimeoutMS: 20000.0ms)')>, <ServerDescription ('ac-razqnti-shard-00-01.d3vgxxq.mongodb.net', 27017) server_type: Unknown, rtt: None, error=AutoReconnect('ac-razqnti-shard-00-01.d3vgxxq.mongodb.net:27017: [Errno 7] No address associated with hostname (configured timeouts: socketTimeoutMS: 20000.0ms, connectTimeoutMS: 20000.0ms)')>, <ServerDescription ('ac-razqnti-shard-00-02.d3vgxxq.mongodb.net', 27017) server_type: Unknown, rtt: None, error=AutoReconnect('ac-razqnti-shard-00-02.d3vgxxq.mongodb.net:27017: [Errno 7] No address associated with hostname (configured timeouts: socketTimeoutMS: 20000.0ms, connectTimeoutMS: 20000.0ms)')>]>
2026-07-15 14:19:13,249 - server - WARNING - Auto match reminders loop failed: ac-razqnti-shard-00-02.d3vgxxq.mongodb.net:27017: [Errno 7] No address associated with hostname (configured timeouts: socketTimeoutMS: 20000.0ms, connectTimeoutMS: 20000.0ms),ac-razqnti-shard-00-00.d3vgxxq.mongodb.net:27017: [Errno 7] No address associated with hostname (configured timeouts: socketTimeoutMS: 20000.0ms, connectTimeoutMS: 20000.0ms),ac-razqnti-shard-00-01.d3vgxxq.mongodb.net:27017: [Errno 7] No address associated with hostname (configured timeouts: socketTimeoutMS: 20000.0ms, connectTimeoutMS: 20000.0ms), Timeout: 30s, Topology Description: <TopologyDescription id: 6a56c057e25220c97e5b857a, topology_type: ReplicaSetNoPrimary, servers: [<ServerDescription ('ac-razqnti-shard-00-00.d3vgxxq.mongodb.net', 27017) server_type: Unknown, rtt: None, error=AutoReconnect('ac-razqnti-shard-00-00.d3vgxxq.mongodb.net:27017: [Errno 7] No address associated with hostname (configured timeouts: socketTimeoutMS: 20000.0ms, connectTimeoutMS: 20000.0ms)')>, <ServerDescription ('ac-razqnti-shard-00-01.d3vgxxq.mongodb.net', 27017) server_type: Unknown, rtt: None, error=AutoReconnect('ac-razqnti-shard-00-01.d3vgxxq.mongodb.net:27017: [Errno 7] No address associated with hostname (configured timeouts: socketTimeoutMS: 20000.0ms, connectTimeoutMS: 20000.0ms)')>, <ServerDescription ('ac-razqnti-shard-00-02.d3vgxxq.mongodb.net', 27017) server_type: Unknown, rtt: None, error=AutoReconnect('ac-razqnti-shard-00-02.d3vgxxq.mongodb.net:27017: [Errno 7] No address associated with hostname (configured timeouts: socketTimeoutMS: 20000.0ms, connectTimeoutMS: 20000.0ms)')>]>
2026-07-15 14:20:09,303 - server - WARNING - TheSportsDB fetch failed: [Errno 7] No address associated with hostname
2026-07-15 14:20:39,597 - server - WARNING - Auto sync loop failed: ac-razqnti-shard-00-02.d3vgxxq.mongodb.net:27017: [Errno 7] No address associated with hostname (configured timeouts: socketTimeoutMS: 20000.0ms, connectTimeoutMS: 20000.0ms),ac-razqnti-shard-00-00.d3vgxxq.mongodb.net:27017: [Errno 7] No address associated with hostname (configured timeouts: socketTimeoutMS: 20000.0ms, connectTimeoutMS: 20000.0ms),ac-razqnti-shard-00-01.d3vgxxq.mongodb.net:27017: [Errno 7] No address associated with hostname (configured timeouts: socketTimeoutMS: 20000.0ms, connectTimeoutMS: 20000.0ms), Timeout: 30s, Topology Description: <TopologyDescription id: 6a56c057e25220c97e5b857a, topology_type: ReplicaSetNoPrimary, servers: [<ServerDescription ('ac-razqnti-shard-00-00.d3vgxxq.mongodb.net', 27017) server_type: Unknown, rtt: None, error=AutoReconnect('ac-razqnti-shard-00-00.d3vgxxq.mongodb.net:27017: [Errno 7] No address associated with hostname (configured timeouts: socketTimeoutMS: 20000.0ms, connectTimeoutMS: 20000.0ms)')>, <ServerDescription ('ac-razqnti-shard-00-01.d3vgxxq.mongodb.net', 27017) server_type: Unknown, rtt: None, error=AutoReconnect('ac-razqnti-shard-00-01.d3vgxxq.mongodb.net:27017: [Errno 7] No address associated with hostname (configured timeouts: socketTimeoutMS: 20000.0ms, connectTimeoutMS: 20000.0ms)')>, <ServerDescription ('ac-razqnti-shard-00-02.d3vgxxq.mongodb.net', 27017) server_type: Unknown, rtt: None, error=AutoReconnect('ac-razqnti-shard-00-02.d3vgxxq.mongodb.net:27017: [Errno 7] No address associated with hostname (configured timeouts: socketTimeoutMS: 20000.0ms, connectTimeoutMS: 20000.0ms)')>]>
2026-07-15 14:20:39,607 - server - WARNING - Auto API-Football sync loop failed: ac-razqnti-shard-00-02.d3vgxxq.mongodb.net:27017: [Errno 7] No address associated with hostname (configured timeouts: socketTimeoutMS: 20000.0ms, connectTimeoutMS: 20000.0ms),ac-razqnti-shard-00-00.d3vgxxq.mongodb.net:27017: [Errno 7] No address associated with hostname (configured timeouts: socketTimeoutMS: 20000.0ms, connectTimeoutMS: 20000.0ms),ac-razqnti-shard-00-01.d3vgxxq.mongodb.net:27017: [Errno 7] No address associated with hostname (configured timeouts: socketTimeoutMS: 20000.0ms, connectTimeoutMS: 20000.0ms), Timeout: 30s, Topology Description: <TopologyDescription id: 6a56c057e25220c97e5b857a, topology_type: ReplicaSetNoPrimary, servers: [<ServerDescription ('ac-razqnti-shard-00-00.d3vgxxq.mongodb.net', 27017) server_type: Unknown, rtt: None, error=AutoReconnect('ac-razqnti-shard-00-00.d3vgxxq.mongodb.net:27017: [Errno 7] No address associated with hostname (configured timeouts: socketTimeoutMS: 20000.0ms, connectTimeoutMS: 20000.0ms)')>, <ServerDescription ('ac-razqnti-shard-00-01.d3vgxxq.mongodb.net', 27017) server_type: Unknown, rtt: None, error=AutoReconnect('ac-razqnti-shard-00-01.d3vgxxq.mongodb.net:27017: [Errno 7] No address associated with hostname (configured timeouts: socketTimeoutMS: 20000.0ms, connectTimeoutMS: 20000.0ms)')>, <ServerDescription ('ac-razqnti-shard-00-02.d3vgxxq.mongodb.net', 27017) server_type: Unknown, rtt: None, error=AutoReconnect('ac-razqnti-shard-00-02.d3vgxxq.mongodb.net:27017: [Errno 7] No address associated with hostname (configured timeouts: socketTimeoutMS: 20000.0ms, connectTimeoutMS: 20000.0ms)')>]>
2026-07-15 14:20:43,632 - server - WARNING - Auto match reminders loop failed: ac-razqnti-shard-00-02.d3vgxxq.mongodb.net:27017: [Errno 7] No address associated with hostname (configured timeouts: socketTimeoutMS: 20000.0ms, connectTimeoutMS: 20000.0ms),ac-razqnti-shard-00-00.d3vgxxq.mongodb.net:27017: [Errno 7] No address associated with hostname (configured timeouts: socketTimeoutMS: 20000.0ms, connectTimeoutMS: 20000.0ms),ac-razqnti-shard-00-01.d3vgxxq.mongodb.net:27017: [Errno 7] No address associated with hostname (configured timeouts: socketTimeoutMS: 20000.0ms, connectTimeoutMS: 20000.0ms), Timeout: 30s, Topology Description: <TopologyDescription id: 6a56c057e25220c97e5b857a, topology_type: ReplicaSetNoPrimary, servers: [<ServerDescription ('ac-razqnti-shard-00-00.d3vgxxq.mongodb.net', 27017) server_type: Unknown, rtt: None, error=AutoReconnect('ac-razqnti-shard-00-00.d3vgxxq.mongodb.net:27017: [Errno 7] No address associated with hostname (configured timeouts: socketTimeoutMS: 20000.0ms, connectTimeoutMS: 20000.0ms)')>, <ServerDescription ('ac-razqnti-shard-00-01.d3vgxxq.mongodb.net', 27017) server_type: Unknown, rtt: None, error=AutoReconnect('ac-razqnti-shard-00-01.d3vgxxq.mongodb.net:27017: [Errno 7] No address associated with hostname (configured timeouts: socketTimeoutMS: 20000.0ms, connectTimeoutMS: 20000.0ms)')>, <ServerDescription ('ac-razqnti-shard-00-02.d3vgxxq.mongodb.net', 27017) server_type: Unknown, rtt: None, error=AutoReconnect('ac-razqnti-shard-00-02.d3vgxxq.mongodb.net:27017: [Errno 7] No address associated with hostname (configured timeouts: socketTimeoutMS: 20000.0ms, connectTimeoutMS: 20000.0ms)')>]>
2026-07-15 14:22:13,976 - server - WARNING - Auto match reminders loop failed: ac-razqnti-shard-00-02.d3vgxxq.mongodb.net:27017: [Errno 7] No address associated with hostname (configured timeouts: socketTimeoutMS: 20000.0ms, connectTimeoutMS: 20000.0ms),ac-razqnti-shard-00-00.d3vgxxq.mongodb.net:27017: [Errno 7] No address associated with hostname (configured timeouts: socketTimeoutMS: 20000.0ms, connectTimeoutMS: 20000.0ms),ac-razqnti-shard-00-01.d3vgxxq.mongodb.net:27017: [Errno 7] No address associated with hostname (configured timeouts: socketTimeoutMS: 20000.0ms, connectTimeoutMS: 20000.0ms), Timeout: 30s, Topology Description: <TopologyDescription id: 6a56c057e25220c97e5b857a, topology_type: ReplicaSetNoPrimary, servers: [<ServerDescription ('ac-razqnti-shard-00-00.d3vgxxq.mongodb.net', 27017) server_type: Unknown, rtt: None, error=AutoReconnect('ac-razqnti-shard-00-00.d3vgxxq.mongodb.net:27017: [Errno 7] No address associated with hostname (configured timeouts: socketTimeoutMS: 20000.0ms, connectTimeoutMS: 20000.0ms)')>, <ServerDescription ('ac-razqnti-shard-00-01.d3vgxxq.mongodb.net', 27017) server_type: Unknown, rtt: None, error=AutoReconnect('ac-razqnti-shard-00-01.d3vgxxq.mongodb.net:27017: [Errno 7] No address associated with hostname (configured timeouts: socketTimeoutMS: 20000.0ms, connectTimeoutMS: 20000.0ms)')>, <ServerDescription ('ac-razqnti-shard-00-02.d3vgxxq.mongodb.net', 27017) server_type: Unknown, rtt: None, error=AutoReconnect('ac-razqnti-shard-00-02.d3vgxxq.mongodb.net:27017: [Errno 7] No address associated with hostname (configured timeouts: socketTimeoutMS: 20000.0ms, connectTimeoutMS: 20000.0ms)')>]>
2026-07-15 14:23:44,287 - server - WARNING - Auto match reminders loop failed: ac-razqnti-shard-00-02.d3vgxxq.mongodb.net:27017: [Errno 7] No address associated with hostname (configured timeouts: socketTimeoutMS: 20000.0ms, connectTimeoutMS: 20000.0ms),ac-razqnti-shard-00-00.d3vgxxq.mongodb.net:27017: [Errno 7] No address associated with hostname (configured timeouts: socketTimeoutMS: 20000.0ms, connectTimeoutMS: 20000.0ms),ac-razqnti-shard-00-01.d3vgxxq.mongodb.net:27017: [Errno 7] No address associated with hostname (configured timeouts: socketTimeoutMS: 20000.0ms, connectTimeoutMS: 20000.0ms), Timeout: 30s, Topology Description: <TopologyDescription id: 6a56c057e25220c97e5b857a, topology_type: ReplicaSetNoPrimary, servers: [<ServerDescription ('ac-razqnti-shard-00-00.d3vgxxq.mongodb.net', 27017) server_type: Unknown, rtt: None, error=AutoReconnect('ac-razqnti-shard-00-00.d3vgxxq.mongodb.net:27017: [Errno 7] No address associated with hostname (configured timeouts: socketTimeoutMS: 20000.0ms, connectTimeoutMS: 20000.0ms)')>, <ServerDescription ('ac-razqnti-shard-00-01.d3vgxxq.mongodb.net', 27017) server_type: Unknown, rtt: None, error=AutoReconnect('ac-razqnti-shard-00-01.d3vgxxq.mongodb.net:27017: [Errno 7] No address associated with hostname (configured timeouts: socketTimeoutMS: 20000.0ms, connectTimeoutMS: 20000.0ms)')>, <ServerDescription ('ac-razqnti-shard-00-02.d3vgxxq.mongodb.net', 27017) server_type: Unknown, rtt: None, error=AutoReconnect('ac-razqnti-shard-00-02.d3vgxxq.mongodb.net:27017: [Errno 7] No address associated with hostname (configured timeouts: socketTimeoutMS: 20000.0ms, connectTimeoutMS: 20000.0ms)')>]>
2026-07-15 14:25:14,619 - server - WARNING - Auto match reminders loop failed: ac-razqnti-shard-00-02.d3vgxxq.mongodb.net:27017: [Errno 7] No address associated with hostname (configured timeouts: socketTimeoutMS: 20000.0ms, connectTimeoutMS: 20000.0ms),ac-razqnti-shard-00-00.d3vgxxq.mongodb.net:27017: [Errno 7] No address associated with hostname (configured timeouts: socketTimeoutMS: 20000.0ms, connectTimeoutMS: 20000.0ms),ac-razqnti-shard-00-01.d3vgxxq.mongodb.net:27017: [Errno 7] No address associated with hostname (configured timeouts: socketTimeoutMS: 20000.0ms, connectTimeoutMS: 20000.0ms), Timeout: 30s, Topology Description: <TopologyDescription id: 6a56c057e25220c97e5b857a, topology_type: ReplicaSetNoPrimary, servers: [<ServerDescription ('ac-razqnti-shard-00-00.d3vgxxq.mongodb.net', 27017) server_type: Unknown, rtt: None, error=AutoReconnect('ac-razqnti-shard-00-00.d3vgxxq.mongodb.net:27017: [Errno 7] No address associated with hostname (configured timeouts: socketTimeoutMS: 20000.0ms, connectTimeoutMS: 20000.0ms)')>, <ServerDescription ('ac-razqnti-shard-00-01.d3vgxxq.mongodb.net', 27017) server_type: Unknown, rtt: None, error=AutoReconnect('ac-razqnti-shard-00-01.d3vgxxq.mongodb.net:27017: [Errno 7] No address associated with hostname (configured timeouts: socketTimeoutMS: 20000.0ms, connectTimeoutMS: 20000.0ms)')>, <ServerDescription ('ac-razqnti-shard-00-02.d3vgxxq.mongodb.net', 27017) server_type: Unknown, rtt: None, error=AutoReconnect('ac-razqnti-shard-00-02.d3vgxxq.mongodb.net:27017: [Errno 7] No address associated with hostname (configured timeouts: socketTimeoutMS: 20000.0ms, connectTimeoutMS: 20000.0ms)')>]>
2026-07-15 14:25:39,648 - server - WARNING - TheSportsDB fetch failed: [Errno 7] No address associated with hostname
2026-07-15 14:26:09,938 - server - WARNING - Auto API-Football sync loop failed: ac-razqnti-shard-00-02.d3vgxxq.mongodb.net:27017: [Errno 7] No address associated with hostname (configured timeouts: socketTimeoutMS: 20000.0ms, connectTimeoutMS: 20000.0ms),ac-razqnti-shard-00-00.d3vgxxq.mongodb.net:27017: [Errno 7] No address associated with hostname (configured timeouts: socketTimeoutMS: 20000.0ms, connectTimeoutMS: 20000.0ms),ac-razqnti-shard-00-01.d3vgxxq.mongodb.net:27017: [Errno 7] No address associated with hostname (configured timeouts: socketTimeoutMS: 20000.0ms, connectTimeoutMS: 20000.0ms), Timeout: 30s, Topology Description: <TopologyDescription id: 6a56c057e25220c97e5b857a, topology_type: ReplicaSetNoPrimary, servers: [<ServerDescription ('ac-razqnti-shard-00-00.d3vgxxq.mongodb.net', 27017) server_type: Unknown, rtt: None, error=AutoReconnect('ac-razqnti-shard-00-00.d3vgxxq.mongodb.net:27017: [Errno 7] No address associated with hostname (configured timeouts: socketTimeoutMS: 20000.0ms, connectTimeoutMS: 20000.0ms)')>, <ServerDescription ('ac-razqnti-shard-00-01.d3vgxxq.mongodb.net', 27017) server_type: Unknown, rtt: None, error=AutoReconnect('ac-razqnti-shard-00-01.d3vgxxq.mongodb.net:27017: [Errno 7] No address associated with hostname (configured timeouts: socketTimeoutMS: 20000.0ms, connectTimeoutMS: 20000.0ms)')>, <ServerDescription ('ac-razqnti-shard-00-02.d3vgxxq.mongodb.net', 27017) server_type: Unknown, rtt: None, error=AutoReconnect('ac-razqnti-shard-00-02.d3vgxxq.mongodb.net:27017: [Errno 7] No address associated with hostname (configured timeouts: socketTimeoutMS: 20000.0ms, connectTimeoutMS: 20000.0ms)')>]>
2026-07-15 14:26:09,941 - server - WARNING - Auto sync loop failed: ac-razqnti-shard-00-02.d3vgxxq.mongodb.net:27017: [Errno 7] No address associated with hostname (configured timeouts: socketTimeoutMS: 20000.0ms, connectTimeoutMS: 20000.0ms),ac-razqnti-shard-00-00.d3vgxxq.mongodb.net:27017: [Errno 7] No address associated with hostname (configured timeouts: socketTimeoutMS: 20000.0ms, connectTimeoutMS: 20000.0ms),ac-razqnti-shard-00-01.d3vgxxq.mongodb.net:27017: [Errno 7] No address associated with hostname (configured timeouts: socketTimeoutMS: 20000.0ms, connectTimeoutMS: 20000.0ms), Timeout: 30s, Topology Description: <TopologyDescription id: 6a56c057e25220c97e5b857a, topology_type: ReplicaSetNoPrimary, servers: [<ServerDescription ('ac-razqnti-shard-00-00.d3vgxxq.mongodb.net', 27017) server_type: Unknown, rtt: None, error=AutoReconnect('ac-razqnti-shard-00-00.d3vgxxq.mongodb.net:27017: [Errno 7] No address associated with hostname (configured timeouts: socketTimeoutMS: 20000.0ms, connectTimeoutMS: 20000.0ms)')>, <ServerDescription ('ac-razqnti-shard-00-01.d3vgxxq.mongodb.net', 27017) server_type: Unknown, rtt: None, error=AutoReconnect('ac-razqnti-shard-00-01.d3vgxxq.mongodb.net:27017: [Errno 7] No address associated with hostname (configured timeouts: socketTimeoutMS: 20000.0ms, connectTimeoutMS: 20000.0ms)')>, <ServerDescription ('ac-razqnti-shard-00-02.d3vgxxq.mongodb.net', 27017) server_type: Unknown, rtt: None, error=AutoReconnect('ac-razqnti-shard-00-02.d3vgxxq.mongodb.net:27017: [Errno 7] No address associated with hostname (configured timeouts: socketTimeoutMS: 20000.0ms, connectTimeoutMS: 20000.0ms)')>]>
2026-07-15 14:26:44,717 - server - WARNING - Auto match reminders loop failed: ac-razqnti-shard-00-02.d3vgxxq.mongodb.net:27017: [Errno 7] No address associated with hostname (configured timeouts: socketTimeoutMS: 20000.0ms, connectTimeoutMS: 20000.0ms),ac-razqnti-shard-00-00.d3vgxxq.mongodb.net:27017: [Errno 7] No address associated with hostname (configured timeouts: socketTimeoutMS: 20000.0ms, connectTimeoutMS: 20000.0ms),ac-razqnti-shard-00-01.d3vgxxq.mongodb.net:27017: [Errno 7] No address associated with hostname (configured timeouts: socketTimeoutMS: 20000.0ms, connectTimeoutMS: 20000.0ms), Timeout: 30s, Topology Description: <TopologyDescription id: 6a56c057e25220c97e5b857a, topology_type: ReplicaSetNoPrimary, servers: [<ServerDescription ('ac-razqnti-shard-00-00.d3vgxxq.mongodb.net', 27017) server_type: Unknown, rtt: None, error=AutoReconnect('ac-razqnti-shard-00-00.d3vgxxq.mongodb.net:27017: [Errno 7] No address associated with hostname (configured timeouts: socketTimeoutMS: 20000.0ms, connectTimeoutMS: 20000.0ms)')>, <ServerDescription ('ac-razqnti-shard-00-01.d3vgxxq.mongodb.net', 27017) server_type: Unknown, rtt: None, error=AutoReconnect('ac-razqnti-shard-00-01.d3vgxxq.mongodb.net:27017: [Errno 7] No address associated with hostname (configured timeouts: socketTimeoutMS: 20000.0ms, connectTimeoutMS: 20000.0ms)')>, <ServerDescription ('ac-razqnti-shard-00-02.d3vgxxq.mongodb.net', 27017) server_type: Unknown, rtt: None, error=AutoReconnect('ac-razqnti-shard-00-02.d3vgxxq.mongodb.net:27017: [Errno 7] No address associated with hostname (configured timeouts: socketTimeoutMS: 20000.0ms, connectTimeoutMS: 20000.0ms)')>]>
2026-07-15 14:28:15,066 - server - WARNING - Auto match reminders loop failed: ac-razqnti-shard-00-02.d3vgxxq.mongodb.net:27017: [Errno 7] No address associated with hostname (configured timeouts: socketTimeoutMS: 20000.0ms, connectTimeoutMS: 20000.0ms),ac-razqnti-shard-00-00.d3vgxxq.mongodb.net:27017: [Errno 7] No address associated with hostname (configured timeouts: socketTimeoutMS: 20000.0ms, connectTimeoutMS: 20000.0ms),ac-razqnti-shard-00-01.d3vgxxq.mongodb.net:27017: [Errno 7] No address associated with hostname (configured timeouts: socketTimeoutMS: 20000.0ms, connectTimeoutMS: 20000.0ms), Timeout: 30s, Topology Description: <TopologyDescription id: 6a56c057e25220c97e5b857a, topology_type: ReplicaSetNoPrimary, servers: [<ServerDescription ('ac-razqnti-shard-00-00.d3vgxxq.mongodb.net', 27017) server_type: Unknown, rtt: None, error=AutoReconnect('ac-razqnti-shard-00-00.d3vgxxq.mongodb.net:27017: [Errno 7] No address associated with hostname (configured timeouts: socketTimeoutMS: 20000.0ms, connectTimeoutMS: 20000.0ms)')>, <ServerDescription ('ac-razqnti-shard-00-01.d3vgxxq.mongodb.net', 27017) server_type: Unknown, rtt: None, error=AutoReconnect('ac-razqnti-shard-00-01.d3vgxxq.mongodb.net:27017: [Errno 7] No address associated with hostname (configured timeouts: socketTimeoutMS: 20000.0ms, connectTimeoutMS: 20000.0ms)')>, <ServerDescription ('ac-razqnti-shard-00-02.d3vgxxq.mongodb.net', 27017) server_type: Unknown, rtt: None, error=AutoReconnect('ac-razqnti-shard-00-02.d3vgxxq.mongodb.net:27017: [Errno 7] No address associated with hostname (configured timeouts: socketTimeoutMS: 20000.0ms, connectTimeoutMS: 20000.0ms)')>]>
2026-07-15 14:28:40,742 - server - WARNING - TheSportsDB fetch failed: [Errno 7] No address associated with hostname
2026-07-15 14:29:10,920 - server - ERROR - auto_sync_loop iteration error: ac-razqnti-shard-00-02.d3vgxxq.mongodb.net:27017: [Errno 7] No address associated with hostname (configured timeouts: socketTimeoutMS: 20000.0ms, connectTimeoutMS: 20000.0ms),ac-razqnti-shard-00-00.d3vgxxq.mongodb.net:27017: [Errno 7] No address associated with hostname (configured timeouts: socketTimeoutMS: 20000.0ms, connectTimeoutMS: 20000.0ms),ac-razqnti-shard-00-01.d3vgxxq.mongodb.net:27017: [Errno 7] No address associated with hostname (configured timeouts: socketTimeoutMS: 20000.0ms, connectTimeoutMS: 20000.0ms), Timeout: 30s, Topology Description: <TopologyDescription id: 6a56c057e25220c97e5b857a, topology_type: ReplicaSetNoPrimary, servers: [<ServerDescription ('ac-razqnti-shard-00-00.d3vgxxq.mongodb.net', 27017) server_type: Unknown, rtt: None, error=AutoReconnect('ac-razqnti-shard-00-00.d3vgxxq.mongodb.net:27017: [Errno 7] No address associated with hostname (configured timeouts: socketTimeoutMS: 20000.0ms, connectTimeoutMS: 20000.0ms)')>, <ServerDescription ('ac-razqnti-shard-00-01.d3vgxxq.mongodb.net', 27017) server_type: Unknown, rtt: None, error=AutoReconnect('ac-razqnti-shard-00-01.d3vgxxq.mongodb.net:27017: [Errno 7] No address associated with hostname (configured timeouts: socketTimeoutMS: 20000.0ms, connectTimeoutMS: 20000.0ms)')>, <ServerDescription ('ac-razqnti-shard-00-02.d3vgxxq.mongodb.net', 27017) server_type: Unknown, rtt: None, error=AutoReconnect('ac-razqnti-shard-00-02.d3vgxxq.mongodb.net:27017: [Errno 7] No address associated with hostname (configured timeouts: socketTimeoutMS: 20000.0ms, connectTimeoutMS: 20000.0ms)')>]>
2026-07-15 14:29:45,196 - server - WARNING - Auto match reminders loop failed: ac-razqnti-shard-00-02.d3vgxxq.mongodb.net:27017: [Errno 7] No address associated with hostname (configured timeouts: socketTimeoutMS: 20000.0ms, connectTimeoutMS: 20000.0ms),ac-razqnti-shard-00-00.d3vgxxq.mongodb.net:27017: [Errno 7] No address associated with hostname (configured timeouts: socketTimeoutMS: 20000.0ms, connectTimeoutMS: 20000.0ms),ac-razqnti-shard-00-01.d3vgxxq.mongodb.net:27017: [Errno 7] No address associated with hostname (configured timeouts: socketTimeoutMS: 20000.0ms, connectTimeoutMS: 20000.0ms), Timeout: 30s, Topology Description: <TopologyDescription id: 6a56c057e25220c97e5b857a, topology_type: ReplicaSetNoPrimary, servers: [<ServerDescription ('ac-razqnti-shard-00-00.d3vgxxq.mongodb.net', 27017) server_type: Unknown, rtt: None, error=AutoReconnect('ac-razqnti-shard-00-00.d3vgxxq.mongodb.net:27017: [Errno 7] No address associated with hostname (configured timeouts: socketTimeoutMS: 20000.0ms, connectTimeoutMS: 20000.0ms)')>, <ServerDescription ('ac-razqnti-shard-00-01.d3vgxxq.mongodb.net', 27017) server_type: Unknown, rtt: None, error=AutoReconnect('ac-razqnti-shard-00-01.d3vgxxq.mongodb.net:27017: [Errno 7] No address associated with hostname (configured timeouts: socketTimeoutMS: 20000.0ms, connectTimeoutMS: 20000.0ms)')>, <ServerDescription ('ac-razqnti-shard-00-02.d3vgxxq.mongodb.net', 27017) server_type: Unknown, rtt: None, error=AutoReconnect('ac-razqnti-shard-00-02.d3vgxxq.mongodb.net:27017: [Errno 7] No address associated with hostname (configured timeouts: socketTimeoutMS: 20000.0ms, connectTimeoutMS: 20000.0ms)')>]>
2026-07-15 14:31:09,991 - server - WARNING - TheSportsDB fetch failed: [Errno 7] No address associated with hostname
2026-07-15 14:31:15,502 - server - WARNING - Auto match reminders loop failed: ac-razqnti-shard-00-02.d3vgxxq.mongodb.net:27017: [Errno 7] No address associated with hostname (configured timeouts: socketTimeoutMS: 20000.0ms, connectTimeoutMS: 20000.0ms),ac-razqnti-shard-00-00.d3vgxxq.mongodb.net:27017: [Errno 7] No address associated with hostname (configured timeouts: socketTimeoutMS: 20000.0ms, connectTimeoutMS: 20000.0ms),ac-razqnti-shard-00-01.d3vgxxq.mongodb.net:27017: [Errno 7] No address associated with hostname (configured timeouts: socketTimeoutMS: 20000.0ms, connectTimeoutMS: 20000.0ms), Timeout: 30s, Topology Description: <TopologyDescription id: 6a56c057e25220c97e5b857a, topology_type: ReplicaSetNoPrimary, servers: [<ServerDescription ('ac-razqnti-shard-00-00.d3vgxxq.mongodb.net', 27017) server_type: Unknown, rtt: None, error=AutoReconnect('ac-razqnti-shard-00-00.d3vgxxq.mongodb.net:27017: [Errno 7] No address associated with hostname (configured timeouts: socketTimeoutMS: 20000.0ms, connectTimeoutMS: 20000.0ms)')>, <ServerDescription ('ac-razqnti-shard-00-01.d3vgxxq.mongodb.net', 27017) server_type: Unknown, rtt: None, error=AutoReconnect('ac-razqnti-shard-00-01.d3vgxxq.mongodb.net:27017: [Errno 7] No address associated with hostname (configured timeouts: socketTimeoutMS: 20000.0ms, connectTimeoutMS: 20000.0ms)')>, <ServerDescription ('ac-razqnti-shard-00-02.d3vgxxq.mongodb.net', 27017) server_type: Unknown, rtt: None, error=AutoReconnect('ac-razqnti-shard-00-02.d3vgxxq.mongodb.net:27017: [Errno 7] No address associated with hostname (configured timeouts: socketTimeoutMS: 20000.0ms, connectTimeoutMS: 20000.0ms)')>]>
2026-07-15 14:31:40,186 - server - WARNING - Auto sync loop failed: ac-razqnti-shard-00-02.d3vgxxq.mongodb.net:27017: [Errno 7] No address associated with hostname (configured timeouts: socketTimeoutMS: 20000.0ms, connectTimeoutMS: 20000.0ms),ac-razqnti-shard-00-00.d3vgxxq.mongodb.net:27017: [Errno 7] No address associated with hostname (configured timeouts: socketTimeoutMS: 20000.0ms, connectTimeoutMS: 20000.0ms),ac-razqnti-shard-00-01.d3vgxxq.mongodb.net:27017: [Errno 7] No address associated with hostname (configured timeouts: socketTimeoutMS: 20000.0ms, connectTimeoutMS: 20000.0ms), Timeout: 30s, Topology Description: <TopologyDescription id: 6a56c057e25220c97e5b857a, topology_type: ReplicaSetNoPrimary, servers: [<ServerDescription ('ac-razqnti-shard-00-00.d3vgxxq.mongodb.net', 27017) server_type: Unknown, rtt: None, error=AutoReconnect('ac-razqnti-shard-00-00.d3vgxxq.mongodb.net:27017: [Errno 7] No address associated with hostname (configured timeouts: socketTimeoutMS: 20000.0ms, connectTimeoutMS: 20000.0ms)')>, <ServerDescription ('ac-razqnti-shard-00-01.d3vgxxq.mongodb.net', 27017) server_type: Unknown, rtt: None, error=AutoReconnect('ac-razqnti-shard-00-01.d3vgxxq.mongodb.net:27017: [Errno 7] No address associated with hostname (configured timeouts: socketTimeoutMS: 20000.0ms, connectTimeoutMS: 20000.0ms)')>, <ServerDescription ('ac-razqnti-shard-00-02.d3vgxxq.mongodb.net', 27017) server_type: Unknown, rtt: None, error=AutoReconnect('ac-razqnti-shard-00-02.d3vgxxq.mongodb.net:27017: [Errno 7] No address associated with hostname (configured timeouts: socketTimeoutMS: 20000.0ms, connectTimeoutMS: 20000.0ms)')>]>
2026-07-15 14:31:40,195 - server - WARNING - Auto API-Football sync loop failed: ac-razqnti-shard-00-02.d3vgxxq.mongodb.net:27017: [Errno 7] No address associated with hostname (configured timeouts: socketTimeoutMS: 20000.0ms, connectTimeoutMS: 20000.0ms),ac-razqnti-shard-00-00.d3vgxxq.mongodb.net:27017: [Errno 7] No address associated with hostname (configured timeouts: socketTimeoutMS: 20000.0ms, connectTimeoutMS: 20000.0ms),ac-razqnti-shard-00-01.d3vgxxq.mongodb.net:27017: [Errno 7] No address associated with hostname (configured timeouts: socketTimeoutMS: 20000.0ms, connectTimeoutMS: 20000.0ms), Timeout: 30s, Topology Description: <TopologyDescription id: 6a56c057e25220c97e5b857a, topology_type: ReplicaSetNoPrimary, servers: [<ServerDescription ('ac-razqnti-shard-00-00.d3vgxxq.mongodb.net', 27017) server_type: Unknown, rtt: None, error=AutoReconnect('ac-razqnti-shard-00-00.d3vgxxq.mongodb.net:27017: [Errno 7] No address associated with hostname (configured timeouts: socketTimeoutMS: 20000.0ms, connectTimeoutMS: 20000.0ms)')>, <ServerDescription ('ac-razqnti-shard-00-01.d3vgxxq.mongodb.net', 27017) server_type: Unknown, rtt: None, error=AutoReconnect('ac-razqnti-shard-00-01.d3vgxxq.mongodb.net:27017: [Errno 7] No address associated with hostname (configured timeouts: socketTimeoutMS: 20000.0ms, connectTimeoutMS: 20000.0ms)')>, <ServerDescription ('ac-razqnti-shard-00-02.d3vgxxq.mongodb.net', 27017) server_type: Unknown, rtt: None, error=AutoReconnect('ac-razqnti-shard-00-02.d3vgxxq.mongodb.net:27017: [Errno 7] No address associated with hostname (configured timeouts: socketTimeoutMS: 20000.0ms, connectTimeoutMS: 20000.0ms)')>]>
2026-07-15 14:32:45,517 - server - WARNING - Auto match reminders loop failed: ac-razqnti-shard-00-02.d3vgxxq.mongodb.net:27017: [Errno 7] No address associated with hostname (configured timeouts: socketTimeoutMS: 20000.0ms, connectTimeoutMS: 20000.0ms),ac-razqnti-shard-00-00.d3vgxxq.mongodb.net:27017: [Errno 7] No address associated with hostname (configured timeouts: socketTimeoutMS: 20000.0ms, connectTimeoutMS: 20000.0ms),ac-razqnti-shard-00-01.d3vgxxq.mongodb.net:27017: [Errno 7] No address associated with hostname (configured timeouts: socketTimeoutMS: 20000.0ms, connectTimeoutMS: 20000.0ms), Timeout: 30s, Topology Description: <TopologyDescription id: 6a56c057e25220c97e5b857a, topology_type: ReplicaSetNoPrimary, servers: [<ServerDescription ('ac-razqnti-shard-00-00.d3vgxxq.mongodb.net', 27017) server_type: Unknown, rtt: None, error=AutoReconnect('ac-razqnti-shard-00-00.d3vgxxq.mongodb.net:27017: [Errno 7] No address associated with hostname (configured timeouts: socketTimeoutMS: 20000.0ms, connectTimeoutMS: 20000.0ms)')>, <ServerDescription ('ac-razqnti-shard-00-01.d3vgxxq.mongodb.net', 27017) server_type: Unknown, rtt: None, error=AutoReconnect('ac-razqnti-shard-00-01.d3vgxxq.mongodb.net:27017: [Errno 7] No address associated with hostname (configured timeouts: socketTimeoutMS: 20000.0ms, connectTimeoutMS: 20000.0ms)')>, <ServerDescription ('ac-razqnti-shard-00-02.d3vgxxq.mongodb.net', 27017) server_type: Unknown, rtt: None, error=AutoReconnect('ac-razqnti-shard-00-02.d3vgxxq.mongodb.net:27017: [Errno 7] No address associated with hostname (configured timeouts: socketTimeoutMS: 20000.0ms, connectTimeoutMS: 20000.0ms)')>]>
2026-07-15 14:34:15,828 - server - WARNING - Auto match reminders loop failed: ac-razqnti-shard-00-02.d3vgxxq.mongodb.net:27017: [Errno 7] No address associated with hostname (configured timeouts: socketTimeoutMS: 20000.0ms, connectTimeoutMS: 20000.0ms),ac-razqnti-shard-00-00.d3vgxxq.mongodb.net:27017: [Errno 7] No address associated with hostname (configured timeouts: socketTimeoutMS: 20000.0ms, connectTimeoutMS: 20000.0ms),ac-razqnti-shard-00-01.d3vgxxq.mongodb.net:27017: [Errno 7] No address associated with hostname (configured timeouts: socketTimeoutMS: 20000.0ms, connectTimeoutMS: 20000.0ms), Timeout: 30s, Topology Description: <TopologyDescription id: 6a56c057e25220c97e5b857a, topology_type: ReplicaSetNoPrimary, servers: [<ServerDescription ('ac-razqnti-shard-00-00.d3vgxxq.mongodb.net', 27017) server_type: Unknown, rtt: None, error=AutoReconnect('ac-razqnti-shard-00-00.d3vgxxq.mongodb.net:27017: [Errno 7] No address associated with hostname (configured timeouts: socketTimeoutMS: 20000.0ms, connectTimeoutMS: 20000.0ms)')>, <ServerDescription ('ac-razqnti-shard-00-01.d3vgxxq.mongodb.net', 27017) server_type: Unknown, rtt: None, error=AutoReconnect('ac-razqnti-shard-00-01.d3vgxxq.mongodb.net:27017: [Errno 7] No address associated with hostname (configured timeouts: socketTimeoutMS: 20000.0ms, connectTimeoutMS: 20000.0ms)')>, <ServerDescription ('ac-razqnti-shard-00-02.d3vgxxq.mongodb.net', 27017) server_type: Unknown, rtt: None, error=AutoReconnect('ac-razqnti-shard-00-02.d3vgxxq.mongodb.net:27017: [Errno 7] No address associated with hostname (configured timeouts: socketTimeoutMS: 20000.0ms, connectTimeoutMS: 20000.0ms)')>]>
2026-07-15 14:35:46,151 - server - WARNING - Auto match reminders loop failed: ac-razqnti-shard-00-02.d3vgxxq.mongodb.net:27017: [Errno 7] No address associated with hostname (configured timeouts: socketTimeoutMS: 20000.0ms, connectTimeoutMS: 20000.0ms),ac-razqnti-shard-00-00.d3vgxxq.mongodb.net:27017: [Errno 7] No address associated with hostname (configured timeouts: socketTimeoutMS: 20000.0ms, connectTimeoutMS: 20000.0ms),ac-razqnti-shard-00-01.d3vgxxq.mongodb.net:27017: [Errno 7] No address associated with hostname (configured timeouts: socketTimeoutMS: 20000.0ms, connectTimeoutMS: 20000.0ms), Timeout: 30s, Topology Description: <TopologyDescription id: 6a56c057e25220c97e5b857a, topology_type: ReplicaSetNoPrimary, servers: [<ServerDescription ('ac-razqnti-shard-00-00.d3vgxxq.mongodb.net', 27017) server_type: Unknown, rtt: None, error=AutoReconnect('ac-razqnti-shard-00-00.d3vgxxq.mongodb.net:27017: [Errno 7] No address associated with hostname (configured timeouts: socketTimeoutMS: 20000.0ms, connectTimeoutMS: 20000.0ms)')>, <ServerDescription ('ac-razqnti-shard-00-01.d3vgxxq.mongodb.net', 27017) server_type: Unknown, rtt: None, error=AutoReconnect('ac-razqnti-shard-00-01.d3vgxxq.mongodb.net:27017: [Errno 7] No address associated with hostname (configured timeouts: socketTimeoutMS: 20000.0ms, connectTimeoutMS: 20000.0ms)')>, <ServerDescription ('ac-razqnti-shard-00-02.d3vgxxq.mongodb.net', 27017) server_type: Unknown, rtt: None, error=AutoReconnect('ac-razqnti-shard-00-02.d3vgxxq.mongodb.net:27017: [Errno 7] No address associated with hostname (configured timeouts: socketTimeoutMS: 20000.0ms, connectTimeoutMS: 20000.0ms)')>]>
2026-07-15 14:36:40,260 - server - WARNING - TheSportsDB fetch failed: [Errno 7] No address associated with hostname
2026-07-15 14:37:10,498 - server - WARNING - Auto sync loop failed: ac-razqnti-shard-00-02.d3vgxxq.mongodb.net:27017: [Errno 7] No address associated with hostname (configured timeouts: socketTimeoutMS: 20000.0ms, connectTimeoutMS: 20000.0ms),ac-razqnti-shard-00-00.d3vgxxq.mongodb.net:27017: [Errno 7] No address associated with hostname (configured timeouts: socketTimeoutMS: 20000.0ms, connectTimeoutMS: 20000.0ms),ac-razqnti-shard-00-01.d3vgxxq.mongodb.net:27017: [Errno 7] No address associated with hostname (configured timeouts: socketTimeoutMS: 20000.0ms, connectTimeoutMS: 20000.0ms), Timeout: 30s, Topology Description: <TopologyDescription id: 6a56c057e25220c97e5b857a, topology_type: ReplicaSetNoPrimary, servers: [<ServerDescription ('ac-razqnti-shard-00-00.d3vgxxq.mongodb.net', 27017) server_type: Unknown, rtt: None, error=AutoReconnect('ac-razqnti-shard-00-00.d3vgxxq.mongodb.net:27017: [Errno 7] No address associated with hostname (configured timeouts: socketTimeoutMS: 20000.0ms, connectTimeoutMS: 20000.0ms)')>, <ServerDescription ('ac-razqnti-shard-00-01.d3vgxxq.mongodb.net', 27017) server_type: Unknown, rtt: None, error=AutoReconnect('ac-razqnti-shard-00-01.d3vgxxq.mongodb.net:27017: [Errno 7] No address associated with hostname (configured timeouts: socketTimeoutMS: 20000.0ms, connectTimeoutMS: 20000.0ms)')>, <ServerDescription ('ac-razqnti-shard-00-02.d3vgxxq.mongodb.net', 27017) server_type: Unknown, rtt: None, error=AutoReconnect('ac-razqnti-shard-00-02.d3vgxxq.mongodb.net:27017: [Errno 7] No address associated with hostname (configured timeouts: socketTimeoutMS: 20000.0ms, connectTimeoutMS: 20000.0ms)')>]>
2026-07-15 14:37:10,507 - server - WARNING - Auto API-Football sync loop failed: ac-razqnti-shard-00-02.d3vgxxq.mongodb.net:27017: [Errno 7] No address associated with hostname (configured timeouts: socketTimeoutMS: 20000.0ms, connectTimeoutMS: 20000.0ms),ac-razqnti-shard-00-00.d3vgxxq.mongodb.net:27017: [Errno 7] No address associated with hostname (configured timeouts: socketTimeoutMS: 20000.0ms, connectTimeoutMS: 20000.0ms),ac-razqnti-shard-00-01.d3vgxxq.mongodb.net:27017: [Errno 7] No address associated with hostname (configured timeouts: socketTimeoutMS: 20000.0ms, connectTimeoutMS: 20000.0ms), Timeout: 30s, Topology Description: <TopologyDescription id: 6a56c057e25220c97e5b857a, topology_type: ReplicaSetNoPrimary, servers: [<ServerDescription ('ac-razqnti-shard-00-00.d3vgxxq.mongodb.net', 27017) server_type: Unknown, rtt: None, error=AutoReconnect('ac-razqnti-shard-00-00.d3vgxxq.mongodb.net:27017: [Errno 7] No address associated with hostname (configured timeouts: socketTimeoutMS: 20000.0ms, connectTimeoutMS: 20000.0ms)')>, <ServerDescription ('ac-razqnti-shard-00-01.d3vgxxq.mongodb.net', 27017) server_type: Unknown, rtt: None, error=AutoReconnect('ac-razqnti-shard-00-01.d3vgxxq.mongodb.net:27017: [Errno 7] No address associated with hostname (configured timeouts: socketTimeoutMS: 20000.0ms, connectTimeoutMS: 20000.0ms)')>, <ServerDescription ('ac-razqnti-shard-00-02.d3vgxxq.mongodb.net', 27017) server_type: Unknown, rtt: None, error=AutoReconnect('ac-razqnti-shard-00-02.d3vgxxq.mongodb.net:27017: [Errno 7] No address associated with hostname (configured timeouts: socketTimeoutMS: 20000.0ms, connectTimeoutMS: 20000.0ms)')>]>
2026-07-15 14:37:16,564 - server - WARNING - Auto match reminders loop failed: ac-razqnti-shard-00-02.d3vgxxq.mongodb.net:27017: [Errno 7] No address associated with hostname (configured timeouts: socketTimeoutMS: 20000.0ms, connectTimeoutMS: 20000.0ms),ac-razqnti-shard-00-00.d3vgxxq.mongodb.net:27017: [Errno 7] No address associated with hostname (configured timeouts: socketTimeoutMS: 20000.0ms, connectTimeoutMS: 20000.0ms),ac-razqnti-shard-00-01.d3vgxxq.mongodb.net:27017: [Errno 7] No address associated with hostname (configured timeouts: socketTimeoutMS: 20000.0ms, connectTimeoutMS: 20000.0ms), Timeout: 30s, Topology Description: <TopologyDescription id: 6a56c057e25220c97e5b857a, topology_type: ReplicaSetNoPrimary, servers: [<ServerDescription ('ac-razqnti-shard-00-00.d3vgxxq.mongodb.net', 27017) server_type: Unknown, rtt: None, error=AutoReconnect('ac-razqnti-shard-00-00.d3vgxxq.mongodb.net:27017: [Errno 7] No address associated with hostname (configured timeouts: socketTimeoutMS: 20000.0ms, connectTimeoutMS: 20000.0ms)')>, <ServerDescription ('ac-razqnti-shard-00-01.d3vgxxq.mongodb.net', 27017) server_type: Unknown, rtt: None, error=AutoReconnect('ac-razqnti-shard-00-01.d3vgxxq.mongodb.net:27017: [Errno 7] No address associated with hostname (configured timeouts: socketTimeoutMS: 20000.0ms, connectTimeoutMS: 20000.0ms)')>, <ServerDescription ('ac-razqnti-shard-00-02.d3vgxxq.mongodb.net', 27017) server_type: Unknown, rtt: None, error=AutoReconnect('ac-razqnti-shard-00-02.d3vgxxq.mongodb.net:27017: [Errno 7] No address associated with hostname (configured timeouts: socketTimeoutMS: 20000.0ms, connectTimeoutMS: 20000.0ms)')>]>
2026-07-15 14:38:46,935 - server - WARNING - Auto match reminders loop failed: ac-razqnti-shard-00-02.d3vgxxq.mongodb.net:27017: [Errno 7] No address associated with hostname (configured timeouts: socketTimeoutMS: 20000.0ms, connectTimeoutMS: 20000.0ms),ac-razqnti-shard-00-00.d3vgxxq.mongodb.net:27017: [Errno 7] No address associated with hostname (configured timeouts: socketTimeoutMS: 20000.0ms, connectTimeoutMS: 20000.0ms),ac-razqnti-shard-00-01.d3vgxxq.mongodb.net:27017: [Errno 7] No address associated with hostname (configured timeouts: socketTimeoutMS: 20000.0ms, connectTimeoutMS: 20000.0ms), Timeout: 30s, Topology Description: <TopologyDescription id: 6a56c057e25220c97e5b857a, topology_type: ReplicaSetNoPrimary, servers: [<ServerDescription ('ac-razqnti-shard-00-00.d3vgxxq.mongodb.net', 27017) server_type: Unknown, rtt: None, error=AutoReconnect('ac-razqnti-shard-00-00.d3vgxxq.mongodb.net:27017: [Errno 7] No address associated with hostname (configured timeouts: socketTimeoutMS: 20000.0ms, connectTimeoutMS: 20000.0ms)')>, <ServerDescription ('ac-razqnti-shard-00-01.d3vgxxq.mongodb.net', 27017) server_type: Unknown, rtt: None, error=AutoReconnect('ac-razqnti-shard-00-01.d3vgxxq.mongodb.net:27017: [Errno 7] No address associated with hostname (configured timeouts: socketTimeoutMS: 20000.0ms, connectTimeoutMS: 20000.0ms)')>, <ServerDescription ('ac-razqnti-shard-00-02.d3vgxxq.mongodb.net', 27017) server_type: Unknown, rtt: None, error=AutoReconnect('ac-razqnti-shard-00-02.d3vgxxq.mongodb.net:27017: [Errno 7] No address associated with hostname (configured timeouts: socketTimeoutMS: 20000.0ms, connectTimeoutMS: 20000.0ms)')>]>
2026-07-15 14:40:17,285 - server - WARNING - Auto match reminders loop failed: ac-razqnti-shard-00-02.d3vgxxq.mongodb.net:27017: [Errno 7] No address associated with hostname (configured timeouts: socketTimeoutMS: 20000.0ms, connectTimeoutMS: 20000.0ms),ac-razqnti-shard-00-00.d3vgxxq.mongodb.net:27017: [Errno 7] No address associated with hostname (configured timeouts: socketTimeoutMS: 20000.0ms, connectTimeoutMS: 20000.0ms),ac-razqnti-shard-00-01.d3vgxxq.mongodb.net:27017: [Errno 7] No address associated with hostname (configured timeouts: socketTimeoutMS: 20000.0ms, connectTimeoutMS: 20000.0ms), Timeout: 30s, Topology Description: <TopologyDescription id: 6a56c057e25220c97e5b857a, topology_type: ReplicaSetNoPrimary, servers: [<ServerDescription ('ac-razqnti-shard-00-00.d3vgxxq.mongodb.net', 27017) server_type: Unknown, rtt: None, error=AutoReconnect('ac-razqnti-shard-00-00.d3vgxxq.mongodb.net:27017: [Errno 7] No address associated with hostname (configured timeouts: socketTimeoutMS: 20000.0ms, connectTimeoutMS: 20000.0ms)')>, <ServerDescription ('ac-razqnti-shard-00-01.d3vgxxq.mongodb.net', 27017) server_type: Unknown, rtt: None, error=AutoReconnect('ac-razqnti-shard-00-01.d3vgxxq.mongodb.net:27017: [Errno 7] No address associated with hostname (configured timeouts: socketTimeoutMS: 20000.0ms, connectTimeoutMS: 20000.0ms)')>, <ServerDescription ('ac-razqnti-shard-00-02.d3vgxxq.mongodb.net', 27017) server_type: Unknown, rtt: None, error=AutoReconnect('ac-razqnti-shard-00-02.d3vgxxq.mongodb.net:27017: [Errno 7] No address associated with hostname (configured timeouts: socketTimeoutMS: 20000.0ms, connectTimeoutMS: 20000.0ms)')>]>
2026-07-15 14:41:47,648 - server - WARNING - Auto match reminders loop failed: ac-razqnti-shard-00-02.d3vgxxq.mongodb.net:27017: [Errno 7] No address associated with hostname (configured timeouts: socketTimeoutMS: 20000.0ms, connectTimeoutMS: 20000.0ms),ac-razqnti-shard-00-00.d3vgxxq.mongodb.net:27017: [Errno 7] No address associated with hostname (configured timeouts: socketTimeoutMS: 20000.0ms, connectTimeoutMS: 20000.0ms),ac-razqnti-shard-00-01.d3vgxxq.mongodb.net:27017: [Errno 7] No address associated with hostname (configured timeouts: socketTimeoutMS: 20000.0ms, connectTimeoutMS: 20000.0ms), Timeout: 30s, Topology Description: <TopologyDescription id: 6a56c057e25220c97e5b857a, topology_type: ReplicaSetNoPrimary, servers: [<ServerDescription ('ac-razqnti-shard-00-00.d3vgxxq.mongodb.net', 27017) server_type: Unknown, rtt: None, error=AutoReconnect('ac-razqnti-shard-00-00.d3vgxxq.mongodb.net:27017: [Errno 7] No address associated with hostname (configured timeouts: socketTimeoutMS: 20000.0ms, connectTimeoutMS: 20000.0ms)')>, <ServerDescription ('ac-razqnti-shard-00-01.d3vgxxq.mongodb.net', 27017) server_type: Unknown, rtt: None, error=AutoReconnect('ac-razqnti-shard-00-01.d3vgxxq.mongodb.net:27017: [Errno 7] No address associated with hostname (configured timeouts: socketTimeoutMS: 20000.0ms, connectTimeoutMS: 20000.0ms)')>, <ServerDescription ('ac-razqnti-shard-00-02.d3vgxxq.mongodb.net', 27017) server_type: Unknown, rtt: None, error=AutoReconnect('ac-razqnti-shard-00-02.d3vgxxq.mongodb.net:27017: [Errno 7] No address associated with hostname (configured timeouts: socketTimeoutMS: 20000.0ms, connectTimeoutMS: 20000.0ms)')>]>
2026-07-15 14:42:10,557 - server - WARNING - TheSportsDB fetch failed: [Errno 7] No address associated with hostname
2026-07-15 14:42:40,955 - server - WARNING - Auto sync loop failed: ac-razqnti-shard-00-02.d3vgxxq.mongodb.net:27017: [Errno 7] No address associated with hostname (configured timeouts: socketTimeoutMS: 20000.0ms, connectTimeoutMS: 20000.0ms),ac-razqnti-shard-00-00.d3vgxxq.mongodb.net:27017: [Errno 7] No address associated with hostname (configured timeouts: socketTimeoutMS: 20000.0ms, connectTimeoutMS: 20000.0ms),ac-razqnti-shard-00-01.d3vgxxq.mongodb.net:27017: [Errno 7] No address associated with hostname (configured timeouts: socketTimeoutMS: 20000.0ms, connectTimeoutMS: 20000.0ms), Timeout: 30s, Topology Description: <TopologyDescription id: 6a56c057e25220c97e5b857a, topology_type: ReplicaSetNoPrimary, servers: [<ServerDescription ('ac-razqnti-shard-00-00.d3vgxxq.mongodb.net', 27017) server_type: Unknown, rtt: None, error=AutoReconnect('ac-razqnti-shard-00-00.d3vgxxq.mongodb.net:27017: [Errno 7] No address associated with hostname (configured timeouts: socketTimeoutMS: 20000.0ms, connectTimeoutMS: 20000.0ms)')>, <ServerDescription ('ac-razqnti-shard-00-01.d3vgxxq.mongodb.net', 27017) server_type: Unknown, rtt: None, error=AutoReconnect('ac-razqnti-shard-00-01.d3vgxxq.mongodb.net:27017: [Errno 7] No address associated with hostname (configured timeouts: socketTimeoutMS: 20000.0ms, connectTimeoutMS: 20000.0ms)')>, <ServerDescription ('ac-razqnti-shard-00-02.d3vgxxq.mongodb.net', 27017) server_type: Unknown, rtt: None, error=AutoReconnect('ac-razqnti-shard-00-02.d3vgxxq.mongodb.net:27017: [Errno 7] No address associated with hostname (configured timeouts: socketTimeoutMS: 20000.0ms, connectTimeoutMS: 20000.0ms)')>]>
2026-07-15 14:42:40,964 - server - WARNING - Auto API-Football sync loop failed: ac-razqnti-shard-00-02.d3vgxxq.mongodb.net:27017: [Errno 7] No address associated with hostname (configured timeouts: socketTimeoutMS: 20000.0ms, connectTimeoutMS: 20000.0ms),ac-razqnti-shard-00-00.d3vgxxq.mongodb.net:27017: [Errno 7] No address associated with hostname (configured timeouts: socketTimeoutMS: 20000.0ms, connectTimeoutMS: 20000.0ms),ac-razqnti-shard-00-01.d3vgxxq.mongodb.net:27017: [Errno 7] No address associated with hostname (configured timeouts: socketTimeoutMS: 20000.0ms, connectTimeoutMS: 20000.0ms), Timeout: 30s, Topology Description: <TopologyDescription id: 6a56c057e25220c97e5b857a, topology_type: ReplicaSetNoPrimary, servers: [<ServerDescription ('ac-razqnti-shard-00-00.d3vgxxq.mongodb.net', 27017) server_type: Unknown, rtt: None, error=AutoReconnect('ac-razqnti-shard-00-00.d3vgxxq.mongodb.net:27017: [Errno 7] No address associated with hostname (configured timeouts: socketTimeoutMS: 20000.0ms, connectTimeoutMS: 20000.0ms)')>, <ServerDescription ('ac-razqnti-shard-00-01.d3vgxxq.mongodb.net', 27017) server_type: Unknown, rtt: None, error=AutoReconnect('ac-razqnti-shard-00-01.d3vgxxq.mongodb.net:27017: [Errno 7] No address associated with hostname (configured timeouts: socketTimeoutMS: 20000.0ms, connectTimeoutMS: 20000.0ms)')>, <ServerDescription ('ac-razqnti-shard-00-02.d3vgxxq.mongodb.net', 27017) server_type: Unknown, rtt: None, error=AutoReconnect('ac-razqnti-shard-00-02.d3vgxxq.mongodb.net:27017: [Errno 7] No address associated with hostname (configured timeouts: socketTimeoutMS: 20000.0ms, connectTimeoutMS: 20000.0ms)')>]>
2026-07-15 14:43:17,731 - server - WARNING - Auto match reminders loop failed: ac-razqnti-shard-00-02.d3vgxxq.mongodb.net:27017: [Errno 7] No address associated with hostname (configured timeouts: socketTimeoutMS: 20000.0ms, connectTimeoutMS: 20000.0ms),ac-razqnti-shard-00-00.d3vgxxq.mongodb.net:27017: [Errno 7] No address associated with hostname (configured timeouts: socketTimeoutMS: 20000.0ms, connectTimeoutMS: 20000.0ms),ac-razqnti-shard-00-01.d3vgxxq.mongodb.net:27017: [Errno 7] No address associated with hostname (configured timeouts: socketTimeoutMS: 20000.0ms, connectTimeoutMS: 20000.0ms), Timeout: 30s, Topology Description: <TopologyDescription id: 6a56c057e25220c97e5b857a, topology_type: ReplicaSetNoPrimary, servers: [<ServerDescription ('ac-razqnti-shard-00-00.d3vgxxq.mongodb.net', 27017) server_type: Unknown, rtt: None, error=AutoReconnect('ac-razqnti-shard-00-00.d3vgxxq.mongodb.net:27017: [Errno 7] No address associated with hostname (configured timeouts: socketTimeoutMS: 20000.0ms, connectTimeoutMS: 20000.0ms)')>, <ServerDescription ('ac-razqnti-shard-00-01.d3vgxxq.mongodb.net', 27017) server_type: Unknown, rtt: None, error=AutoReconnect('ac-razqnti-shard-00-01.d3vgxxq.mongodb.net:27017: [Errno 7] No address associated with hostname (configured timeouts: socketTimeoutMS: 20000.0ms, connectTimeoutMS: 20000.0ms)')>, <ServerDescription ('ac-razqnti-shard-00-02.d3vgxxq.mongodb.net', 27017) server_type: Unknown, rtt: None, error=AutoReconnect('ac-razqnti-shard-00-02.d3vgxxq.mongodb.net:27017: [Errno 7] No address associated with hostname (configured timeouts: socketTimeoutMS: 20000.0ms, connectTimeoutMS: 20000.0ms)')>]>
2026-07-15 14:44:10,980 - server - WARNING - TheSportsDB fetch failed: [Errno 7] No address associated with hostname
2026-07-15 14:44:41,071 - server - ERROR - auto_sync_loop iteration error: ac-razqnti-shard-00-02.d3vgxxq.mongodb.net:27017: [Errno 7] No address associated with hostname (configured timeouts: socketTimeoutMS: 20000.0ms, connectTimeoutMS: 20000.0ms),ac-razqnti-shard-00-00.d3vgxxq.mongodb.net:27017: [Errno 7] No address associated with hostname (configured timeouts: socketTimeoutMS: 20000.0ms, connectTimeoutMS: 20000.0ms),ac-razqnti-shard-00-01.d3vgxxq.mongodb.net:27017: [Errno 7] No address associated with hostname (configured timeouts: socketTimeoutMS: 20000.0ms, connectTimeoutMS: 20000.0ms), Timeout: 30s, Topology Description: <TopologyDescription id: 6a56c057e25220c97e5b857a, topology_type: ReplicaSetNoPrimary, servers: [<ServerDescription ('ac-razqnti-shard-00-00.d3vgxxq.mongodb.net', 27017) server_type: Unknown, rtt: None, error=AutoReconnect('ac-razqnti-shard-00-00.d3vgxxq.mongodb.net:27017: [Errno 7] No address associated with hostname (configured timeouts: socketTimeoutMS: 20000.0ms, connectTimeoutMS: 20000.0ms)')>, <ServerDescription ('ac-razqnti-shard-00-01.d3vgxxq.mongodb.net', 27017) server_type: Unknown, rtt: None, error=AutoReconnect('ac-razqnti-shard-00-01.d3vgxxq.mongodb.net:27017: [Errno 7] No address associated with hostname (configured timeouts: socketTimeoutMS: 20000.0ms, connectTimeoutMS: 20000.0ms)')>, <ServerDescription ('ac-razqnti-shard-00-02.d3vgxxq.mongodb.net', 27017) server_type: Unknown, rtt: None, error=AutoReconnect('ac-razqnti-shard-00-02.d3vgxxq.mongodb.net:27017: [Errno 7] No address associated with hostname (configured timeouts: socketTimeoutMS: 20000.0ms, connectTimeoutMS: 20000.0ms)')>]>
2026-07-15 14:44:48,132 - server - WARNING - Auto match reminders loop failed: ac-razqnti-shard-00-02.d3vgxxq.mongodb.net:27017: [Errno 7] No address associated with hostname (configured timeouts: socketTimeoutMS: 20000.0ms, connectTimeoutMS: 20000.0ms),ac-razqnti-shard-00-00.d3vgxxq.mongodb.net:27017: [Errno 7] No address associated with hostname (configured timeouts: socketTimeoutMS: 20000.0ms, connectTimeoutMS: 20000.0ms),ac-razqnti-shard-00-01.d3vgxxq.mongodb.net:27017: [Errno 7] No address associated with hostname (configured timeouts: socketTimeoutMS: 20000.0ms, connectTimeoutMS: 20000.0ms), Timeout: 30s, Topology Description: <TopologyDescription id: 6a56c057e25220c97e5b857a, topology_type: ReplicaSetNoPrimary, servers: [<ServerDescription ('ac-razqnti-shard-00-00.d3vgxxq.mongodb.net', 27017) server_type: Unknown, rtt: None, error=AutoReconnect('ac-razqnti-shard-00-00.d3vgxxq.mongodb.net:27017: [Errno 7] No address associated with hostname (configured timeouts: socketTimeoutMS: 20000.0ms, connectTimeoutMS: 20000.0ms)')>, <ServerDescription ('ac-razqnti-shard-00-01.d3vgxxq.mongodb.net', 27017) server_type: Unknown, rtt: None, error=AutoReconnect('ac-razqnti-shard-00-01.d3vgxxq.mongodb.net:27017: [Errno 7] No address associated with hostname (configured timeouts: socketTimeoutMS: 20000.0ms, connectTimeoutMS: 20000.0ms)')>, <ServerDescription ('ac-razqnti-shard-00-02.d3vgxxq.mongodb.net', 27017) server_type: Unknown, rtt: None, error=AutoReconnect('ac-razqnti-shard-00-02.d3vgxxq.mongodb.net:27017: [Errno 7] No address associated with hostname (configured timeouts: socketTimeoutMS: 20000.0ms, connectTimeoutMS: 20000.0ms)')>]>
2026-07-15 14:46:18,505 - server - WARNING - Auto match reminders loop failed: ac-razqnti-shard-00-02.d3vgxxq.mongodb.net:27017: [Errno 7] No address associated with hostname (configured timeouts: socketTimeoutMS: 20000.0ms, connectTimeoutMS: 20000.0ms),ac-razqnti-shard-00-00.d3vgxxq.mongodb.net:27017: [Errno 7] No address associated with hostname (configured timeouts: socketTimeoutMS: 20000.0ms, connectTimeoutMS: 20000.0ms),ac-razqnti-shard-00-01.d3vgxxq.mongodb.net:27017: [Errno 7] No address associated with hostname (configured timeouts: socketTimeoutMS: 20000.0ms, connectTimeoutMS: 20000.0ms), Timeout: 30s, Topology Description: <TopologyDescription id: 6a56c057e25220c97e5b857a, topology_type: ReplicaSetNoPrimary, servers: [<ServerDescription ('ac-razqnti-shard-00-00.d3vgxxq.mongodb.net', 27017) server_type: Unknown, rtt: None, error=AutoReconnect('ac-razqnti-shard-00-00.d3vgxxq.mongodb.net:27017: [Errno 7] No address associated with hostname (configured timeouts: socketTimeoutMS: 20000.0ms, connectTimeoutMS: 20000.0ms)')>, <ServerDescription ('ac-razqnti-shard-00-01.d3vgxxq.mongodb.net', 27017) server_type: Unknown, rtt: None, error=AutoReconnect('ac-razqnti-shard-00-01.d3vgxxq.mongodb.net:27017: [Errno 7] No address associated with hostname (configured timeouts: socketTimeoutMS: 20000.0ms, connectTimeoutMS: 20000.0ms)')>, <ServerDescription ('ac-razqnti-shard-00-02.d3vgxxq.mongodb.net', 27017) server_type: Unknown, rtt: None, error=AutoReconnect('ac-razqnti-shard-00-02.d3vgxxq.mongodb.net:27017: [Errno 7] No address associated with hostname (configured timeouts: socketTimeoutMS: 20000.0ms, connectTimeoutMS: 20000.0ms)')>]>
2026-07-15 14:47:41,007 - server - WARNING - TheSportsDB fetch failed: [Errno 7] No address associated with hostname
2026-07-15 14:47:48,861 - server - WARNING - Auto match reminders loop failed: ac-razqnti-shard-00-02.d3vgxxq.mongodb.net:27017: [Errno 7] No address associated with hostname (configured timeouts: socketTimeoutMS: 20000.0ms, connectTimeoutMS: 20000.0ms),ac-razqnti-shard-00-00.d3vgxxq.mongodb.net:27017: [Errno 7] No address associated with hostname (configured timeouts: socketTimeoutMS: 20000.0ms, connectTimeoutMS: 20000.0ms),ac-razqnti-shard-00-01.d3vgxxq.mongodb.net:27017: [Errno 7] No address associated with hostname (configured timeouts: socketTimeoutMS: 20000.0ms, connectTimeoutMS: 20000.0ms), Timeout: 30s, Topology Description: <TopologyDescription id: 6a56c057e25220c97e5b857a, topology_type: ReplicaSetNoPrimary, servers: [<ServerDescription ('ac-razqnti-shard-00-00.d3vgxxq.mongodb.net', 27017) server_type: Unknown, rtt: None, error=AutoReconnect('ac-razqnti-shard-00-00.d3vgxxq.mongodb.net:27017: [Errno 7] No address associated with hostname (configured timeouts: socketTimeoutMS: 20000.0ms, connectTimeoutMS: 20000.0ms)')>, <ServerDescription ('ac-razqnti-shard-00-01.d3vgxxq.mongodb.net', 27017) server_type: Unknown, rtt: None, error=AutoReconnect('ac-razqnti-shard-00-01.d3vgxxq.mongodb.net:27017: [Errno 7] No address associated with hostname (configured timeouts: socketTimeoutMS: 20000.0ms, connectTimeoutMS: 20000.0ms)')>, <ServerDescription ('ac-razqnti-shard-00-02.d3vgxxq.mongodb.net', 27017) server_type: Unknown, rtt: None, error=AutoReconnect('ac-razqnti-shard-00-02.d3vgxxq.mongodb.net:27017: [Errno 7] No address associated with hostname (configured timeouts: socketTimeoutMS: 20000.0ms, connectTimeoutMS: 20000.0ms)')>]>
2026-07-15 14:48:11,041 - server - WARNING - Auto sync loop failed: ac-razqnti-shard-00-02.d3vgxxq.mongodb.net:27017: [Errno 7] No address associated with hostname (configured timeouts: socketTimeoutMS: 20000.0ms, connectTimeoutMS: 20000.0ms),ac-razqnti-shard-00-00.d3vgxxq.mongodb.net:27017: [Errno 7] No address associated with hostname (configured timeouts: socketTimeoutMS: 20000.0ms, connectTimeoutMS: 20000.0ms),ac-razqnti-shard-00-01.d3vgxxq.mongodb.net:27017: [Errno 7] No address associated with hostname (configured timeouts: socketTimeoutMS: 20000.0ms, connectTimeoutMS: 20000.0ms), Timeout: 30s, Topology Description: <TopologyDescription id: 6a56c057e25220c97e5b857a, topology_type: ReplicaSetNoPrimary, servers: [<ServerDescription ('ac-razqnti-shard-00-00.d3vgxxq.mongodb.net', 27017) server_type: Unknown, rtt: None, error=AutoReconnect('ac-razqnti-shard-00-00.d3vgxxq.mongodb.net:27017: [Errno 7] No address associated with hostname (configured timeouts: socketTimeoutMS: 20000.0ms, connectTimeoutMS: 20000.0ms)')>, <ServerDescription ('ac-razqnti-shard-00-01.d3vgxxq.mongodb.net', 27017) server_type: Unknown, rtt: None, error=AutoReconnect('ac-razqnti-shard-00-01.d3vgxxq.mongodb.net:27017: [Errno 7] No address associated with hostname (configured timeouts: socketTimeoutMS: 20000.0ms, connectTimeoutMS: 20000.0ms)')>, <ServerDescription ('ac-razqnti-shard-00-02.d3vgxxq.mongodb.net', 27017) server_type: Unknown, rtt: None, error=AutoReconnect('ac-razqnti-shard-00-02.d3vgxxq.mongodb.net:27017: [Errno 7] No address associated with hostname (configured timeouts: socketTimeoutMS: 20000.0ms, connectTimeoutMS: 20000.0ms)')>]>
2026-07-15 14:48:11,050 - server - WARNING - Auto API-Football sync loop failed: ac-razqnti-shard-00-02.d3vgxxq.mongodb.net:27017: [Errno 7] No address associated with hostname (configured timeouts: socketTimeoutMS: 20000.0ms, connectTimeoutMS: 20000.0ms),ac-razqnti-shard-00-00.d3vgxxq.mongodb.net:27017: [Errno 7] No address associated with hostname (configured timeouts: socketTimeoutMS: 20000.0ms, connectTimeoutMS: 20000.0ms),ac-razqnti-shard-00-01.d3vgxxq.mongodb.net:27017: [Errno 7] No address associated with hostname (configured timeouts: socketTimeoutMS: 20000.0ms, connectTimeoutMS: 20000.0ms), Timeout: 30s, Topology Description: <TopologyDescription id: 6a56c057e25220c97e5b857a, topology_type: ReplicaSetNoPrimary, servers: [<ServerDescription ('ac-razqnti-shard-00-00.d3vgxxq.mongodb.net', 27017) server_type: Unknown, rtt: None, error=AutoReconnect('ac-razqnti-shard-00-00.d3vgxxq.mongodb.net:27017: [Errno 7] No address associated with hostname (configured timeouts: socketTimeoutMS: 20000.0ms, connectTimeoutMS: 20000.0ms)')>, <ServerDescription ('ac-razqnti-shard-00-01.d3vgxxq.mongodb.net', 27017) server_type: Unknown, rtt: None, error=AutoReconnect('ac-razqnti-shard-00-01.d3vgxxq.mongodb.net:27017: [Errno 7] No address associated with hostname (configured timeouts: socketTimeoutMS: 20000.0ms, connectTimeoutMS: 20000.0ms)')>, <ServerDescription ('ac-razqnti-shard-00-02.d3vgxxq.mongodb.net', 27017) server_type: Unknown, rtt: None, error=AutoReconnect('ac-razqnti-shard-00-02.d3vgxxq.mongodb.net:27017: [Errno 7] No address associated with hostname (configured timeouts: socketTimeoutMS: 20000.0ms, connectTimeoutMS: 20000.0ms)')>]>
2026-07-15 14:49:18,888 - server - WARNING - Auto match reminders loop failed: ac-razqnti-shard-00-02.d3vgxxq.mongodb.net:27017: [Errno 7] No address associated with hostname (configured timeouts: socketTimeoutMS: 20000.0ms, connectTimeoutMS: 20000.0ms),ac-razqnti-shard-00-00.d3vgxxq.mongodb.net:27017: [Errno 7] No address associated with hostname (configured timeouts: socketTimeoutMS: 20000.0ms, connectTimeoutMS: 20000.0ms),ac-razqnti-shard-00-01.d3vgxxq.mongodb.net:27017: [Errno 7] No address associated with hostname (configured timeouts: socketTimeoutMS: 20000.0ms, connectTimeoutMS: 20000.0ms), Timeout: 30s, Topology Description: <TopologyDescription id: 6a56c057e25220c97e5b857a, topology_type: ReplicaSetNoPrimary, servers: [<ServerDescription ('ac-razqnti-shard-00-00.d3vgxxq.mongodb.net', 27017) server_type: Unknown, rtt: None, error=AutoReconnect('ac-razqnti-shard-00-00.d3vgxxq.mongodb.net:27017: [Errno 7] No address associated with hostname (configured timeouts: socketTimeoutMS: 20000.0ms, connectTimeoutMS: 20000.0ms)')>, <ServerDescription ('ac-razqnti-shard-00-01.d3vgxxq.mongodb.net', 27017) server_type: Unknown, rtt: None, error=AutoReconnect('ac-razqnti-shard-00-01.d3vgxxq.mongodb.net:27017: [Errno 7] No address associated with hostname (configured timeouts: socketTimeoutMS: 20000.0ms, connectTimeoutMS: 20000.0ms)')>, <ServerDescription ('ac-razqnti-shard-00-02.d3vgxxq.mongodb.net', 27017) server_type: Unknown, rtt: None, error=AutoReconnect('ac-razqnti-shard-00-02.d3vgxxq.mongodb.net:27017: [Errno 7] No address associated with hostname (configured timeouts: socketTimeoutMS: 20000.0ms, connectTimeoutMS: 20000.0ms)')>]>
2026-07-15 14:50:49,204 - server - WARNING - Auto match reminders loop failed: ac-razqnti-shard-00-02.d3vgxxq.mongodb.net:27017: [Errno 7] No address associated with hostname (configured timeouts: socketTimeoutMS: 20000.0ms, connectTimeoutMS: 20000.0ms),ac-razqnti-shard-00-00.d3vgxxq.mongodb.net:27017: [Errno 7] No address associated with hostname (configured timeouts: socketTimeoutMS: 20000.0ms, connectTimeoutMS: 20000.0ms),ac-razqnti-shard-00-01.d3vgxxq.mongodb.net:27017: [Errno 7] No address associated with hostname (configured timeouts: socketTimeoutMS: 20000.0ms, connectTimeoutMS: 20000.0ms), Timeout: 30s, Topology Description: <TopologyDescription id: 6a56c057e25220c97e5b857a, topology_type: ReplicaSetNoPrimary, servers: [<ServerDescription ('ac-razqnti-shard-00-00.d3vgxxq.mongodb.net', 27017) server_type: Unknown, rtt: None, error=AutoReconnect('ac-razqnti-shard-00-00.d3vgxxq.mongodb.net:27017: [Errno 7] No address associated with hostname (configured timeouts: socketTimeoutMS: 20000.0ms, connectTimeoutMS: 20000.0ms)')>, <ServerDescription ('ac-razqnti-shard-00-01.d3vgxxq.mongodb.net', 27017) server_type: Unknown, rtt: None, error=AutoReconnect('ac-razqnti-shard-00-01.d3vgxxq.mongodb.net:27017: [Errno 7] No address associated with hostname (configured timeouts: socketTimeoutMS: 20000.0ms, connectTimeoutMS: 20000.0ms)')>, <ServerDescription ('ac-razqnti-shard-00-02.d3vgxxq.mongodb.net', 27017) server_type: Unknown, rtt: None, error=AutoReconnect('ac-razqnti-shard-00-02.d3vgxxq.mongodb.net:27017: [Errno 7] No address associated with hostname (configured timeouts: socketTimeoutMS: 20000.0ms, connectTimeoutMS: 20000.0ms)')>]>
2026-07-15 14:52:19,543 - server - WARNING - Auto match reminders loop failed: ac-razqnti-shard-00-02.d3vgxxq.mongodb.net:27017: [Errno 7] No address associated with hostname (configured timeouts: socketTimeoutMS: 20000.0ms, connectTimeoutMS: 20000.0ms),ac-razqnti-shard-00-00.d3vgxxq.mongodb.net:27017: [Errno 7] No address associated with hostname (configured timeouts: socketTimeoutMS: 20000.0ms, connectTimeoutMS: 20000.0ms),ac-razqnti-shard-00-01.d3vgxxq.mongodb.net:27017: [Errno 7] No address associated with hostname (configured timeouts: socketTimeoutMS: 20000.0ms, connectTimeoutMS: 20000.0ms), Timeout: 30s, Topology Description: <TopologyDescription id: 6a56c057e25220c97e5b857a, topology_type: ReplicaSetNoPrimary, servers: [<ServerDescription ('ac-razqnti-shard-00-00.d3vgxxq.mongodb.net', 27017) server_type: Unknown, rtt: None, error=AutoReconnect('ac-razqnti-shard-00-00.d3vgxxq.mongodb.net:27017: [Errno 7] No address associated with hostname (configured timeouts: socketTimeoutMS: 20000.0ms, connectTimeoutMS: 20000.0ms)')>, <ServerDescription ('ac-razqnti-shard-00-01.d3vgxxq.mongodb.net', 27017) server_type: Unknown, rtt: None, error=AutoReconnect('ac-razqnti-shard-00-01.d3vgxxq.mongodb.net:27017: [Errno 7] No address associated with hostname (configured timeouts: socketTimeoutMS: 20000.0ms, connectTimeoutMS: 20000.0ms)')>, <ServerDescription ('ac-razqnti-shard-00-02.d3vgxxq.mongodb.net', 27017) server_type: Unknown, rtt: None, error=AutoReconnect('ac-razqnti-shard-00-02.d3vgxxq.mongodb.net:27017: [Errno 7] No address associated with hostname (configured timeouts: socketTimeoutMS: 20000.0ms, connectTimeoutMS: 20000.0ms)')>]>
2026-07-15 14:53:11,085 - server - WARNING - TheSportsDB fetch failed: [Errno 7] No address associated with hostname
2026-07-15 14:53:41,378 - server - WARNING - Auto sync loop failed: ac-razqnti-shard-00-02.d3vgxxq.mongodb.net:27017: [Errno 7] No address associated with hostname (configured timeouts: socketTimeoutMS: 20000.0ms, connectTimeoutMS: 20000.0ms),ac-razqnti-shard-00-00.d3vgxxq.mongodb.net:27017: [Errno 7] No address associated with hostname (configured timeouts: socketTimeoutMS: 20000.0ms, connectTimeoutMS: 20000.0ms),ac-razqnti-shard-00-01.d3vgxxq.mongodb.net:27017: [Errno 7] No address associated with hostname (configured timeouts: socketTimeoutMS: 20000.0ms, connectTimeoutMS: 20000.0ms), Timeout: 30s, Topology Description: <TopologyDescription id: 6a56c057e25220c97e5b857a, topology_type: ReplicaSetNoPrimary, servers: [<ServerDescription ('ac-razqnti-shard-00-00.d3vgxxq.mongodb.net', 27017) server_type: Unknown, rtt: None, error=AutoReconnect('ac-razqnti-shard-00-00.d3vgxxq.mongodb.net:27017: [Errno 7] No address associated with hostname (configured timeouts: socketTimeoutMS: 20000.0ms, connectTimeoutMS: 20000.0ms)')>, <ServerDescription ('ac-razqnti-shard-00-01.d3vgxxq.mongodb.net', 27017) server_type: Unknown, rtt: None, error=AutoReconnect('ac-razqnti-shard-00-01.d3vgxxq.mongodb.net:27017: [Errno 7] No address associated with hostname (configured timeouts: socketTimeoutMS: 20000.0ms, connectTimeoutMS: 20000.0ms)')>, <ServerDescription ('ac-razqnti-shard-00-02.d3vgxxq.mongodb.net', 27017) server_type: Unknown, rtt: None, error=AutoReconnect('ac-razqnti-shard-00-02.d3vgxxq.mongodb.net:27017: [Errno 7] No address associated with hostname (configured timeouts: socketTimeoutMS: 20000.0ms, connectTimeoutMS: 20000.0ms)')>]>
2026-07-15 14:53:41,387 - server - WARNING - Auto API-Football sync loop failed: ac-razqnti-shard-00-02.d3vgxxq.mongodb.net:27017: [Errno 7] No address associated with hostname (configured timeouts: socketTimeoutMS: 20000.0ms, connectTimeoutMS: 20000.0ms),ac-razqnti-shard-00-00.d3vgxxq.mongodb.net:27017: [Errno 7] No address associated with hostname (configured timeouts: socketTimeoutMS: 20000.0ms, connectTimeoutMS: 20000.0ms),ac-razqnti-shard-00-01.d3vgxxq.mongodb.net:27017: [Errno 7] No address associated with hostname (configured timeouts: socketTimeoutMS: 20000.0ms, connectTimeoutMS: 20000.0ms), Timeout: 30s, Topology Description: <TopologyDescription id: 6a56c057e25220c97e5b857a, topology_type: ReplicaSetNoPrimary, servers: [<ServerDescription ('ac-razqnti-shard-00-00.d3vgxxq.mongodb.net', 27017) server_type: Unknown, rtt: None, error=AutoReconnect('ac-razqnti-shard-00-00.d3vgxxq.mongodb.net:27017: [Errno 7] No address associated with hostname (configured timeouts: socketTimeoutMS: 20000.0ms, connectTimeoutMS: 20000.0ms)')>, <ServerDescription ('ac-razqnti-shard-00-01.d3vgxxq.mongodb.net', 27017) server_type: Unknown, rtt: None, error=AutoReconnect('ac-razqnti-shard-00-01.d3vgxxq.mongodb.net:27017: [Errno 7] No address associated with hostname (configured timeouts: socketTimeoutMS: 20000.0ms, connectTimeoutMS: 20000.0ms)')>, <ServerDescription ('ac-razqnti-shard-00-02.d3vgxxq.mongodb.net', 27017) server_type: Unknown, rtt: None, error=AutoReconnect('ac-razqnti-shard-00-02.d3vgxxq.mongodb.net:27017: [Errno 7] No address associated with hostname (configured timeouts: socketTimeoutMS: 20000.0ms, connectTimeoutMS: 20000.0ms)')>]>
2026-07-15 14:53:49,943 - server - WARNING - Auto match reminders loop failed: ac-razqnti-shard-00-02.d3vgxxq.mongodb.net:27017: [Errno 7] No address associated with hostname (configured timeouts: socketTimeoutMS: 20000.0ms, connectTimeoutMS: 20000.0ms),ac-razqnti-shard-00-00.d3vgxxq.mongodb.net:27017: [Errno 7] No address associated with hostname (configured timeouts: socketTimeoutMS: 20000.0ms, connectTimeoutMS: 20000.0ms),ac-razqnti-shard-00-01.d3vgxxq.mongodb.net:27017: [Errno 7] No address associated with hostname (configured timeouts: socketTimeoutMS: 20000.0ms, connectTimeoutMS: 20000.0ms), Timeout: 30s, Topology Description: <TopologyDescription id: 6a56c057e25220c97e5b857a, topology_type: ReplicaSetNoPrimary, servers: [<ServerDescription ('ac-razqnti-shard-00-00.d3vgxxq.mongodb.net', 27017) server_type: Unknown, rtt: None, error=AutoReconnect('ac-razqnti-shard-00-00.d3vgxxq.mongodb.net:27017: [Errno 7] No address associated with hostname (configured timeouts: socketTimeoutMS: 20000.0ms, connectTimeoutMS: 20000.0ms)')>, <ServerDescription ('ac-razqnti-shard-00-01.d3vgxxq.mongodb.net', 27017) server_type: Unknown, rtt: None, error=AutoReconnect('ac-razqnti-shard-00-01.d3vgxxq.mongodb.net:27017: [Errno 7] No address associated with hostname (configured timeouts: socketTimeoutMS: 20000.0ms, connectTimeoutMS: 20000.0ms)')>, <ServerDescription ('ac-razqnti-shard-00-02.d3vgxxq.mongodb.net', 27017) server_type: Unknown, rtt: None, error=AutoReconnect('ac-razqnti-shard-00-02.d3vgxxq.mongodb.net:27017: [Errno 7] No address associated with hostname (configured timeouts: socketTimeoutMS: 20000.0ms, connectTimeoutMS: 20000.0ms)')>]>
2026-07-15 14:55:20,301 - server - WARNING - Auto match reminders loop failed: ac-razqnti-shard-00-02.d3vgxxq.mongodb.net:27017: [Errno 7] No address associated with hostname (configured timeouts: socketTimeoutMS: 20000.0ms, connectTimeoutMS: 20000.0ms),ac-razqnti-shard-00-00.d3vgxxq.mongodb.net:27017: [Errno 7] No address associated with hostname (configured timeouts: socketTimeoutMS: 20000.0ms, connectTimeoutMS: 20000.0ms),ac-razqnti-shard-00-01.d3vgxxq.mongodb.net:27017: [Errno 7] No address associated with hostname (configured timeouts: socketTimeoutMS: 20000.0ms, connectTimeoutMS: 20000.0ms), Timeout: 30s, Topology Description: <TopologyDescription id: 6a56c057e25220c97e5b857a, topology_type: ReplicaSetNoPrimary, servers: [<ServerDescription ('ac-razqnti-shard-00-00.d3vgxxq.mongodb.net', 27017) server_type: Unknown, rtt: None, error=AutoReconnect('ac-razqnti-shard-00-00.d3vgxxq.mongodb.net:27017: [Errno 7] No address associated with hostname (configured timeouts: socketTimeoutMS: 20000.0ms, connectTimeoutMS: 20000.0ms)')>, <ServerDescription ('ac-razqnti-shard-00-01.d3vgxxq.mongodb.net', 27017) server_type: Unknown, rtt: None, error=AutoReconnect('ac-razqnti-shard-00-01.d3vgxxq.mongodb.net:27017: [Errno 7] No address associated with hostname (configured timeouts: socketTimeoutMS: 20000.0ms, connectTimeoutMS: 20000.0ms)')>, <ServerDescription ('ac-razqnti-shard-00-02.d3vgxxq.mongodb.net', 27017) server_type: Unknown, rtt: None, error=AutoReconnect('ac-razqnti-shard-00-02.d3vgxxq.mongodb.net:27017: [Errno 7] No address associated with hostname (configured timeouts: socketTimeoutMS: 20000.0ms, connectTimeoutMS: 20000.0ms)')>]>
2026-07-15 14:56:50,652 - server - WARNING - Auto match reminders loop failed: ac-razqnti-shard-00-02.d3vgxxq.mongodb.net:27017: [Errno 7] No address associated with hostname (configured timeouts: socketTimeoutMS: 20000.0ms, connectTimeoutMS: 20000.0ms),ac-razqnti-shard-00-00.d3vgxxq.mongodb.net:27017: [Errno 7] No address associated with hostname (configured timeouts: socketTimeoutMS: 20000.0ms, connectTimeoutMS: 20000.0ms),ac-razqnti-shard-00-01.d3vgxxq.mongodb.net:27017: [Errno 7] No address associated with hostname (configured timeouts: socketTimeoutMS: 20000.0ms, connectTimeoutMS: 20000.0ms), Timeout: 30s, Topology Description: <TopologyDescription id: 6a56c057e25220c97e5b857a, topology_type: ReplicaSetNoPrimary, servers: [<ServerDescription ('ac-razqnti-shard-00-00.d3vgxxq.mongodb.net', 27017) server_type: Unknown, rtt: None, error=AutoReconnect('ac-razqnti-shard-00-00.d3vgxxq.mongodb.net:27017: [Errno 7] No address associated with hostname (configured timeouts: socketTimeoutMS: 20000.0ms, connectTimeoutMS: 20000.0ms)')>, <ServerDescription ('ac-razqnti-shard-00-01.d3vgxxq.mongodb.net', 27017) server_type: Unknown, rtt: None, error=AutoReconnect('ac-razqnti-shard-00-01.d3vgxxq.mongodb.net:27017: [Errno 7] No address associated with hostname (configured timeouts: socketTimeoutMS: 20000.0ms, connectTimeoutMS: 20000.0ms)')>, <ServerDescription ('ac-razqnti-shard-00-02.d3vgxxq.mongodb.net', 27017) server_type: Unknown, rtt: None, error=AutoReconnect('ac-razqnti-shard-00-02.d3vgxxq.mongodb.net:27017: [Errno 7] No address associated with hostname (configured timeouts: socketTimeoutMS: 20000.0ms, connectTimeoutMS: 20000.0ms)')>]>
2026-07-15 14:58:20,981 - server - WARNING - Auto match reminders loop failed: ac-razqnti-shard-00-02.d3vgxxq.mongodb.net:27017: [Errno 7] No address associated with hostname (configured timeouts: socketTimeoutMS: 20000.0ms, connectTimeoutMS: 20000.0ms),ac-razqnti-shard-00-00.d3vgxxq.mongodb.net:27017: [Errno 7] No address associated with hostname (configured timeouts: socketTimeoutMS: 20000.0ms, connectTimeoutMS: 20000.0ms),ac-razqnti-shard-00-01.d3vgxxq.mongodb.net:27017: [Errno 7] No address associated with hostname (configured timeouts: socketTimeoutMS: 20000.0ms, connectTimeoutMS: 20000.0ms), Timeout: 30s, Topology Description: <TopologyDescription id: 6a56c057e25220c97e5b857a, topology_type: ReplicaSetNoPrimary, servers: [<ServerDescription ('ac-razqnti-shard-00-00.d3vgxxq.mongodb.net', 27017) server_type: Unknown, rtt: None, error=AutoReconnect('ac-razqnti-shard-00-00.d3vgxxq.mongodb.net:27017: [Errno 7] No address associated with hostname (configured timeouts: socketTimeoutMS: 20000.0ms, connectTimeoutMS: 20000.0ms)')>, <ServerDescription ('ac-razqnti-shard-00-01.d3vgxxq.mongodb.net', 27017) server_type: Unknown, rtt: None, error=AutoReconnect('ac-razqnti-shard-00-01.d3vgxxq.mongodb.net:27017: [Errno 7] No address associated with hostname (configured timeouts: socketTimeoutMS: 20000.0ms, connectTimeoutMS: 20000.0ms)')>, <ServerDescription ('ac-razqnti-shard-00-02.d3vgxxq.mongodb.net', 27017) server_type: Unknown, rtt: None, error=AutoReconnect('ac-razqnti-shard-00-02.d3vgxxq.mongodb.net:27017: [Errno 7] No address associated with hostname (configured timeouts: socketTimeoutMS: 20000.0ms, connectTimeoutMS: 20000.0ms)')>]>
2026-07-15 15:40:38,318 - server - WARNING - TheSportsDB fetch failed: [Errno 7] No address associated with hostname
2026-07-15 15:41:23,026 - httpx - INFO - HTTP Request: GET https://www.thesportsdb.com/api/v1/json/3/eventsseason.php?id=4429&s=2026 "HTTP/1.1 200 OK"
2026-07-15 15:41:23,038 - server - INFO - SYNC TRY: Mexico(mx) vs South Africa(za) score 2-0
2026-07-15 15:41:23,505 - server - INFO - SYNC NO MATCH: mx vs za
2026-07-15 15:41:23,505 - server - INFO - SYNC TRY: South Korea(kr) vs Czech Republic(cz) score 2-1
2026-07-15 15:41:23,981 - server - INFO - SYNC NO MATCH: kr vs cz
2026-07-15 15:41:23,982 - server - INFO - SYNC TRY: Canada(ca) vs Bosnia-Herzegovina(ba) score 1-1
2026-07-15 15:41:24,426 - server - INFO - SYNC NO MATCH: ca vs ba
2026-07-15 15:41:24,427 - server - INFO - SYNC TRY: USA(us) vs Paraguay(py) score 4-1
2026-07-15 15:41:24,906 - server - INFO - SYNC NO MATCH: us vs py
2026-07-15 15:41:24,907 - server - INFO - SYNC TRY: Brazil(br) vs Morocco(ma) score 1-1
2026-07-15 15:41:25,364 - server - INFO - SYNC NO MATCH: br vs ma
2026-07-15 16:07:15,601 - httpx - INFO - HTTP Request: GET https://www.thesportsdb.com/api/v1/json/3/eventsseason.php?id=4429&s=2026 "HTTP/1.1 200 OK"
2026-07-15 16:07:15,614 - server - INFO - SYNC TRY: Mexico(mx) vs South Africa(za) score 2-0
2026-07-15 16:07:16,086 - server - INFO - SYNC NO MATCH: mx vs za
2026-07-15 16:07:16,087 - server - INFO - SYNC TRY: South Korea(kr) vs Czech Republic(cz) score 2-1
2026-07-15 16:07:16,563 - server - INFO - SYNC NO MATCH: kr vs cz
2026-07-15 16:07:16,564 - server - INFO - SYNC TRY: Canada(ca) vs Bosnia-Herzegovina(ba) score 1-1
2026-07-15 16:07:17,001 - server - INFO - SYNC NO MATCH: ca vs ba
2026-07-15 16:07:17,001 - server - INFO - SYNC TRY: USA(us) vs Paraguay(py) score 4-1
2026-07-15 16:07:17,437 - server - INFO - SYNC NO MATCH: us vs py
2026-07-15 16:07:17,438 - server - INFO - SYNC TRY: Brazil(br) vs Morocco(ma) score 1-1
2026-07-15 16:07:17,912 - server - INFO - SYNC NO MATCH: br vs ma
2026-07-15 16:12:18,735 - httpx - INFO - HTTP Request: GET https://www.thesportsdb.com/api/v1/json/3/eventsseason.php?id=4429&s=2026 "HTTP/1.1 200 OK"
2026-07-15 16:12:18,778 - server - INFO - SYNC TRY: Mexico(mx) vs South Africa(za) score 2-0
2026-07-15 16:12:19,249 - server - INFO - SYNC NO MATCH: mx vs za
2026-07-15 16:12:19,250 - server - INFO - SYNC TRY: South Korea(kr) vs Czech Republic(cz) score 2-1
2026-07-15 16:12:19,720 - server - INFO - SYNC NO MATCH: kr vs cz
2026-07-15 16:12:19,720 - server - INFO - SYNC TRY: Canada(ca) vs Bosnia-Herzegovina(ba) score 1-1
2026-07-15 16:12:20,204 - server - INFO - SYNC NO MATCH: ca vs ba
2026-07-15 16:12:20,204 - server - INFO - SYNC TRY: USA(us) vs Paraguay(py) score 4-1
2026-07-15 16:12:20,663 - server - INFO - SYNC NO MATCH: us vs py
2026-07-15 16:12:20,664 - server - INFO - SYNC TRY: Brazil(br) vs Morocco(ma) score 1-1
2026-07-15 16:12:21,122 - server - INFO - SYNC NO MATCH: br vs ma
2026-07-15 16:17:22,734 - httpx - INFO - HTTP Request: GET https://www.thesportsdb.com/api/v1/json/3/eventsseason.php?id=4429&s=2026 "HTTP/1.1 200 OK"
2026-07-15 16:17:22,740 - server - INFO - SYNC TRY: Mexico(mx) vs South Africa(za) score 2-0
2026-07-15 16:17:23,248 - server - INFO - SYNC NO MATCH: mx vs za
2026-07-15 16:17:23,248 - server - INFO - SYNC TRY: South Korea(kr) vs Czech Republic(cz) score 2-1
2026-07-15 16:17:23,728 - server - INFO - SYNC NO MATCH: kr vs cz
2026-07-15 16:17:23,729 - server - INFO - SYNC TRY: Canada(ca) vs Bosnia-Herzegovina(ba) score 1-1
2026-07-15 16:17:24,211 - server - INFO - SYNC NO MATCH: ca vs ba
2026-07-15 16:17:24,212 - server - INFO - SYNC TRY: USA(us) vs Paraguay(py) score 4-1
2026-07-15 16:17:24,706 - server - INFO - SYNC NO MATCH: us vs py
2026-07-15 16:17:24,707 - server - INFO - SYNC TRY: Brazil(br) vs Morocco(ma) score 1-1
2026-07-15 16:17:25,188 - server - INFO - SYNC NO MATCH: br vs ma
2026-07-15 16:17:45,031 - httpx - INFO - HTTP Request: GET https://www.thesportsdb.com/api/v1/json/3/eventsseason.php?id=4429&s=2026 "HTTP/1.1 200 OK"
2026-07-15 16:17:45,035 - server - INFO - SYNC TRY: Mexico(mx) vs South Africa(za) score 2-0
2026-07-15 16:17:45,492 - server - INFO - SYNC NO MATCH: mx vs za
2026-07-15 16:17:45,493 - server - INFO - SYNC TRY: South Korea(kr) vs Czech Republic(cz) score 2-1
2026-07-15 16:17:46,009 - server - INFO - SYNC NO MATCH: kr vs cz
2026-07-15 16:17:46,009 - server - INFO - SYNC TRY: Canada(ca) vs Bosnia-Herzegovina(ba) score 1-1
2026-07-15 16:17:46,481 - server - INFO - SYNC NO MATCH: ca vs ba
2026-07-15 16:17:46,482 - server - INFO - SYNC TRY: USA(us) vs Paraguay(py) score 4-1
2026-07-15 16:17:46,934 - server - INFO - SYNC NO MATCH: us vs py
2026-07-15 16:17:46,935 - server - INFO - SYNC TRY: Brazil(br) vs Morocco(ma) score 1-1
2026-07-15 16:17:47,392 - server - INFO - SYNC NO MATCH: br vs ma
2026-07-15 16:22:26,418 - httpx - INFO - HTTP Request: GET https://www.thesportsdb.com/api/v1/json/3/eventsseason.php?id=4429&s=2026 "HTTP/1.1 200 OK"
2026-07-15 16:22:26,421 - server - INFO - SYNC TRY: Mexico(mx) vs South Africa(za) score 2-0
2026-07-15 16:22:26,892 - server - INFO - SYNC NO MATCH: mx vs za
2026-07-15 16:22:26,893 - server - INFO - SYNC TRY: South Korea(kr) vs Czech Republic(cz) score 2-1
2026-07-15 16:22:27,353 - server - INFO - SYNC NO MATCH: kr vs cz
2026-07-15 16:22:27,354 - server - INFO - SYNC TRY: Canada(ca) vs Bosnia-Herzegovina(ba) score 1-1
2026-07-15 16:22:27,853 - server - INFO - SYNC NO MATCH: ca vs ba
2026-07-15 16:22:27,854 - server - INFO - SYNC TRY: USA(us) vs Paraguay(py) score 4-1
2026-07-15 16:22:28,605 - server - INFO - SYNC NO MATCH: us vs py
2026-07-15 16:22:28,605 - server - INFO - SYNC TRY: Brazil(br) vs Morocco(ma) score 1-1
2026-07-15 16:22:29,367 - server - INFO - SYNC NO MATCH: br vs ma
2026-07-15 16:27:30,591 - httpx - INFO - HTTP Request: GET https://www.thesportsdb.com/api/v1/json/3/eventsseason.php?id=4429&s=2026 "HTTP/1.1 200 OK"
2026-07-15 16:27:30,594 - server - INFO - SYNC TRY: Mexico(mx) vs South Africa(za) score 2-0
2026-07-15 16:27:31,063 - server - INFO - SYNC NO MATCH: mx vs za
2026-07-15 16:27:31,064 - server - INFO - SYNC TRY: South Korea(kr) vs Czech Republic(cz) score 2-1
2026-07-15 16:27:31,572 - server - INFO - SYNC NO MATCH: kr vs cz
2026-07-15 16:27:31,573 - server - INFO - SYNC TRY: Canada(ca) vs Bosnia-Herzegovina(ba) score 1-1
2026-07-15 16:27:32,038 - server - INFO - SYNC NO MATCH: ca vs ba
2026-07-15 16:27:32,039 - server - INFO - SYNC TRY: USA(us) vs Paraguay(py) score 4-1
2026-07-15 16:27:32,503 - server - INFO - SYNC NO MATCH: us vs py
2026-07-15 16:27:32,504 - server - INFO - SYNC TRY: Brazil(br) vs Morocco(ma) score 1-1
2026-07-15 16:27:33,076 - server - INFO - SYNC NO MATCH: br vs ma
2026-07-15 16:32:34,514 - httpx - INFO - HTTP Request: GET https://www.thesportsdb.com/api/v1/json/3/eventsseason.php?id=4429&s=2026 "HTTP/1.1 200 OK"
2026-07-15 16:32:34,519 - server - INFO - SYNC TRY: Mexico(mx) vs South Africa(za) score 2-0
2026-07-15 16:32:35,010 - server - INFO - SYNC NO MATCH: mx vs za
2026-07-15 16:32:35,011 - server - INFO - SYNC TRY: South Korea(kr) vs Czech Republic(cz) score 2-1
2026-07-15 16:32:35,898 - server - INFO - SYNC NO MATCH: kr vs cz
2026-07-15 16:32:35,899 - server - INFO - SYNC TRY: Canada(ca) vs Bosnia-Herzegovina(ba) score 1-1
2026-07-15 16:32:36,730 - server - INFO - SYNC NO MATCH: ca vs ba
2026-07-15 16:32:36,730 - server - INFO - SYNC TRY: USA(us) vs Paraguay(py) score 4-1
2026-07-15 16:32:37,765 - server - INFO - SYNC NO MATCH: us vs py
2026-07-15 16:32:37,766 - server - INFO - SYNC TRY: Brazil(br) vs Morocco(ma) score 1-1
2026-07-15 16:32:39,226 - server - INFO - SYNC NO MATCH: br vs ma
2026-07-15 16:32:48,121 - httpx - INFO - HTTP Request: GET https://www.thesportsdb.com/api/v1/json/3/eventsseason.php?id=4429&s=2026 "HTTP/1.1 200 OK"
2026-07-15 16:32:48,126 - server - INFO - SYNC TRY: Mexico(mx) vs South Africa(za) score 2-0
2026-07-15 16:32:48,778 - server - INFO - SYNC NO MATCH: mx vs za
2026-07-15 16:32:48,779 - server - INFO - SYNC TRY: South Korea(kr) vs Czech Republic(cz) score 2-1
2026-07-15 16:32:49,232 - server - INFO - SYNC NO MATCH: kr vs cz
2026-07-15 16:32:49,233 - server - INFO - SYNC TRY: Canada(ca) vs Bosnia-Herzegovina(ba) score 1-1
2026-07-15 16:32:49,648 - server - INFO - SYNC NO MATCH: ca vs ba
2026-07-15 16:32:49,648 - server - INFO - SYNC TRY: USA(us) vs Paraguay(py) score 4-1
2026-07-15 16:32:50,174 - server - INFO - SYNC NO MATCH: us vs py
2026-07-15 16:32:50,174 - server - INFO - SYNC TRY: Brazil(br) vs Morocco(ma) score 1-1
2026-07-15 16:32:50,632 - server - INFO - SYNC NO MATCH: br vs ma
2026-07-15 16:37:40,446 - httpx - INFO - HTTP Request: GET https://www.thesportsdb.com/api/v1/json/3/eventsseason.php?id=4429&s=2026 "HTTP/1.1 200 OK"
2026-07-15 16:37:40,448 - server - INFO - SYNC TRY: Mexico(mx) vs South Africa(za) score 2-0
2026-07-15 16:37:40,904 - server - INFO - SYNC NO MATCH: mx vs za
2026-07-15 16:37:40,904 - server - INFO - SYNC TRY: South Korea(kr) vs Czech Republic(cz) score 2-1
2026-07-15 16:37:41,344 - server - INFO - SYNC NO MATCH: kr vs cz
2026-07-15 16:37:41,345 - server - INFO - SYNC TRY: Canada(ca) vs Bosnia-Herzegovina(ba) score 1-1
2026-07-15 16:37:42,257 - server - INFO - SYNC NO MATCH: ca vs ba
2026-07-15 16:37:42,258 - server - INFO - SYNC TRY: USA(us) vs Paraguay(py) score 4-1
2026-07-15 16:37:42,696 - server - INFO - SYNC NO MATCH: us vs py
2026-07-15 16:37:42,697 - server - INFO - SYNC TRY: Brazil(br) vs Morocco(ma) score 1-1
2026-07-15 16:37:43,223 - server - INFO - SYNC NO MATCH: br vs ma
2026-07-15 17:01:04,603 - server - WARNING - Auto match reminders loop failed: ac-razqnti-shard-00-02.d3vgxxq.mongodb.net:27017: [Errno 7] No address associated with hostname (configured timeouts: socketTimeoutMS: 20000.0ms, connectTimeoutMS: 20000.0ms),ac-razqnti-shard-00-00.d3vgxxq.mongodb.net:27017: [Errno 7] No address associated with hostname (configured timeouts: socketTimeoutMS: 20000.0ms, connectTimeoutMS: 20000.0ms),ac-razqnti-shard-00-01.d3vgxxq.mongodb.net:27017: [Errno 7] No address associated with hostname (configured timeouts: socketTimeoutMS: 20000.0ms, connectTimeoutMS: 20000.0ms), Timeout: 30s, Topology Description: <TopologyDescription id: 6a56c057e25220c97e5b857a, topology_type: ReplicaSetNoPrimary, servers: [<ServerDescription ('ac-razqnti-shard-00-00.d3vgxxq.mongodb.net', 27017) server_type: Unknown, rtt: None, error=AutoReconnect('ac-razqnti-shard-00-00.d3vgxxq.mongodb.net:27017: [Errno 7] No address associated with hostname (configured timeouts: socketTimeoutMS: 20000.0ms, connectTimeoutMS: 20000.0ms)')>, <ServerDescription ('ac-razqnti-shard-00-01.d3vgxxq.mongodb.net', 27017) server_type: Unknown, rtt: None, error=AutoReconnect('ac-razqnti-shard-00-01.d3vgxxq.mongodb.net:27017: [Errno 7] No address associated with hostname (configured timeouts: socketTimeoutMS: 20000.0ms, connectTimeoutMS: 20000.0ms)')>, <ServerDescription ('ac-razqnti-shard-00-02.d3vgxxq.mongodb.net', 27017) server_type: Unknown, rtt: None, error=AutoReconnect('ac-razqnti-shard-00-02.d3vgxxq.mongodb.net:27017: [Errno 7] No address associated with hostname (configured timeouts: socketTimeoutMS: 20000.0ms, connectTimeoutMS: 20000.0ms)')>]>
2026-07-15 17:07:03,172 - server - WARNING - TheSportsDB fetch failed: [Errno 7] No address associated with hostname
2026-07-15 17:13:07,713 - server - WARNING - Auto match reminders loop failed: ac-razqnti-shard-00-02.d3vgxxq.mongodb.net:27017: [Errno 7] No address associated with hostname (configured timeouts: socketTimeoutMS: 20000.0ms, connectTimeoutMS: 20000.0ms),ac-razqnti-shard-00-00.d3vgxxq.mongodb.net:27017: [Errno 7] No address associated with hostname (configured timeouts: socketTimeoutMS: 20000.0ms, connectTimeoutMS: 20000.0ms),ac-razqnti-shard-00-01.d3vgxxq.mongodb.net:27017: [Errno 7] No address associated with hostname (configured timeouts: socketTimeoutMS: 20000.0ms, connectTimeoutMS: 20000.0ms), Timeout: 30s, Topology Description: <TopologyDescription id: 6a56c057e25220c97e5b857a, topology_type: ReplicaSetNoPrimary, servers: [<ServerDescription ('ac-razqnti-shard-00-00.d3vgxxq.mongodb.net', 27017) server_type: Unknown, rtt: None, error=AutoReconnect('ac-razqnti-shard-00-00.d3vgxxq.mongodb.net:27017: [Errno 7] No address associated with hostname (configured timeouts: socketTimeoutMS: 20000.0ms, connectTimeoutMS: 20000.0ms)')>, <ServerDescription ('ac-razqnti-shard-00-01.d3vgxxq.mongodb.net', 27017) server_type: Unknown, rtt: None, error=AutoReconnect('ac-razqnti-shard-00-01.d3vgxxq.mongodb.net:27017: [Errno 7] No address associated with hostname (configured timeouts: socketTimeoutMS: 20000.0ms, connectTimeoutMS: 20000.0ms)')>, <ServerDescription ('ac-razqnti-shard-00-02.d3vgxxq.mongodb.net', 27017) server_type: Unknown, rtt: None, error=AutoReconnect('ac-razqnti-shard-00-02.d3vgxxq.mongodb.net:27017: [Errno 7] No address associated with hostname (configured timeouts: socketTimeoutMS: 20000.0ms, connectTimeoutMS: 20000.0ms)')>]>
2026-07-15 17:13:07,719 - server - WARNING - Auto API-Football sync loop failed: ac-razqnti-shard-00-02.d3vgxxq.mongodb.net:27017: [Errno 7] No address associated with hostname (configured timeouts: socketTimeoutMS: 20000.0ms, connectTimeoutMS: 20000.0ms),ac-razqnti-shard-00-00.d3vgxxq.mongodb.net:27017: [Errno 7] No address associated with hostname (configured timeouts: socketTimeoutMS: 20000.0ms, connectTimeoutMS: 20000.0ms),ac-razqnti-shard-00-01.d3vgxxq.mongodb.net:27017: [Errno 7] No address associated with hostname (configured timeouts: socketTimeoutMS: 20000.0ms, connectTimeoutMS: 20000.0ms), Timeout: 30s, Topology Description: <TopologyDescription id: 6a56c057e25220c97e5b857a, topology_type: ReplicaSetNoPrimary, servers: [<ServerDescription ('ac-razqnti-shard-00-00.d3vgxxq.mongodb.net', 27017) server_type: Unknown, rtt: None, error=AutoReconnect('ac-razqnti-shard-00-00.d3vgxxq.mongodb.net:27017: [Errno 7] No address associated with hostname (configured timeouts: socketTimeoutMS: 20000.0ms, connectTimeoutMS: 20000.0ms)')>, <ServerDescription ('ac-razqnti-shard-00-01.d3vgxxq.mongodb.net', 27017) server_type: Unknown, rtt: None, error=AutoReconnect('ac-razqnti-shard-00-01.d3vgxxq.mongodb.net:27017: [Errno 7] No address associated with hostname (configured timeouts: socketTimeoutMS: 20000.0ms, connectTimeoutMS: 20000.0ms)')>, <ServerDescription ('ac-razqnti-shard-00-02.d3vgxxq.mongodb.net', 27017) server_type: Unknown, rtt: None, error=AutoReconnect('ac-razqnti-shard-00-02.d3vgxxq.mongodb.net:27017: [Errno 7] No address associated with hostname (configured timeouts: socketTimeoutMS: 20000.0ms, connectTimeoutMS: 20000.0ms)')>]>
2026-07-15 17:13:07,739 - server - WARNING - Auto sync loop failed: ac-razqnti-shard-00-02.d3vgxxq.mongodb.net:27017: [Errno 7] No address associated with hostname (configured timeouts: socketTimeoutMS: 20000.0ms, connectTimeoutMS: 20000.0ms),ac-razqnti-shard-00-00.d3vgxxq.mongodb.net:27017: [Errno 7] No address associated with hostname (configured timeouts: socketTimeoutMS: 20000.0ms, connectTimeoutMS: 20000.0ms),ac-razqnti-shard-00-01.d3vgxxq.mongodb.net:27017: [Errno 7] No address associated with hostname (configured timeouts: socketTimeoutMS: 20000.0ms, connectTimeoutMS: 20000.0ms), Timeout: 30s, Topology Description: <TopologyDescription id: 6a56c057e25220c97e5b857a, topology_type: ReplicaSetNoPrimary, servers: [<ServerDescription ('ac-razqnti-shard-00-00.d3vgxxq.mongodb.net', 27017) server_type: Unknown, rtt: None, error=AutoReconnect('ac-razqnti-shard-00-00.d3vgxxq.mongodb.net:27017: [Errno 7] No address associated with hostname (configured timeouts: socketTimeoutMS: 20000.0ms, connectTimeoutMS: 20000.0ms)')>, <ServerDescription ('ac-razqnti-shard-00-01.d3vgxxq.mongodb.net', 27017) server_type: Unknown, rtt: None, error=AutoReconnect('ac-razqnti-shard-00-01.d3vgxxq.mongodb.net:27017: [Errno 7] No address associated with hostname (configured timeouts: socketTimeoutMS: 20000.0ms, connectTimeoutMS: 20000.0ms)')>, <ServerDescription ('ac-razqnti-shard-00-02.d3vgxxq.mongodb.net', 27017) server_type: Unknown, rtt: None, error=AutoReconnect('ac-razqnti-shard-00-02.d3vgxxq.mongodb.net:27017: [Errno 7] No address associated with hostname (configured timeouts: socketTimeoutMS: 20000.0ms, connectTimeoutMS: 20000.0ms)')>]>
2026-07-15 17:18:27,308 - server - WARNING - Auto match reminders loop failed: ac-razqnti-shard-00-02.d3vgxxq.mongodb.net:27017: [Errno 7] No address associated with hostname (configured timeouts: socketTimeoutMS: 20000.0ms, connectTimeoutMS: 20000.0ms),ac-razqnti-shard-00-00.d3vgxxq.mongodb.net:27017: [Errno 7] No address associated with hostname (configured timeouts: socketTimeoutMS: 20000.0ms, connectTimeoutMS: 20000.0ms),ac-razqnti-shard-00-01.d3vgxxq.mongodb.net:27017: [Errno 7] No address associated with hostname (configured timeouts: socketTimeoutMS: 20000.0ms, connectTimeoutMS: 20000.0ms), Timeout: 30s, Topology Description: <TopologyDescription id: 6a56c057e25220c97e5b857a, topology_type: ReplicaSetNoPrimary, servers: [<ServerDescription ('ac-razqnti-shard-00-00.d3vgxxq.mongodb.net', 27017) server_type: Unknown, rtt: None, error=AutoReconnect('ac-razqnti-shard-00-00.d3vgxxq.mongodb.net:27017: [Errno 7] No address associated with hostname (configured timeouts: socketTimeoutMS: 20000.0ms, connectTimeoutMS: 20000.0ms)')>, <ServerDescription ('ac-razqnti-shard-00-01.d3vgxxq.mongodb.net', 27017) server_type: Unknown, rtt: None, error=AutoReconnect('ac-razqnti-shard-00-01.d3vgxxq.mongodb.net:27017: [Errno 7] No address associated with hostname (configured timeouts: socketTimeoutMS: 20000.0ms, connectTimeoutMS: 20000.0ms)')>, <ServerDescription ('ac-razqnti-shard-00-02.d3vgxxq.mongodb.net', 27017) server_type: Unknown, rtt: None, error=AutoReconnect('ac-razqnti-shard-00-02.d3vgxxq.mongodb.net:27017: [Errno 7] No address associated with hostname (configured timeouts: socketTimeoutMS: 20000.0ms, connectTimeoutMS: 20000.0ms)')>]>
2026-07-15 17:20:32,242 - server - WARNING - Auto match reminders loop failed: ac-razqnti-shard-00-02.d3vgxxq.mongodb.net:27017: [Errno 7] No address associated with hostname (configured timeouts: socketTimeoutMS: 20000.0ms, connectTimeoutMS: 20000.0ms),ac-razqnti-shard-00-00.d3vgxxq.mongodb.net:27017: [Errno 7] No address associated with hostname (configured timeouts: socketTimeoutMS: 20000.0ms, connectTimeoutMS: 20000.0ms),ac-razqnti-shard-00-01.d3vgxxq.mongodb.net:27017: [Errno 7] No address associated with hostname (configured timeouts: socketTimeoutMS: 20000.0ms, connectTimeoutMS: 20000.0ms), Timeout: 30s, Topology Description: <TopologyDescription id: 6a56c057e25220c97e5b857a, topology_type: ReplicaSetNoPrimary, servers: [<ServerDescription ('ac-razqnti-shard-00-00.d3vgxxq.mongodb.net', 27017) server_type: Unknown, rtt: None, error=AutoReconnect('ac-razqnti-shard-00-00.d3vgxxq.mongodb.net:27017: [Errno 7] No address associated with hostname (configured timeouts: socketTimeoutMS: 20000.0ms, connectTimeoutMS: 20000.0ms)')>, <ServerDescription ('ac-razqnti-shard-00-01.d3vgxxq.mongodb.net', 27017) server_type: Unknown, rtt: None, error=AutoReconnect('ac-razqnti-shard-00-01.d3vgxxq.mongodb.net:27017: [Errno 7] No address associated with hostname (configured timeouts: socketTimeoutMS: 20000.0ms, connectTimeoutMS: 20000.0ms)')>, <ServerDescription ('ac-razqnti-shard-00-02.d3vgxxq.mongodb.net', 27017) server_type: Unknown, rtt: None, error=AutoReconnect('ac-razqnti-shard-00-02.d3vgxxq.mongodb.net:27017: [Errno 7] No address associated with hostname (configured timeouts: socketTimeoutMS: 20000.0ms, connectTimeoutMS: 20000.0ms)')>]>
2026-07-15 17:23:18,075 - server - WARNING - Auto match reminders loop failed: ac-razqnti-shard-00-02.d3vgxxq.mongodb.net:27017: [Errno 7] No address associated with hostname (configured timeouts: socketTimeoutMS: 20000.0ms, connectTimeoutMS: 20000.0ms),ac-razqnti-shard-00-00.d3vgxxq.mongodb.net:27017: [Errno 7] No address associated with hostname (configured timeouts: socketTimeoutMS: 20000.0ms, connectTimeoutMS: 20000.0ms),ac-razqnti-shard-00-01.d3vgxxq.mongodb.net:27017: [Errno 7] No address associated with hostname (configured timeouts: socketTimeoutMS: 20000.0ms, connectTimeoutMS: 20000.0ms), Timeout: 30s, Topology Description: <TopologyDescription id: 6a56c057e25220c97e5b857a, topology_type: ReplicaSetNoPrimary, servers: [<ServerDescription ('ac-razqnti-shard-00-00.d3vgxxq.mongodb.net', 27017) server_type: Unknown, rtt: None, error=AutoReconnect('ac-razqnti-shard-00-00.d3vgxxq.mongodb.net:27017: [Errno 7] No address associated with hostname (configured timeouts: socketTimeoutMS: 20000.0ms, connectTimeoutMS: 20000.0ms)')>, <ServerDescription ('ac-razqnti-shard-00-01.d3vgxxq.mongodb.net', 27017) server_type: Unknown, rtt: None, error=AutoReconnect('ac-razqnti-shard-00-01.d3vgxxq.mongodb.net:27017: [Errno 7] No address associated with hostname (configured timeouts: socketTimeoutMS: 20000.0ms, connectTimeoutMS: 20000.0ms)')>, <ServerDescription ('ac-razqnti-shard-00-02.d3vgxxq.mongodb.net', 27017) server_type: Unknown, rtt: None, error=AutoReconnect('ac-razqnti-shard-00-02.d3vgxxq.mongodb.net:27017: [Errno 7] No address associated with hostname (configured timeouts: socketTimeoutMS: 20000.0ms, connectTimeoutMS: 20000.0ms)')>]>
2026-07-15 17:23:18,085 - server - WARNING - TheSportsDB fetch failed: [Errno 7] No address associated with hostname
2026-07-15 17:23:18,102 - server - WARNING - TheSportsDB fetch failed: [Errno 7] No address associated with hostname
2026-07-15 17:24:52,400 - server - ERROR - auto_sync_loop iteration error: ac-razqnti-shard-00-02.d3vgxxq.mongodb.net:27017: [Errno 7] No address associated with hostname (configured timeouts: socketTimeoutMS: 20000.0ms, connectTimeoutMS: 20000.0ms),ac-razqnti-shard-00-00.d3vgxxq.mongodb.net:27017: [Errno 7] No address associated with hostname (configured timeouts: socketTimeoutMS: 20000.0ms, connectTimeoutMS: 20000.0ms),ac-razqnti-shard-00-01.d3vgxxq.mongodb.net:27017: [Errno 7] No address associated with hostname (configured timeouts: socketTimeoutMS: 20000.0ms, connectTimeoutMS: 20000.0ms), Timeout: 30s, Topology Description: <TopologyDescription id: 6a56c057e25220c97e5b857a, topology_type: ReplicaSetNoPrimary, servers: [<ServerDescription ('ac-razqnti-shard-00-00.d3vgxxq.mongodb.net', 27017) server_type: Unknown, rtt: None, error=AutoReconnect('ac-razqnti-shard-00-00.d3vgxxq.mongodb.net:27017: [Errno 7] No address associated with hostname (configured timeouts: socketTimeoutMS: 20000.0ms, connectTimeoutMS: 20000.0ms)')>, <ServerDescription ('ac-razqnti-shard-00-01.d3vgxxq.mongodb.net', 27017) server_type: Unknown, rtt: None, error=AutoReconnect('ac-razqnti-shard-00-01.d3vgxxq.mongodb.net:27017: [Errno 7] No address associated with hostname (configured timeouts: socketTimeoutMS: 20000.0ms, connectTimeoutMS: 20000.0ms)')>, <ServerDescription ('ac-razqnti-shard-00-02.d3vgxxq.mongodb.net', 27017) server_type: Unknown, rtt: None, error=AutoReconnect('ac-razqnti-shard-00-02.d3vgxxq.mongodb.net:27017: [Errno 7] No address associated with hostname (configured timeouts: socketTimeoutMS: 20000.0ms, connectTimeoutMS: 20000.0ms)')>]>
2026-07-15 17:24:52,411 - server - WARNING - Auto sync loop failed: ac-razqnti-shard-00-02.d3vgxxq.mongodb.net:27017: [Errno 7] No address associated with hostname (configured timeouts: socketTimeoutMS: 20000.0ms, connectTimeoutMS: 20000.0ms),ac-razqnti-shard-00-00.d3vgxxq.mongodb.net:27017: [Errno 7] No address associated with hostname (configured timeouts: socketTimeoutMS: 20000.0ms, connectTimeoutMS: 20000.0ms),ac-razqnti-shard-00-01.d3vgxxq.mongodb.net:27017: [Errno 7] No address associated with hostname (configured timeouts: socketTimeoutMS: 20000.0ms, connectTimeoutMS: 20000.0ms), Timeout: 30s, Topology Description: <TopologyDescription id: 6a56c057e25220c97e5b857a, topology_type: ReplicaSetNoPrimary, servers: [<ServerDescription ('ac-razqnti-shard-00-00.d3vgxxq.mongodb.net', 27017) server_type: Unknown, rtt: None, error=AutoReconnect('ac-razqnti-shard-00-00.d3vgxxq.mongodb.net:27017: [Errno 7] No address associated with hostname (configured timeouts: socketTimeoutMS: 20000.0ms, connectTimeoutMS: 20000.0ms)')>, <ServerDescription ('ac-razqnti-shard-00-01.d3vgxxq.mongodb.net', 27017) server_type: Unknown, rtt: None, error=AutoReconnect('ac-razqnti-shard-00-01.d3vgxxq.mongodb.net:27017: [Errno 7] No address associated with hostname (configured timeouts: socketTimeoutMS: 20000.0ms, connectTimeoutMS: 20000.0ms)')>, <ServerDescription ('ac-razqnti-shard-00-02.d3vgxxq.mongodb.net', 27017) server_type: Unknown, rtt: None, error=AutoReconnect('ac-razqnti-shard-00-02.d3vgxxq.mongodb.net:27017: [Errno 7] No address associated with hostname (configured timeouts: socketTimeoutMS: 20000.0ms, connectTimeoutMS: 20000.0ms)')>]>
2026-07-15 17:24:52,419 - server - WARNING - Auto API-Football sync loop failed: ac-razqnti-shard-00-02.d3vgxxq.mongodb.net:27017: [Errno 7] No address associated with hostname (configured timeouts: socketTimeoutMS: 20000.0ms, connectTimeoutMS: 20000.0ms),ac-razqnti-shard-00-00.d3vgxxq.mongodb.net:27017: [Errno 7] No address associated with hostname (configured timeouts: socketTimeoutMS: 20000.0ms, connectTimeoutMS: 20000.0ms),ac-razqnti-shard-00-01.d3vgxxq.mongodb.net:27017: [Errno 7] No address associated with hostname (configured timeouts: socketTimeoutMS: 20000.0ms, connectTimeoutMS: 20000.0ms), Timeout: 30s, Topology Description: <TopologyDescription id: 6a56c057e25220c97e5b857a, topology_type: ReplicaSetNoPrimary, servers: [<ServerDescription ('ac-razqnti-shard-00-00.d3vgxxq.mongodb.net', 27017) server_type: Unknown, rtt: None, error=AutoReconnect('ac-razqnti-shard-00-00.d3vgxxq.mongodb.net:27017: [Errno 7] No address associated with hostname (configured timeouts: socketTimeoutMS: 20000.0ms, connectTimeoutMS: 20000.0ms)')>, <ServerDescription ('ac-razqnti-shard-00-01.d3vgxxq.mongodb.net', 27017) server_type: Unknown, rtt: None, error=AutoReconnect('ac-razqnti-shard-00-01.d3vgxxq.mongodb.net:27017: [Errno 7] No address associated with hostname (configured timeouts: socketTimeoutMS: 20000.0ms, connectTimeoutMS: 20000.0ms)')>, <ServerDescription ('ac-razqnti-shard-00-02.d3vgxxq.mongodb.net', 27017) server_type: Unknown, rtt: None, error=AutoReconnect('ac-razqnti-shard-00-02.d3vgxxq.mongodb.net:27017: [Errno 7] No address associated with hostname (configured timeouts: socketTimeoutMS: 20000.0ms, connectTimeoutMS: 20000.0ms)')>]>
2026-07-15 17:25:22,640 - server - WARNING - Auto match reminders loop failed: ac-razqnti-shard-00-02.d3vgxxq.mongodb.net:27017: [Errno 7] No address associated with hostname (configured timeouts: socketTimeoutMS: 20000.0ms, connectTimeoutMS: 20000.0ms),ac-razqnti-shard-00-00.d3vgxxq.mongodb.net:27017: [Errno 7] No address associated with hostname (configured timeouts: socketTimeoutMS: 20000.0ms, connectTimeoutMS: 20000.0ms),ac-razqnti-shard-00-01.d3vgxxq.mongodb.net:27017: [Errno 7] No address associated with hostname (configured timeouts: socketTimeoutMS: 20000.0ms, connectTimeoutMS: 20000.0ms), Timeout: 30s, Topology Description: <TopologyDescription id: 6a56c057e25220c97e5b857a, topology_type: ReplicaSetNoPrimary, servers: [<ServerDescription ('ac-razqnti-shard-00-00.d3vgxxq.mongodb.net', 27017) server_type: Unknown, rtt: None, error=AutoReconnect('ac-razqnti-shard-00-00.d3vgxxq.mongodb.net:27017: [Errno 7] No address associated with hostname (configured timeouts: socketTimeoutMS: 20000.0ms, connectTimeoutMS: 20000.0ms)')>, <ServerDescription ('ac-razqnti-shard-00-01.d3vgxxq.mongodb.net', 27017) server_type: Unknown, rtt: None, error=AutoReconnect('ac-razqnti-shard-00-01.d3vgxxq.mongodb.net:27017: [Errno 7] No address associated with hostname (configured timeouts: socketTimeoutMS: 20000.0ms, connectTimeoutMS: 20000.0ms)')>, <ServerDescription ('ac-razqnti-shard-00-02.d3vgxxq.mongodb.net', 27017) server_type: Unknown, rtt: None, error=AutoReconnect('ac-razqnti-shard-00-02.d3vgxxq.mongodb.net:27017: [Errno 7] No address associated with hostname (configured timeouts: socketTimeoutMS: 20000.0ms, connectTimeoutMS: 20000.0ms)')>]>
2026-07-15 18:32:55,043 - server - WARNING - Auto match reminders loop failed: ac-razqnti-shard-00-02.d3vgxxq.mongodb.net:27017: [Errno 7] No address associated with hostname (configured timeouts: socketTimeoutMS: 20000.0ms, connectTimeoutMS: 20000.0ms),ac-razqnti-shard-00-00.d3vgxxq.mongodb.net:27017: [Errno 7] No address associated with hostname (configured timeouts: socketTimeoutMS: 20000.0ms, connectTimeoutMS: 20000.0ms),ac-razqnti-shard-00-01.d3vgxxq.mongodb.net:27017: [Errno 7] No address associated with hostname (configured timeouts: socketTimeoutMS: 20000.0ms, connectTimeoutMS: 20000.0ms), Timeout: 30s, Topology Description: <TopologyDescription id: 6a56c057e25220c97e5b857a, topology_type: ReplicaSetNoPrimary, servers: [<ServerDescription ('ac-razqnti-shard-00-00.d3vgxxq.mongodb.net', 27017) server_type: Unknown, rtt: None, error=AutoReconnect('ac-razqnti-shard-00-00.d3vgxxq.mongodb.net:27017: [Errno 7] No address associated with hostname (configured timeouts: socketTimeoutMS: 20000.0ms, connectTimeoutMS: 20000.0ms)')>, <ServerDescription ('ac-razqnti-shard-00-01.d3vgxxq.mongodb.net', 27017) server_type: Unknown, rtt: None, error=AutoReconnect('ac-razqnti-shard-00-01.d3vgxxq.mongodb.net:27017: [Errno 7] No address associated with hostname (configured timeouts: socketTimeoutMS: 20000.0ms, connectTimeoutMS: 20000.0ms)')>, <ServerDescription ('ac-razqnti-shard-00-02.d3vgxxq.mongodb.net', 27017) server_type: Unknown, rtt: None, error=AutoReconnect('ac-razqnti-shard-00-02.d3vgxxq.mongodb.net:27017: [Errno 7] No address associated with hostname (configured timeouts: socketTimeoutMS: 20000.0ms, connectTimeoutMS: 20000.0ms)')>]>
2026-07-15 18:42:00,313 - server - WARNING - TheSportsDB fetch failed: [Errno 7] No address associated with hostname
2026-07-15 18:42:16,203 - server - WARNING - Auto match reminders loop failed: ac-razqnti-shard-00-02.d3vgxxq.mongodb.net:27017: [Errno 7] No address associated with hostname (configured timeouts: socketTimeoutMS: 20000.0ms, connectTimeoutMS: 20000.0ms),ac-razqnti-shard-00-00.d3vgxxq.mongodb.net:27017: [Errno 7] No address associated with hostname (configured timeouts: socketTimeoutMS: 20000.0ms, connectTimeoutMS: 20000.0ms),ac-razqnti-shard-00-01.d3vgxxq.mongodb.net:27017: [Errno 7] No address associated with hostname (configured timeouts: socketTimeoutMS: 20000.0ms, connectTimeoutMS: 20000.0ms), Timeout: 30s, Topology Description: <TopologyDescription id: 6a56c057e25220c97e5b857a, topology_type: ReplicaSetNoPrimary, servers: [<ServerDescription ('ac-razqnti-shard-00-00.d3vgxxq.mongodb.net', 27017) server_type: Unknown, rtt: None, error=AutoReconnect('ac-razqnti-shard-00-00.d3vgxxq.mongodb.net:27017: [Errno 7] No address associated with hostname (configured timeouts: socketTimeoutMS: 20000.0ms, connectTimeoutMS: 20000.0ms)')>, <ServerDescription ('ac-razqnti-shard-00-01.d3vgxxq.mongodb.net', 27017) server_type: Unknown, rtt: None, error=AutoReconnect('ac-razqnti-shard-00-01.d3vgxxq.mongodb.net:27017: [Errno 7] No address associated with hostname (configured timeouts: socketTimeoutMS: 20000.0ms, connectTimeoutMS: 20000.0ms)')>, <ServerDescription ('ac-razqnti-shard-00-02.d3vgxxq.mongodb.net', 27017) server_type: Unknown, rtt: None, error=AutoReconnect('ac-razqnti-shard-00-02.d3vgxxq.mongodb.net:27017: [Errno 7] No address associated with hostname (configured timeouts: socketTimeoutMS: 20000.0ms, connectTimeoutMS: 20000.0ms)')>]>
2026-07-15 18:42:30,323 - server - WARNING - Auto sync loop failed: ac-razqnti-shard-00-02.d3vgxxq.mongodb.net:27017: [Errno 7] No address associated with hostname (configured timeouts: socketTimeoutMS: 20000.0ms, connectTimeoutMS: 20000.0ms),ac-razqnti-shard-00-00.d3vgxxq.mongodb.net:27017: [Errno 7] No address associated with hostname (configured timeouts: socketTimeoutMS: 20000.0ms, connectTimeoutMS: 20000.0ms),ac-razqnti-shard-00-01.d3vgxxq.mongodb.net:27017: [Errno 7] No address associated with hostname (configured timeouts: socketTimeoutMS: 20000.0ms, connectTimeoutMS: 20000.0ms), Timeout: 30s, Topology Description: <TopologyDescription id: 6a56c057e25220c97e5b857a, topology_type: ReplicaSetNoPrimary, servers: [<ServerDescription ('ac-razqnti-shard-00-00.d3vgxxq.mongodb.net', 27017) server_type: Unknown, rtt: None, error=AutoReconnect('ac-razqnti-shard-00-00.d3vgxxq.mongodb.net:27017: [Errno 7] No address associated with hostname (configured timeouts: socketTimeoutMS: 20000.0ms, connectTimeoutMS: 20000.0ms)')>, <ServerDescription ('ac-razqnti-shard-00-01.d3vgxxq.mongodb.net', 27017) server_type: Unknown, rtt: None, error=AutoReconnect('ac-razqnti-shard-00-01.d3vgxxq.mongodb.net:27017: [Errno 7] No address associated with hostname (configured timeouts: socketTimeoutMS: 20000.0ms, connectTimeoutMS: 20000.0ms)')>, <ServerDescription ('ac-razqnti-shard-00-02.d3vgxxq.mongodb.net', 27017) server_type: Unknown, rtt: None, error=AutoReconnect('ac-razqnti-shard-00-02.d3vgxxq.mongodb.net:27017: [Errno 7] No address associated with hostname (configured timeouts: socketTimeoutMS: 20000.0ms, connectTimeoutMS: 20000.0ms)')>]>
2026-07-15 18:42:30,332 - server - WARNING - Auto API-Football sync loop failed: ac-razqnti-shard-00-02.d3vgxxq.mongodb.net:27017: [Errno 7] No address associated with hostname (configured timeouts: socketTimeoutMS: 20000.0ms, connectTimeoutMS: 20000.0ms),ac-razqnti-shard-00-00.d3vgxxq.mongodb.net:27017: [Errno 7] No address associated with hostname (configured timeouts: socketTimeoutMS: 20000.0ms, connectTimeoutMS: 20000.0ms),ac-razqnti-shard-00-01.d3vgxxq.mongodb.net:27017: [Errno 7] No address associated with hostname (configured timeouts: socketTimeoutMS: 20000.0ms, connectTimeoutMS: 20000.0ms), Timeout: 30s, Topology Description: <TopologyDescription id: 6a56c057e25220c97e5b857a, topology_type: ReplicaSetNoPrimary, servers: [<ServerDescription ('ac-razqnti-shard-00-00.d3vgxxq.mongodb.net', 27017) server_type: Unknown, rtt: None, error=AutoReconnect('ac-razqnti-shard-00-00.d3vgxxq.mongodb.net:27017: [Errno 7] No address associated with hostname (configured timeouts: socketTimeoutMS: 20000.0ms, connectTimeoutMS: 20000.0ms)')>, <ServerDescription ('ac-razqnti-shard-00-01.d3vgxxq.mongodb.net', 27017) server_type: Unknown, rtt: None, error=AutoReconnect('ac-razqnti-shard-00-01.d3vgxxq.mongodb.net:27017: [Errno 7] No address associated with hostname (configured timeouts: socketTimeoutMS: 20000.0ms, connectTimeoutMS: 20000.0ms)')>, <ServerDescription ('ac-razqnti-shard-00-02.d3vgxxq.mongodb.net', 27017) server_type: Unknown, rtt: None, error=AutoReconnect('ac-razqnti-shard-00-02.d3vgxxq.mongodb.net:27017: [Errno 7] No address associated with hostname (configured timeouts: socketTimeoutMS: 20000.0ms, connectTimeoutMS: 20000.0ms)')>]>
2026-07-15 18:43:46,639 - server - WARNING - Auto match reminders loop failed: ac-razqnti-shard-00-02.d3vgxxq.mongodb.net:27017: [Errno 7] No address associated with hostname (configured timeouts: socketTimeoutMS: 20000.0ms, connectTimeoutMS: 20000.0ms),ac-razqnti-shard-00-00.d3vgxxq.mongodb.net:27017: [Errno 7] No address associated with hostname (configured timeouts: socketTimeoutMS: 20000.0ms, connectTimeoutMS: 20000.0ms),ac-razqnti-shard-00-01.d3vgxxq.mongodb.net:27017: [Errno 7] No address associated with hostname (configured timeouts: socketTimeoutMS: 20000.0ms, connectTimeoutMS: 20000.0ms), Timeout: 30s, Topology Description: <TopologyDescription id: 6a56c057e25220c97e5b857a, topology_type: ReplicaSetNoPrimary, servers: [<ServerDescription ('ac-razqnti-shard-00-00.d3vgxxq.mongodb.net', 27017) server_type: Unknown, rtt: None, error=AutoReconnect('ac-razqnti-shard-00-00.d3vgxxq.mongodb.net:27017: [Errno 7] No address associated with hostname (configured timeouts: socketTimeoutMS: 20000.0ms, connectTimeoutMS: 20000.0ms)')>, <ServerDescription ('ac-razqnti-shard-00-01.d3vgxxq.mongodb.net', 27017) server_type: Unknown, rtt: None, error=AutoReconnect('ac-razqnti-shard-00-01.d3vgxxq.mongodb.net:27017: [Errno 7] No address associated with hostname (configured timeouts: socketTimeoutMS: 20000.0ms, connectTimeoutMS: 20000.0ms)')>, <ServerDescription ('ac-razqnti-shard-00-02.d3vgxxq.mongodb.net', 27017) server_type: Unknown, rtt: None, error=AutoReconnect('ac-razqnti-shard-00-02.d3vgxxq.mongodb.net:27017: [Errno 7] No address associated with hostname (configured timeouts: socketTimeoutMS: 20000.0ms, connectTimeoutMS: 20000.0ms)')>]>
2026-07-15 18:45:16,978 - server - WARNING - Auto match reminders loop failed: ac-razqnti-shard-00-02.d3vgxxq.mongodb.net:27017: [Errno 7] No address associated with hostname (configured timeouts: socketTimeoutMS: 20000.0ms, connectTimeoutMS: 20000.0ms),ac-razqnti-shard-00-00.d3vgxxq.mongodb.net:27017: [Errno 7] No address associated with hostname (configured timeouts: socketTimeoutMS: 20000.0ms, connectTimeoutMS: 20000.0ms),ac-razqnti-shard-00-01.d3vgxxq.mongodb.net:27017: [Errno 7] No address associated with hostname (configured timeouts: socketTimeoutMS: 20000.0ms, connectTimeoutMS: 20000.0ms), Timeout: 30s, Topology Description: <TopologyDescription id: 6a56c057e25220c97e5b857a, topology_type: ReplicaSetNoPrimary, servers: [<ServerDescription ('ac-razqnti-shard-00-00.d3vgxxq.mongodb.net', 27017) server_type: Unknown, rtt: None, error=AutoReconnect('ac-razqnti-shard-00-00.d3vgxxq.mongodb.net:27017: [Errno 7] No address associated with hostname (configured timeouts: socketTimeoutMS: 20000.0ms, connectTimeoutMS: 20000.0ms)')>, <ServerDescription ('ac-razqnti-shard-00-01.d3vgxxq.mongodb.net', 27017) server_type: Unknown, rtt: None, error=AutoReconnect('ac-razqnti-shard-00-01.d3vgxxq.mongodb.net:27017: [Errno 7] No address associated with hostname (configured timeouts: socketTimeoutMS: 20000.0ms, connectTimeoutMS: 20000.0ms)')>, <ServerDescription ('ac-razqnti-shard-00-02.d3vgxxq.mongodb.net', 27017) server_type: Unknown, rtt: None, error=AutoReconnect('ac-razqnti-shard-00-02.d3vgxxq.mongodb.net:27017: [Errno 7] No address associated with hostname (configured timeouts: socketTimeoutMS: 20000.0ms, connectTimeoutMS: 20000.0ms)')>]>
2026-07-15 18:46:47,303 - server - WARNING - Auto match reminders loop failed: ac-razqnti-shard-00-02.d3vgxxq.mongodb.net:27017: [Errno 7] No address associated with hostname (configured timeouts: socketTimeoutMS: 20000.0ms, connectTimeoutMS: 20000.0ms),ac-razqnti-shard-00-00.d3vgxxq.mongodb.net:27017: [Errno 7] No address associated with hostname (configured timeouts: socketTimeoutMS: 20000.0ms, connectTimeoutMS: 20000.0ms),ac-razqnti-shard-00-01.d3vgxxq.mongodb.net:27017: [Errno 7] No address associated with hostname (configured timeouts: socketTimeoutMS: 20000.0ms, connectTimeoutMS: 20000.0ms), Timeout: 30s, Topology Description: <TopologyDescription id: 6a56c057e25220c97e5b857a, topology_type: ReplicaSetNoPrimary, servers: [<ServerDescription ('ac-razqnti-shard-00-00.d3vgxxq.mongodb.net', 27017) server_type: Unknown, rtt: None, error=AutoReconnect('ac-razqnti-shard-00-00.d3vgxxq.mongodb.net:27017: [Errno 7] No address associated with hostname (configured timeouts: socketTimeoutMS: 20000.0ms, connectTimeoutMS: 20000.0ms)')>, <ServerDescription ('ac-razqnti-shard-00-01.d3vgxxq.mongodb.net', 27017) server_type: Unknown, rtt: None, error=AutoReconnect('ac-razqnti-shard-00-01.d3vgxxq.mongodb.net:27017: [Errno 7] No address associated with hostname (configured timeouts: socketTimeoutMS: 20000.0ms, connectTimeoutMS: 20000.0ms)')>, <ServerDescription ('ac-razqnti-shard-00-02.d3vgxxq.mongodb.net', 27017) server_type: Unknown, rtt: None, error=AutoReconnect('ac-razqnti-shard-00-02.d3vgxxq.mongodb.net:27017: [Errno 7] No address associated with hostname (configured timeouts: socketTimeoutMS: 20000.0ms, connectTimeoutMS: 20000.0ms)')>]>
2026-07-15 18:47:30,375 - server - WARNING - TheSportsDB fetch failed: [Errno 7] No address associated with hostname
2026-07-15 18:48:00,615 - server - WARNING - Auto sync loop failed: ac-razqnti-shard-00-02.d3vgxxq.mongodb.net:27017: [Errno 7] No address associated with hostname (configured timeouts: socketTimeoutMS: 20000.0ms, connectTimeoutMS: 20000.0ms),ac-razqnti-shard-00-00.d3vgxxq.mongodb.net:27017: [Errno 7] No address associated with hostname (configured timeouts: socketTimeoutMS: 20000.0ms, connectTimeoutMS: 20000.0ms),ac-razqnti-shard-00-01.d3vgxxq.mongodb.net:27017: [Errno 7] No address associated with hostname (configured timeouts: socketTimeoutMS: 20000.0ms, connectTimeoutMS: 20000.0ms), Timeout: 30s, Topology Description: <TopologyDescription id: 6a56c057e25220c97e5b857a, topology_type: ReplicaSetNoPrimary, servers: [<ServerDescription ('ac-razqnti-shard-00-00.d3vgxxq.mongodb.net', 27017) server_type: Unknown, rtt: None, error=AutoReconnect('ac-razqnti-shard-00-00.d3vgxxq.mongodb.net:27017: [Errno 7] No address associated with hostname (configured timeouts: socketTimeoutMS: 20000.0ms, connectTimeoutMS: 20000.0ms)')>, <ServerDescription ('ac-razqnti-shard-00-01.d3vgxxq.mongodb.net', 27017) server_type: Unknown, rtt: None, error=AutoReconnect('ac-razqnti-shard-00-01.d3vgxxq.mongodb.net:27017: [Errno 7] No address associated with hostname (configured timeouts: socketTimeoutMS: 20000.0ms, connectTimeoutMS: 20000.0ms)')>, <ServerDescription ('ac-razqnti-shard-00-02.d3vgxxq.mongodb.net', 27017) server_type: Unknown, rtt: None, error=AutoReconnect('ac-razqnti-shard-00-02.d3vgxxq.mongodb.net:27017: [Errno 7] No address associated with hostname (configured timeouts: socketTimeoutMS: 20000.0ms, connectTimeoutMS: 20000.0ms)')>]>
2026-07-15 18:48:00,623 - server - WARNING - Auto API-Football sync loop failed: ac-razqnti-shard-00-02.d3vgxxq.mongodb.net:27017: [Errno 7] No address associated with hostname (configured timeouts: socketTimeoutMS: 20000.0ms, connectTimeoutMS: 20000.0ms),ac-razqnti-shard-00-00.d3vgxxq.mongodb.net:27017: [Errno 7] No address associated with hostname (configured timeouts: socketTimeoutMS: 20000.0ms, connectTimeoutMS: 20000.0ms),ac-razqnti-shard-00-01.d3vgxxq.mongodb.net:27017: [Errno 7] No address associated with hostname (configured timeouts: socketTimeoutMS: 20000.0ms, connectTimeoutMS: 20000.0ms), Timeout: 30s, Topology Description: <TopologyDescription id: 6a56c057e25220c97e5b857a, topology_type: ReplicaSetNoPrimary, servers: [<ServerDescription ('ac-razqnti-shard-00-00.d3vgxxq.mongodb.net', 27017) server_type: Unknown, rtt: None, error=AutoReconnect('ac-razqnti-shard-00-00.d3vgxxq.mongodb.net:27017: [Errno 7] No address associated with hostname (configured timeouts: socketTimeoutMS: 20000.0ms, connectTimeoutMS: 20000.0ms)')>, <ServerDescription ('ac-razqnti-shard-00-01.d3vgxxq.mongodb.net', 27017) server_type: Unknown, rtt: None, error=AutoReconnect('ac-razqnti-shard-00-01.d3vgxxq.mongodb.net:27017: [Errno 7] No address associated with hostname (configured timeouts: socketTimeoutMS: 20000.0ms, connectTimeoutMS: 20000.0ms)')>, <ServerDescription ('ac-razqnti-shard-00-02.d3vgxxq.mongodb.net', 27017) server_type: Unknown, rtt: None, error=AutoReconnect('ac-razqnti-shard-00-02.d3vgxxq.mongodb.net:27017: [Errno 7] No address associated with hostname (configured timeouts: socketTimeoutMS: 20000.0ms, connectTimeoutMS: 20000.0ms)')>]>
2026-07-15 18:48:17,321 - server - WARNING - Auto match reminders loop failed: ac-razqnti-shard-00-02.d3vgxxq.mongodb.net:27017: [Errno 7] No address associated with hostname (configured timeouts: socketTimeoutMS: 20000.0ms, connectTimeoutMS: 20000.0ms),ac-razqnti-shard-00-00.d3vgxxq.mongodb.net:27017: [Errno 7] No address associated with hostname (configured timeouts: socketTimeoutMS: 20000.0ms, connectTimeoutMS: 20000.0ms),ac-razqnti-shard-00-01.d3vgxxq.mongodb.net:27017: [Errno 7] No address associated with hostname (configured timeouts: socketTimeoutMS: 20000.0ms, connectTimeoutMS: 20000.0ms), Timeout: 30s, Topology Description: <TopologyDescription id: 6a56c057e25220c97e5b857a, topology_type: ReplicaSetNoPrimary, servers: [<ServerDescription ('ac-razqnti-shard-00-00.d3vgxxq.mongodb.net', 27017) server_type: Unknown, rtt: None, error=AutoReconnect('ac-razqnti-shard-00-00.d3vgxxq.mongodb.net:27017: [Errno 7] No address associated with hostname (configured timeouts: socketTimeoutMS: 20000.0ms, connectTimeoutMS: 20000.0ms)')>, <ServerDescription ('ac-razqnti-shard-00-01.d3vgxxq.mongodb.net', 27017) server_type: Unknown, rtt: None, error=AutoReconnect('ac-razqnti-shard-00-01.d3vgxxq.mongodb.net:27017: [Errno 7] No address associated with hostname (configured timeouts: socketTimeoutMS: 20000.0ms, connectTimeoutMS: 20000.0ms)')>, <ServerDescription ('ac-razqnti-shard-00-02.d3vgxxq.mongodb.net', 27017) server_type: Unknown, rtt: None, error=AutoReconnect('ac-razqnti-shard-00-02.d3vgxxq.mongodb.net:27017: [Errno 7] No address associated with hostname (configured timeouts: socketTimeoutMS: 20000.0ms, connectTimeoutMS: 20000.0ms)')>]>
2026-07-15 18:49:47,589 - server - WARNING - Auto match reminders loop failed: ac-razqnti-shard-00-02.d3vgxxq.mongodb.net:27017: [Errno 7] No address associated with hostname (configured timeouts: socketTimeoutMS: 20000.0ms, connectTimeoutMS: 20000.0ms),ac-razqnti-shard-00-00.d3vgxxq.mongodb.net:27017: [Errno 7] No address associated with hostname (configured timeouts: socketTimeoutMS: 20000.0ms, connectTimeoutMS: 20000.0ms),ac-razqnti-shard-00-01.d3vgxxq.mongodb.net:27017: [Errno 7] No address associated with hostname (configured timeouts: socketTimeoutMS: 20000.0ms, connectTimeoutMS: 20000.0ms), Timeout: 30s, Topology Description: <TopologyDescription id: 6a56c057e25220c97e5b857a, topology_type: ReplicaSetNoPrimary, servers: [<ServerDescription ('ac-razqnti-shard-00-00.d3vgxxq.mongodb.net', 27017) server_type: Unknown, rtt: None, error=AutoReconnect('ac-razqnti-shard-00-00.d3vgxxq.mongodb.net:27017: [Errno 7] No address associated with hostname (configured timeouts: socketTimeoutMS: 20000.0ms, connectTimeoutMS: 20000.0ms)')>, <ServerDescription ('ac-razqnti-shard-00-01.d3vgxxq.mongodb.net', 27017) server_type: Unknown, rtt: None, error=AutoReconnect('ac-razqnti-shard-00-01.d3vgxxq.mongodb.net:27017: [Errno 7] No address associated with hostname (configured timeouts: socketTimeoutMS: 20000.0ms, connectTimeoutMS: 20000.0ms)')>, <ServerDescription ('ac-razqnti-shard-00-02.d3vgxxq.mongodb.net', 27017) server_type: Unknown, rtt: None, error=AutoReconnect('ac-razqnti-shard-00-02.d3vgxxq.mongodb.net:27017: [Errno 7] No address associated with hostname (configured timeouts: socketTimeoutMS: 20000.0ms, connectTimeoutMS: 20000.0ms)')>]>
2026-07-15 18:51:17,936 - server - WARNING - Auto match reminders loop failed: ac-razqnti-shard-00-02.d3vgxxq.mongodb.net:27017: [Errno 7] No address associated with hostname (configured timeouts: socketTimeoutMS: 20000.0ms, connectTimeoutMS: 20000.0ms),ac-razqnti-shard-00-00.d3vgxxq.mongodb.net:27017: [Errno 7] No address associated with hostname (configured timeouts: socketTimeoutMS: 20000.0ms, connectTimeoutMS: 20000.0ms),ac-razqnti-shard-00-01.d3vgxxq.mongodb.net:27017: [Errno 7] No address associated with hostname (configured timeouts: socketTimeoutMS: 20000.0ms, connectTimeoutMS: 20000.0ms), Timeout: 30s, Topology Description: <TopologyDescription id: 6a56c057e25220c97e5b857a, topology_type: ReplicaSetNoPrimary, servers: [<ServerDescription ('ac-razqnti-shard-00-00.d3vgxxq.mongodb.net', 27017) server_type: Unknown, rtt: None, error=AutoReconnect('ac-razqnti-shard-00-00.d3vgxxq.mongodb.net:27017: [Errno 7] No address associated with hostname (configured timeouts: socketTimeoutMS: 20000.0ms, connectTimeoutMS: 20000.0ms)')>, <ServerDescription ('ac-razqnti-shard-00-01.d3vgxxq.mongodb.net', 27017) server_type: Unknown, rtt: None, error=AutoReconnect('ac-razqnti-shard-00-01.d3vgxxq.mongodb.net:27017: [Errno 7] No address associated with hostname (configured timeouts: socketTimeoutMS: 20000.0ms, connectTimeoutMS: 20000.0ms)')>, <ServerDescription ('ac-razqnti-shard-00-02.d3vgxxq.mongodb.net', 27017) server_type: Unknown, rtt: None, error=AutoReconnect('ac-razqnti-shard-00-02.d3vgxxq.mongodb.net:27017: [Errno 7] No address associated with hostname (configured timeouts: socketTimeoutMS: 20000.0ms, connectTimeoutMS: 20000.0ms)')>]>
2026-07-15 18:52:00,294 - server - WARNING - TheSportsDB fetch failed: [Errno 7] No address associated with hostname
2026-07-15 18:52:30,758 - server - ERROR - auto_sync_loop iteration error: ac-razqnti-shard-00-02.d3vgxxq.mongodb.net:27017: [Errno 7] No address associated with hostname (configured timeouts: socketTimeoutMS: 20000.0ms, connectTimeoutMS: 20000.0ms),ac-razqnti-shard-00-00.d3vgxxq.mongodb.net:27017: [Errno 7] No address associated with hostname (configured timeouts: socketTimeoutMS: 20000.0ms, connectTimeoutMS: 20000.0ms),ac-razqnti-shard-00-01.d3vgxxq.mongodb.net:27017: [Errno 7] No address associated with hostname (configured timeouts: socketTimeoutMS: 20000.0ms, connectTimeoutMS: 20000.0ms), Timeout: 30s, Topology Description: <TopologyDescription id: 6a56c057e25220c97e5b857a, topology_type: ReplicaSetNoPrimary, servers: [<ServerDescription ('ac-razqnti-shard-00-00.d3vgxxq.mongodb.net', 27017) server_type: Unknown, rtt: None, error=AutoReconnect('ac-razqnti-shard-00-00.d3vgxxq.mongodb.net:27017: [Errno 7] No address associated with hostname (configured timeouts: socketTimeoutMS: 20000.0ms, connectTimeoutMS: 20000.0ms)')>, <ServerDescription ('ac-razqnti-shard-00-01.d3vgxxq.mongodb.net', 27017) server_type: Unknown, rtt: None, error=AutoReconnect('ac-razqnti-shard-00-01.d3vgxxq.mongodb.net:27017: [Errno 7] No address associated with hostname (configured timeouts: socketTimeoutMS: 20000.0ms, connectTimeoutMS: 20000.0ms)')>, <ServerDescription ('ac-razqnti-shard-00-02.d3vgxxq.mongodb.net', 27017) server_type: Unknown, rtt: None, error=AutoReconnect('ac-razqnti-shard-00-02.d3vgxxq.mongodb.net:27017: [Errno 7] No address associated with hostname (configured timeouts: socketTimeoutMS: 20000.0ms, connectTimeoutMS: 20000.0ms)')>]>
2026-07-15 18:52:48,403 - server - WARNING - Auto match reminders loop failed: ac-razqnti-shard-00-02.d3vgxxq.mongodb.net:27017: [Errno 7] No address associated with hostname (configured timeouts: socketTimeoutMS: 20000.0ms, connectTimeoutMS: 20000.0ms),ac-razqnti-shard-00-00.d3vgxxq.mongodb.net:27017: [Errno 7] No address associated with hostname (configured timeouts: socketTimeoutMS: 20000.0ms, connectTimeoutMS: 20000.0ms),ac-razqnti-shard-00-01.d3vgxxq.mongodb.net:27017: [Errno 7] No address associated with hostname (configured timeouts: socketTimeoutMS: 20000.0ms, connectTimeoutMS: 20000.0ms), Timeout: 30s, Topology Description: <TopologyDescription id: 6a56c057e25220c97e5b857a, topology_type: ReplicaSetNoPrimary, servers: [<ServerDescription ('ac-razqnti-shard-00-00.d3vgxxq.mongodb.net', 27017) server_type: Unknown, rtt: None, error=AutoReconnect('ac-razqnti-shard-00-00.d3vgxxq.mongodb.net:27017: [Errno 7] No address associated with hostname (configured timeouts: socketTimeoutMS: 20000.0ms, connectTimeoutMS: 20000.0ms)')>, <ServerDescription ('ac-razqnti-shard-00-01.d3vgxxq.mongodb.net', 27017) server_type: Unknown, rtt: None, error=AutoReconnect('ac-razqnti-shard-00-01.d3vgxxq.mongodb.net:27017: [Errno 7] No address associated with hostname (configured timeouts: socketTimeoutMS: 20000.0ms, connectTimeoutMS: 20000.0ms)')>, <ServerDescription ('ac-razqnti-shard-00-02.d3vgxxq.mongodb.net', 27017) server_type: Unknown, rtt: None, error=AutoReconnect('ac-razqnti-shard-00-02.d3vgxxq.mongodb.net:27017: [Errno 7] No address associated with hostname (configured timeouts: socketTimeoutMS: 20000.0ms, connectTimeoutMS: 20000.0ms)')>]>
2026-07-15 18:53:00,666 - server - WARNING - TheSportsDB fetch failed: [Errno 7] No address associated with hostname
2026-07-15 18:53:30,682 - server - WARNING - Auto sync loop failed: ac-razqnti-shard-00-02.d3vgxxq.mongodb.net:27017: [Errno 7] No address associated with hostname (configured timeouts: socketTimeoutMS: 20000.0ms, connectTimeoutMS: 20000.0ms),ac-razqnti-shard-00-00.d3vgxxq.mongodb.net:27017: [Errno 7] No address associated with hostname (configured timeouts: socketTimeoutMS: 20000.0ms, connectTimeoutMS: 20000.0ms),ac-razqnti-shard-00-01.d3vgxxq.mongodb.net:27017: [Errno 7] No address associated with hostname (configured timeouts: socketTimeoutMS: 20000.0ms, connectTimeoutMS: 20000.0ms), Timeout: 30s, Topology Description: <TopologyDescription id: 6a56c057e25220c97e5b857a, topology_type: ReplicaSetNoPrimary, servers: [<ServerDescription ('ac-razqnti-shard-00-00.d3vgxxq.mongodb.net', 27017) server_type: Unknown, rtt: None, error=AutoReconnect('ac-razqnti-shard-00-00.d3vgxxq.mongodb.net:27017: [Errno 7] No address associated with hostname (configured timeouts: socketTimeoutMS: 20000.0ms, connectTimeoutMS: 20000.0ms)')>, <ServerDescription ('ac-razqnti-shard-00-01.d3vgxxq.mongodb.net', 27017) server_type: Unknown, rtt: None, error=AutoReconnect('ac-razqnti-shard-00-01.d3vgxxq.mongodb.net:27017: [Errno 7] No address associated with hostname (configured timeouts: socketTimeoutMS: 20000.0ms, connectTimeoutMS: 20000.0ms)')>, <ServerDescription ('ac-razqnti-shard-00-02.d3vgxxq.mongodb.net', 27017) server_type: Unknown, rtt: None, error=AutoReconnect('ac-razqnti-shard-00-02.d3vgxxq.mongodb.net:27017: [Errno 7] No address associated with hostname (configured timeouts: socketTimeoutMS: 20000.0ms, connectTimeoutMS: 20000.0ms)')>]>
2026-07-15 18:53:30,694 - server - WARNING - Auto API-Football sync loop failed: ac-razqnti-shard-00-02.d3vgxxq.mongodb.net:27017: [Errno 7] No address associated with hostname (configured timeouts: socketTimeoutMS: 20000.0ms, connectTimeoutMS: 20000.0ms),ac-razqnti-shard-00-00.d3vgxxq.mongodb.net:27017: [Errno 7] No address associated with hostname (configured timeouts: socketTimeoutMS: 20000.0ms, connectTimeoutMS: 20000.0ms),ac-razqnti-shard-00-01.d3vgxxq.mongodb.net:27017: [Errno 7] No address associated with hostname (configured timeouts: socketTimeoutMS: 20000.0ms, connectTimeoutMS: 20000.0ms), Timeout: 30s, Topology Description: <TopologyDescription id: 6a56c057e25220c97e5b857a, topology_type: ReplicaSetNoPrimary, servers: [<ServerDescription ('ac-razqnti-shard-00-00.d3vgxxq.mongodb.net', 27017) server_type: Unknown, rtt: None, error=AutoReconnect('ac-razqnti-shard-00-00.d3vgxxq.mongodb.net:27017: [Errno 7] No address associated with hostname (configured timeouts: socketTimeoutMS: 20000.0ms, connectTimeoutMS: 20000.0ms)')>, <ServerDescription ('ac-razqnti-shard-00-01.d3vgxxq.mongodb.net', 27017) server_type: Unknown, rtt: None, error=AutoReconnect('ac-razqnti-shard-00-01.d3vgxxq.mongodb.net:27017: [Errno 7] No address associated with hostname (configured timeouts: socketTimeoutMS: 20000.0ms, connectTimeoutMS: 20000.0ms)')>, <ServerDescription ('ac-razqnti-shard-00-02.d3vgxxq.mongodb.net', 27017) server_type: Unknown, rtt: None, error=AutoReconnect('ac-razqnti-shard-00-02.d3vgxxq.mongodb.net:27017: [Errno 7] No address associated with hostname (configured timeouts: socketTimeoutMS: 20000.0ms, connectTimeoutMS: 20000.0ms)')>]>
2026-07-15 18:54:18,466 - server - WARNING - Auto match reminders loop failed: ac-razqnti-shard-00-02.d3vgxxq.mongodb.net:27017: [Errno 7] No address associated with hostname (configured timeouts: socketTimeoutMS: 20000.0ms, connectTimeoutMS: 20000.0ms),ac-razqnti-shard-00-00.d3vgxxq.mongodb.net:27017: [Errno 7] No address associated with hostname (configured timeouts: socketTimeoutMS: 20000.0ms, connectTimeoutMS: 20000.0ms),ac-razqnti-shard-00-01.d3vgxxq.mongodb.net:27017: [Errno 7] No address associated with hostname (configured timeouts: socketTimeoutMS: 20000.0ms, connectTimeoutMS: 20000.0ms), Timeout: 30s, Topology Description: <TopologyDescription id: 6a56c057e25220c97e5b857a, topology_type: ReplicaSetNoPrimary, servers: [<ServerDescription ('ac-razqnti-shard-00-00.d3vgxxq.mongodb.net', 27017) server_type: Unknown, rtt: None, error=AutoReconnect('ac-razqnti-shard-00-00.d3vgxxq.mongodb.net:27017: [Errno 7] No address associated with hostname (configured timeouts: socketTimeoutMS: 20000.0ms, connectTimeoutMS: 20000.0ms)')>, <ServerDescription ('ac-razqnti-shard-00-01.d3vgxxq.mongodb.net', 27017) server_type: Unknown, rtt: None, error=AutoReconnect('ac-razqnti-shard-00-01.d3vgxxq.mongodb.net:27017: [Errno 7] No address associated with hostname (configured timeouts: socketTimeoutMS: 20000.0ms, connectTimeoutMS: 20000.0ms)')>, <ServerDescription ('ac-razqnti-shard-00-02.d3vgxxq.mongodb.net', 27017) server_type: Unknown, rtt: None, error=AutoReconnect('ac-razqnti-shard-00-02.d3vgxxq.mongodb.net:27017: [Errno 7] No address associated with hostname (configured timeouts: socketTimeoutMS: 20000.0ms, connectTimeoutMS: 20000.0ms)')>]>
2026-07-15 18:55:48,814 - server - WARNING - Auto match reminders loop failed: ac-razqnti-shard-00-02.d3vgxxq.mongodb.net:27017: [Errno 7] No address associated with hostname (configured timeouts: socketTimeoutMS: 20000.0ms, connectTimeoutMS: 20000.0ms),ac-razqnti-shard-00-00.d3vgxxq.mongodb.net:27017: [Errno 7] No address associated with hostname (configured timeouts: socketTimeoutMS: 20000.0ms, connectTimeoutMS: 20000.0ms),ac-razqnti-shard-00-01.d3vgxxq.mongodb.net:27017: [Errno 7] No address associated with hostname (configured timeouts: socketTimeoutMS: 20000.0ms, connectTimeoutMS: 20000.0ms), Timeout: 30s, Topology Description: <TopologyDescription id: 6a56c057e25220c97e5b857a, topology_type: ReplicaSetNoPrimary, servers: [<ServerDescription ('ac-razqnti-shard-00-00.d3vgxxq.mongodb.net', 27017) server_type: Unknown, rtt: None, error=AutoReconnect('ac-razqnti-shard-00-00.d3vgxxq.mongodb.net:27017: [Errno 7] No address associated with hostname (configured timeouts: socketTimeoutMS: 20000.0ms, connectTimeoutMS: 20000.0ms)')>, <ServerDescription ('ac-razqnti-shard-00-01.d3vgxxq.mongodb.net', 27017) server_type: Unknown, rtt: None, error=AutoReconnect('ac-razqnti-shard-00-01.d3vgxxq.mongodb.net:27017: [Errno 7] No address associated with hostname (configured timeouts: socketTimeoutMS: 20000.0ms, connectTimeoutMS: 20000.0ms)')>, <ServerDescription ('ac-razqnti-shard-00-02.d3vgxxq.mongodb.net', 27017) server_type: Unknown, rtt: None, error=AutoReconnect('ac-razqnti-shard-00-02.d3vgxxq.mongodb.net:27017: [Errno 7] No address associated with hostname (configured timeouts: socketTimeoutMS: 20000.0ms, connectTimeoutMS: 20000.0ms)')>]>
2026-07-15 18:57:18,835 - server - WARNING - Auto match reminders loop failed: ac-razqnti-shard-00-02.d3vgxxq.mongodb.net:27017: [Errno 7] No address associated with hostname (configured timeouts: socketTimeoutMS: 20000.0ms, connectTimeoutMS: 20000.0ms),ac-razqnti-shard-00-00.d3vgxxq.mongodb.net:27017: [Errno 7] No address associated with hostname (configured timeouts: socketTimeoutMS: 20000.0ms, connectTimeoutMS: 20000.0ms),ac-razqnti-shard-00-01.d3vgxxq.mongodb.net:27017: [Errno 7] No address associated with hostname (configured timeouts: socketTimeoutMS: 20000.0ms, connectTimeoutMS: 20000.0ms), Timeout: 30s, Topology Description: <TopologyDescription id: 6a56c057e25220c97e5b857a, topology_type: ReplicaSetNoPrimary, servers: [<ServerDescription ('ac-razqnti-shard-00-00.d3vgxxq.mongodb.net', 27017) server_type: Unknown, rtt: None, error=AutoReconnect('ac-razqnti-shard-00-00.d3vgxxq.mongodb.net:27017: [Errno 7] No address associated with hostname (configured timeouts: socketTimeoutMS: 20000.0ms, connectTimeoutMS: 20000.0ms)')>, <ServerDescription ('ac-razqnti-shard-00-01.d3vgxxq.mongodb.net', 27017) server_type: Unknown, rtt: None, error=AutoReconnect('ac-razqnti-shard-00-01.d3vgxxq.mongodb.net:27017: [Errno 7] No address associated with hostname (configured timeouts: socketTimeoutMS: 20000.0ms, connectTimeoutMS: 20000.0ms)')>, <ServerDescription ('ac-razqnti-shard-00-02.d3vgxxq.mongodb.net', 27017) server_type: Unknown, rtt: None, error=AutoReconnect('ac-razqnti-shard-00-02.d3vgxxq.mongodb.net:27017: [Errno 7] No address associated with hostname (configured timeouts: socketTimeoutMS: 20000.0ms, connectTimeoutMS: 20000.0ms)')>]>
2026-07-15 18:58:30,739 - server - WARNING - TheSportsDB fetch failed: [Errno 7] No address associated with hostname
2026-07-15 18:58:49,195 - server - WARNING - Auto match reminders loop failed: ac-razqnti-shard-00-02.d3vgxxq.mongodb.net:27017: [Errno 7] No address associated with hostname (configured timeouts: socketTimeoutMS: 20000.0ms, connectTimeoutMS: 20000.0ms),ac-razqnti-shard-00-00.d3vgxxq.mongodb.net:27017: [Errno 7] No address associated with hostname (configured timeouts: socketTimeoutMS: 20000.0ms, connectTimeoutMS: 20000.0ms),ac-razqnti-shard-00-01.d3vgxxq.mongodb.net:27017: [Errno 7] No address associated with hostname (configured timeouts: socketTimeoutMS: 20000.0ms, connectTimeoutMS: 20000.0ms), Timeout: 30s, Topology Description: <TopologyDescription id: 6a56c057e25220c97e5b857a, topology_type: ReplicaSetNoPrimary, servers: [<ServerDescription ('ac-razqnti-shard-00-00.d3vgxxq.mongodb.net', 27017) server_type: Unknown, rtt: None, error=AutoReconnect('ac-razqnti-shard-00-00.d3vgxxq.mongodb.net:27017: [Errno 7] No address associated with hostname (configured timeouts: socketTimeoutMS: 20000.0ms, connectTimeoutMS: 20000.0ms)')>, <ServerDescription ('ac-razqnti-shard-00-01.d3vgxxq.mongodb.net', 27017) server_type: Unknown, rtt: None, error=AutoReconnect('ac-razqnti-shard-00-01.d3vgxxq.mongodb.net:27017: [Errno 7] No address associated with hostname (configured timeouts: socketTimeoutMS: 20000.0ms, connectTimeoutMS: 20000.0ms)')>, <ServerDescription ('ac-razqnti-shard-00-02.d3vgxxq.mongodb.net', 27017) server_type: Unknown, rtt: None, error=AutoReconnect('ac-razqnti-shard-00-02.d3vgxxq.mongodb.net:27017: [Errno 7] No address associated with hostname (configured timeouts: socketTimeoutMS: 20000.0ms, connectTimeoutMS: 20000.0ms)')>]>
2026-07-15 18:59:00,798 - server - WARNING - Auto sync loop failed: ac-razqnti-shard-00-02.d3vgxxq.mongodb.net:27017: [Errno 7] No address associated with hostname (configured timeouts: socketTimeoutMS: 20000.0ms, connectTimeoutMS: 20000.0ms),ac-razqnti-shard-00-00.d3vgxxq.mongodb.net:27017: [Errno 7] No address associated with hostname (configured timeouts: socketTimeoutMS: 20000.0ms, connectTimeoutMS: 20000.0ms),ac-razqnti-shard-00-01.d3vgxxq.mongodb.net:27017: [Errno 7] No address associated with hostname (configured timeouts: socketTimeoutMS: 20000.0ms, connectTimeoutMS: 20000.0ms), Timeout: 30s, Topology Description: <TopologyDescription id: 6a56c057e25220c97e5b857a, topology_type: ReplicaSetNoPrimary, servers: [<ServerDescription ('ac-razqnti-shard-00-00.d3vgxxq.mongodb.net', 27017) server_type: Unknown, rtt: None, error=AutoReconnect('ac-razqnti-shard-00-00.d3vgxxq.mongodb.net:27017: [Errno 7] No address associated with hostname (configured timeouts: socketTimeoutMS: 20000.0ms, connectTimeoutMS: 20000.0ms)')>, <ServerDescription ('ac-razqnti-shard-00-01.d3vgxxq.mongodb.net', 27017) server_type: Unknown, rtt: None, error=AutoReconnect('ac-razqnti-shard-00-01.d3vgxxq.mongodb.net:27017: [Errno 7] No address associated with hostname (configured timeouts: socketTimeoutMS: 20000.0ms, connectTimeoutMS: 20000.0ms)')>, <ServerDescription ('ac-razqnti-shard-00-02.d3vgxxq.mongodb.net', 27017) server_type: Unknown, rtt: None, error=AutoReconnect('ac-razqnti-shard-00-02.d3vgxxq.mongodb.net:27017: [Errno 7] No address associated with hostname (configured timeouts: socketTimeoutMS: 20000.0ms, connectTimeoutMS: 20000.0ms)')>]>
2026-07-15 18:59:00,807 - server - WARNING - Auto API-Football sync loop failed: ac-razqnti-shard-00-02.d3vgxxq.mongodb.net:27017: [Errno 7] No address associated with hostname (configured timeouts: socketTimeoutMS: 20000.0ms, connectTimeoutMS: 20000.0ms),ac-razqnti-shard-00-00.d3vgxxq.mongodb.net:27017: [Errno 7] No address associated with hostname (configured timeouts: socketTimeoutMS: 20000.0ms, connectTimeoutMS: 20000.0ms),ac-razqnti-shard-00-01.d3vgxxq.mongodb.net:27017: [Errno 7] No address associated with hostname (configured timeouts: socketTimeoutMS: 20000.0ms, connectTimeoutMS: 20000.0ms), Timeout: 30s, Topology Description: <TopologyDescription id: 6a56c057e25220c97e5b857a, topology_type: ReplicaSetNoPrimary, servers: [<ServerDescription ('ac-razqnti-shard-00-00.d3vgxxq.mongodb.net', 27017) server_type: Unknown, rtt: None, error=AutoReconnect('ac-razqnti-shard-00-00.d3vgxxq.mongodb.net:27017: [Errno 7] No address associated with hostname (configured timeouts: socketTimeoutMS: 20000.0ms, connectTimeoutMS: 20000.0ms)')>, <ServerDescription ('ac-razqnti-shard-00-01.d3vgxxq.mongodb.net', 27017) server_type: Unknown, rtt: None, error=AutoReconnect('ac-razqnti-shard-00-01.d3vgxxq.mongodb.net:27017: [Errno 7] No address associated with hostname (configured timeouts: socketTimeoutMS: 20000.0ms, connectTimeoutMS: 20000.0ms)')>, <ServerDescription ('ac-razqnti-shard-00-02.d3vgxxq.mongodb.net', 27017) server_type: Unknown, rtt: None, error=AutoReconnect('ac-razqnti-shard-00-02.d3vgxxq.mongodb.net:27017: [Errno 7] No address associated with hostname (configured timeouts: socketTimeoutMS: 20000.0ms, connectTimeoutMS: 20000.0ms)')>]>
2026-07-15 19:00:19,626 - server - WARNING - Auto match reminders loop failed: ac-razqnti-shard-00-02.d3vgxxq.mongodb.net:27017: [Errno 7] No address associated with hostname (configured timeouts: socketTimeoutMS: 20000.0ms, connectTimeoutMS: 20000.0ms),ac-razqnti-shard-00-00.d3vgxxq.mongodb.net:27017: [Errno 7] No address associated with hostname (configured timeouts: socketTimeoutMS: 20000.0ms, connectTimeoutMS: 20000.0ms),ac-razqnti-shard-00-01.d3vgxxq.mongodb.net:27017: [Errno 7] No address associated with hostname (configured timeouts: socketTimeoutMS: 20000.0ms, connectTimeoutMS: 20000.0ms), Timeout: 30s, Topology Description: <TopologyDescription id: 6a56c057e25220c97e5b857a, topology_type: ReplicaSetNoPrimary, servers: [<ServerDescription ('ac-razqnti-shard-00-00.d3vgxxq.mongodb.net', 27017) server_type: Unknown, rtt: None, error=AutoReconnect('ac-razqnti-shard-00-00.d3vgxxq.mongodb.net:27017: [Errno 7] No address associated with hostname (configured timeouts: socketTimeoutMS: 20000.0ms, connectTimeoutMS: 20000.0ms)')>, <ServerDescription ('ac-razqnti-shard-00-01.d3vgxxq.mongodb.net', 27017) server_type: Unknown, rtt: None, error=AutoReconnect('ac-razqnti-shard-00-01.d3vgxxq.mongodb.net:27017: [Errno 7] No address associated with hostname (configured timeouts: socketTimeoutMS: 20000.0ms, connectTimeoutMS: 20000.0ms)')>, <ServerDescription ('ac-razqnti-shard-00-02.d3vgxxq.mongodb.net', 27017) server_type: Unknown, rtt: None, error=AutoReconnect('ac-razqnti-shard-00-02.d3vgxxq.mongodb.net:27017: [Errno 7] No address associated with hostname (configured timeouts: socketTimeoutMS: 20000.0ms, connectTimeoutMS: 20000.0ms)')>]>
2026-07-15 19:01:49,959 - server - WARNING - Auto match reminders loop failed: ac-razqnti-shard-00-02.d3vgxxq.mongodb.net:27017: [Errno 7] No address associated with hostname (configured timeouts: socketTimeoutMS: 20000.0ms, connectTimeoutMS: 20000.0ms),ac-razqnti-shard-00-00.d3vgxxq.mongodb.net:27017: [Errno 7] No address associated with hostname (configured timeouts: socketTimeoutMS: 20000.0ms, connectTimeoutMS: 20000.0ms),ac-razqnti-shard-00-01.d3vgxxq.mongodb.net:27017: [Errno 7] No address associated with hostname (configured timeouts: socketTimeoutMS: 20000.0ms, connectTimeoutMS: 20000.0ms), Timeout: 30s, Topology Description: <TopologyDescription id: 6a56c057e25220c97e5b857a, topology_type: ReplicaSetNoPrimary, servers: [<ServerDescription ('ac-razqnti-shard-00-00.d3vgxxq.mongodb.net', 27017) server_type: Unknown, rtt: None, error=AutoReconnect('ac-razqnti-shard-00-00.d3vgxxq.mongodb.net:27017: [Errno 7] No address associated with hostname (configured timeouts: socketTimeoutMS: 20000.0ms, connectTimeoutMS: 20000.0ms)')>, <ServerDescription ('ac-razqnti-shard-00-01.d3vgxxq.mongodb.net', 27017) server_type: Unknown, rtt: None, error=AutoReconnect('ac-razqnti-shard-00-01.d3vgxxq.mongodb.net:27017: [Errno 7] No address associated with hostname (configured timeouts: socketTimeoutMS: 20000.0ms, connectTimeoutMS: 20000.0ms)')>, <ServerDescription ('ac-razqnti-shard-00-02.d3vgxxq.mongodb.net', 27017) server_type: Unknown, rtt: None, error=AutoReconnect('ac-razqnti-shard-00-02.d3vgxxq.mongodb.net:27017: [Errno 7] No address associated with hostname (configured timeouts: socketTimeoutMS: 20000.0ms, connectTimeoutMS: 20000.0ms)')>]>
2026-07-15 19:03:20,328 - server - WARNING - Auto match reminders loop failed: ac-razqnti-shard-00-02.d3vgxxq.mongodb.net:27017: [Errno 7] No address associated with hostname (configured timeouts: socketTimeoutMS: 20000.0ms, connectTimeoutMS: 20000.0ms),ac-razqnti-shard-00-00.d3vgxxq.mongodb.net:27017: [Errno 7] No address associated with hostname (configured timeouts: socketTimeoutMS: 20000.0ms, connectTimeoutMS: 20000.0ms),ac-razqnti-shard-00-01.d3vgxxq.mongodb.net:27017: [Errno 7] No address associated with hostname (configured timeouts: socketTimeoutMS: 20000.0ms, connectTimeoutMS: 20000.0ms), Timeout: 30s, Topology Description: <TopologyDescription id: 6a56c057e25220c97e5b857a, topology_type: ReplicaSetNoPrimary, servers: [<ServerDescription ('ac-razqnti-shard-00-00.d3vgxxq.mongodb.net', 27017) server_type: Unknown, rtt: None, error=AutoReconnect('ac-razqnti-shard-00-00.d3vgxxq.mongodb.net:27017: [Errno 7] No address associated with hostname (configured timeouts: socketTimeoutMS: 20000.0ms, connectTimeoutMS: 20000.0ms)')>, <ServerDescription ('ac-razqnti-shard-00-01.d3vgxxq.mongodb.net', 27017) server_type: Unknown, rtt: None, error=AutoReconnect('ac-razqnti-shard-00-01.d3vgxxq.mongodb.net:27017: [Errno 7] No address associated with hostname (configured timeouts: socketTimeoutMS: 20000.0ms, connectTimeoutMS: 20000.0ms)')>, <ServerDescription ('ac-razqnti-shard-00-02.d3vgxxq.mongodb.net', 27017) server_type: Unknown, rtt: None, error=AutoReconnect('ac-razqnti-shard-00-02.d3vgxxq.mongodb.net:27017: [Errno 7] No address associated with hostname (configured timeouts: socketTimeoutMS: 20000.0ms, connectTimeoutMS: 20000.0ms)')>]>
2026-07-15 19:04:00,863 - server - WARNING - TheSportsDB fetch failed: [Errno 7] No address associated with hostname
2026-07-15 19:04:31,137 - server - WARNING - Auto sync loop failed: ac-razqnti-shard-00-02.d3vgxxq.mongodb.net:27017: [Errno 7] No address associated with hostname (configured timeouts: socketTimeoutMS: 20000.0ms, connectTimeoutMS: 20000.0ms),ac-razqnti-shard-00-00.d3vgxxq.mongodb.net:27017: [Errno 7] No address associated with hostname (configured timeouts: socketTimeoutMS: 20000.0ms, connectTimeoutMS: 20000.0ms),ac-razqnti-shard-00-01.d3vgxxq.mongodb.net:27017: [Errno 7] No address associated with hostname (configured timeouts: socketTimeoutMS: 20000.0ms, connectTimeoutMS: 20000.0ms), Timeout: 30s, Topology Description: <TopologyDescription id: 6a56c057e25220c97e5b857a, topology_type: ReplicaSetNoPrimary, servers: [<ServerDescription ('ac-razqnti-shard-00-00.d3vgxxq.mongodb.net', 27017) server_type: Unknown, rtt: None, error=AutoReconnect('ac-razqnti-shard-00-00.d3vgxxq.mongodb.net:27017: [Errno 7] No address associated with hostname (configured timeouts: socketTimeoutMS: 20000.0ms, connectTimeoutMS: 20000.0ms)')>, <ServerDescription ('ac-razqnti-shard-00-01.d3vgxxq.mongodb.net', 27017) server_type: Unknown, rtt: None, error=AutoReconnect('ac-razqnti-shard-00-01.d3vgxxq.mongodb.net:27017: [Errno 7] No address associated with hostname (configured timeouts: socketTimeoutMS: 20000.0ms, connectTimeoutMS: 20000.0ms)')>, <ServerDescription ('ac-razqnti-shard-00-02.d3vgxxq.mongodb.net', 27017) server_type: Unknown, rtt: None, error=AutoReconnect('ac-razqnti-shard-00-02.d3vgxxq.mongodb.net:27017: [Errno 7] No address associated with hostname (configured timeouts: socketTimeoutMS: 20000.0ms, connectTimeoutMS: 20000.0ms)')>]>
2026-07-15 19:04:31,146 - server - WARNING - Auto API-Football sync loop failed: ac-razqnti-shard-00-02.d3vgxxq.mongodb.net:27017: [Errno 7] No address associated with hostname (configured timeouts: socketTimeoutMS: 20000.0ms, connectTimeoutMS: 20000.0ms),ac-razqnti-shard-00-00.d3vgxxq.mongodb.net:27017: [Errno 7] No address associated with hostname (configured timeouts: socketTimeoutMS: 20000.0ms, connectTimeoutMS: 20000.0ms),ac-razqnti-shard-00-01.d3vgxxq.mongodb.net:27017: [Errno 7] No address associated with hostname (configured timeouts: socketTimeoutMS: 20000.0ms, connectTimeoutMS: 20000.0ms), Timeout: 30s, Topology Description: <TopologyDescription id: 6a56c057e25220c97e5b857a, topology_type: ReplicaSetNoPrimary, servers: [<ServerDescription ('ac-razqnti-shard-00-00.d3vgxxq.mongodb.net', 27017) server_type: Unknown, rtt: None, error=AutoReconnect('ac-razqnti-shard-00-00.d3vgxxq.mongodb.net:27017: [Errno 7] No address associated with hostname (configured timeouts: socketTimeoutMS: 20000.0ms, connectTimeoutMS: 20000.0ms)')>, <ServerDescription ('ac-razqnti-shard-00-01.d3vgxxq.mongodb.net', 27017) server_type: Unknown, rtt: None, error=AutoReconnect('ac-razqnti-shard-00-01.d3vgxxq.mongodb.net:27017: [Errno 7] No address associated with hostname (configured timeouts: socketTimeoutMS: 20000.0ms, connectTimeoutMS: 20000.0ms)')>, <ServerDescription ('ac-razqnti-shard-00-02.d3vgxxq.mongodb.net', 27017) server_type: Unknown, rtt: None, error=AutoReconnect('ac-razqnti-shard-00-02.d3vgxxq.mongodb.net:27017: [Errno 7] No address associated with hostname (configured timeouts: socketTimeoutMS: 20000.0ms, connectTimeoutMS: 20000.0ms)')>]>
2026-07-15 19:04:50,798 - server - WARNING - Auto match reminders loop failed: ac-razqnti-shard-00-02.d3vgxxq.mongodb.net:27017: [Errno 7] No address associated with hostname (configured timeouts: socketTimeoutMS: 20000.0ms, connectTimeoutMS: 20000.0ms),ac-razqnti-shard-00-00.d3vgxxq.mongodb.net:27017: [Errno 7] No address associated with hostname (configured timeouts: socketTimeoutMS: 20000.0ms, connectTimeoutMS: 20000.0ms),ac-razqnti-shard-00-01.d3vgxxq.mongodb.net:27017: [Errno 7] No address associated with hostname (configured timeouts: socketTimeoutMS: 20000.0ms, connectTimeoutMS: 20000.0ms), Timeout: 30s, Topology Description: <TopologyDescription id: 6a56c057e25220c97e5b857a, topology_type: ReplicaSetNoPrimary, servers: [<ServerDescription ('ac-razqnti-shard-00-00.d3vgxxq.mongodb.net', 27017) server_type: Unknown, rtt: None, error=AutoReconnect('ac-razqnti-shard-00-00.d3vgxxq.mongodb.net:27017: [Errno 7] No address associated with hostname (configured timeouts: socketTimeoutMS: 20000.0ms, connectTimeoutMS: 20000.0ms)')>, <ServerDescription ('ac-razqnti-shard-00-01.d3vgxxq.mongodb.net', 27017) server_type: Unknown, rtt: None, error=AutoReconnect('ac-razqnti-shard-00-01.d3vgxxq.mongodb.net:27017: [Errno 7] No address associated with hostname (configured timeouts: socketTimeoutMS: 20000.0ms, connectTimeoutMS: 20000.0ms)')>, <ServerDescription ('ac-razqnti-shard-00-02.d3vgxxq.mongodb.net', 27017) server_type: Unknown, rtt: None, error=AutoReconnect('ac-razqnti-shard-00-02.d3vgxxq.mongodb.net:27017: [Errno 7] No address associated with hostname (configured timeouts: socketTimeoutMS: 20000.0ms, connectTimeoutMS: 20000.0ms)')>]>
2026-07-15 19:07:32,284 - httpx - INFO - HTTP Request: GET https://www.thesportsdb.com/api/v1/json/3/eventsseason.php?id=4429&s=2026 "HTTP/1.1 200 OK"
2026-07-15 19:07:32,299 - server - INFO - SYNC TRY: Mexico(mx) vs South Africa(za) score 2-0
2026-07-15 19:07:36,148 - server - INFO - SYNC NO MATCH: mx vs za
2026-07-15 19:07:36,148 - server - INFO - SYNC TRY: South Korea(kr) vs Czech Republic(cz) score 2-1
2026-07-15 19:07:36,742 - server - INFO - SYNC NO MATCH: kr vs cz
2026-07-15 19:07:36,743 - server - INFO - SYNC TRY: Canada(ca) vs Bosnia-Herzegovina(ba) score 1-1
2026-07-15 19:07:37,231 - server - INFO - SYNC NO MATCH: ca vs ba
2026-07-15 19:07:37,233 - server - INFO - SYNC TRY: USA(us) vs Paraguay(py) score 4-1
2026-07-15 19:07:37,774 - server - INFO - SYNC NO MATCH: us vs py
2026-07-15 19:07:37,775 - server - INFO - SYNC TRY: Brazil(br) vs Morocco(ma) score 1-1
2026-07-15 19:07:38,346 - server - INFO - SYNC NO MATCH: br vs ma
2026-07-15 19:09:32,140 - httpx - INFO - HTTP Request: GET https://www.thesportsdb.com/api/v1/json/3/eventsseason.php?id=4429&s=2026 "HTTP/1.1 200 OK"
2026-07-15 19:09:32,144 - server - INFO - SYNC TRY: Mexico(mx) vs South Africa(za) score 2-0
2026-07-15 19:09:35,894 - server - INFO - SYNC NO MATCH: mx vs za
2026-07-15 19:09:35,895 - server - INFO - SYNC TRY: South Korea(kr) vs Czech Republic(cz) score 2-1
2026-07-15 19:09:37,177 - server - INFO - SYNC NO MATCH: kr vs cz
2026-07-15 19:09:37,179 - server - INFO - SYNC TRY: Canada(ca) vs Bosnia-Herzegovina(ba) score 1-1
2026-07-15 19:09:37,997 - server - INFO - SYNC NO MATCH: ca vs ba
2026-07-15 19:09:37,998 - server - INFO - SYNC TRY: USA(us) vs Paraguay(py) score 4-1
2026-07-15 19:09:39,688 - server - INFO - SYNC NO MATCH: us vs py
2026-07-15 19:09:39,688 - server - INFO - SYNC TRY: Brazil(br) vs Morocco(ma) score 1-1
2026-07-15 19:09:40,741 - server - INFO - SYNC NO MATCH: br vs ma
2026-07-15 19:14:42,694 - httpx - INFO - HTTP Request: GET https://www.thesportsdb.com/api/v1/json/3/eventsseason.php?id=4429&s=2026 "HTTP/1.1 200 OK"
2026-07-15 19:14:42,719 - server - INFO - SYNC TRY: Mexico(mx) vs South Africa(za) score 2-0
2026-07-15 19:14:43,363 - server - INFO - SYNC NO MATCH: mx vs za
2026-07-15 19:14:43,364 - server - INFO - SYNC TRY: South Korea(kr) vs Czech Republic(cz) score 2-1
2026-07-15 19:14:43,872 - server - INFO - SYNC NO MATCH: kr vs cz
2026-07-15 19:14:43,873 - server - INFO - SYNC TRY: Canada(ca) vs Bosnia-Herzegovina(ba) score 1-1
2026-07-15 19:14:44,500 - server - INFO - SYNC NO MATCH: ca vs ba
2026-07-15 19:14:44,500 - server - INFO - SYNC TRY: USA(us) vs Paraguay(py) score 4-1
2026-07-15 19:14:45,328 - server - INFO - SYNC NO MATCH: us vs py
2026-07-15 19:14:45,328 - server - INFO - SYNC TRY: Brazil(br) vs Morocco(ma) score 1-1
2026-07-15 19:14:45,868 - server - INFO - SYNC NO MATCH: br vs ma
2026-07-15 19:19:46,800 - httpx - INFO - HTTP Request: GET https://www.thesportsdb.com/api/v1/json/3/eventsseason.php?id=4429&s=2026 "HTTP/1.1 200 OK"
2026-07-15 19:19:46,805 - server - INFO - SYNC TRY: Mexico(mx) vs South Africa(za) score 2-0
2026-07-15 19:19:47,311 - server - INFO - SYNC NO MATCH: mx vs za
2026-07-15 19:19:47,312 - server - INFO - SYNC TRY: South Korea(kr) vs Czech Republic(cz) score 2-1
2026-07-15 19:19:47,826 - server - INFO - SYNC NO MATCH: kr vs cz
2026-07-15 19:19:47,826 - server - INFO - SYNC TRY: Canada(ca) vs Bosnia-Herzegovina(ba) score 1-1
2026-07-15 19:19:48,344 - server - INFO - SYNC NO MATCH: ca vs ba
2026-07-15 19:19:48,344 - server - INFO - SYNC TRY: USA(us) vs Paraguay(py) score 4-1
2026-07-15 19:19:48,888 - server - INFO - SYNC NO MATCH: us vs py
2026-07-15 19:19:48,888 - server - INFO - SYNC TRY: Brazil(br) vs Morocco(ma) score 1-1
2026-07-15 19:19:49,462 - server - INFO - SYNC NO MATCH: br vs ma
2026-07-15 19:22:39,259 - httpx - INFO - HTTP Request: GET https://www.thesportsdb.com/api/v1/json/3/eventsseason.php?id=4429&s=2026 "HTTP/1.1 200 OK"
2026-07-15 19:22:39,265 - server - INFO - SYNC TRY: Mexico(mx) vs South Africa(za) score 2-0
2026-07-15 19:22:39,752 - server - INFO - SYNC NO MATCH: mx vs za
2026-07-15 19:22:39,753 - server - INFO - SYNC TRY: South Korea(kr) vs Czech Republic(cz) score 2-1
2026-07-15 19:22:40,269 - server - INFO - SYNC NO MATCH: kr vs cz
2026-07-15 19:22:40,269 - server - INFO - SYNC TRY: Canada(ca) vs Bosnia-Herzegovina(ba) score 1-1
2026-07-15 19:22:40,791 - server - INFO - SYNC NO MATCH: ca vs ba
2026-07-15 19:22:40,791 - server - INFO - SYNC TRY: USA(us) vs Paraguay(py) score 4-1
2026-07-15 19:22:41,290 - server - INFO - SYNC NO MATCH: us vs py
2026-07-15 19:22:41,291 - server - INFO - SYNC TRY: Brazil(br) vs Morocco(ma) score 1-1
2026-07-15 19:22:41,822 - server - INFO - SYNC NO MATCH: br vs ma
2026-07-15 19:24:50,329 - httpx - INFO - HTTP Request: GET https://www.thesportsdb.com/api/v1/json/3/eventsseason.php?id=4429&s=2026 "HTTP/1.1 200 OK"
2026-07-15 19:24:50,331 - server - INFO - SYNC TRY: Mexico(mx) vs South Africa(za) score 2-0
2026-07-15 19:24:50,862 - server - INFO - SYNC NO MATCH: mx vs za
2026-07-15 19:24:50,863 - server - INFO - SYNC TRY: South Korea(kr) vs Czech Republic(cz) score 2-1
2026-07-15 19:24:51,393 - server - INFO - SYNC NO MATCH: kr vs cz
2026-07-15 19:24:51,394 - server - INFO - SYNC TRY: Canada(ca) vs Bosnia-Herzegovina(ba) score 1-1
2026-07-15 19:24:51,949 - server - INFO - SYNC NO MATCH: ca vs ba
2026-07-15 19:24:51,949 - server - INFO - SYNC TRY: USA(us) vs Paraguay(py) score 4-1
2026-07-15 19:24:52,531 - server - INFO - SYNC NO MATCH: us vs py
2026-07-15 19:24:52,532 - server - INFO - SYNC TRY: Brazil(br) vs Morocco(ma) score 1-1
2026-07-15 19:24:53,066 - server - INFO - SYNC NO MATCH: br vs ma
2026-07-15 19:29:54,130 - httpx - INFO - HTTP Request: GET https://www.thesportsdb.com/api/v1/json/3/eventsseason.php?id=4429&s=2026 "HTTP/1.1 200 OK"
2026-07-15 19:29:54,143 - server - INFO - SYNC TRY: Mexico(mx) vs South Africa(za) score 2-0
2026-07-15 19:29:54,654 - server - INFO - SYNC NO MATCH: mx vs za
2026-07-15 19:29:54,655 - server - INFO - SYNC TRY: South Korea(kr) vs Czech Republic(cz) score 2-1
2026-07-15 19:29:55,163 - server - INFO - SYNC NO MATCH: kr vs cz
2026-07-15 19:29:55,164 - server - INFO - SYNC TRY: Canada(ca) vs Bosnia-Herzegovina(ba) score 1-1
2026-07-15 19:29:55,703 - server - INFO - SYNC NO MATCH: ca vs ba
2026-07-15 19:29:55,704 - server - INFO - SYNC TRY: USA(us) vs Paraguay(py) score 4-1
2026-07-15 19:29:56,329 - server - INFO - SYNC NO MATCH: us vs py
2026-07-15 19:29:56,329 - server - INFO - SYNC TRY: Brazil(br) vs Morocco(ma) score 1-1
2026-07-15 19:29:56,853 - server - INFO - SYNC NO MATCH: br vs ma
2026-07-15 19:34:57,940 - httpx - INFO - HTTP Request: GET https://www.thesportsdb.com/api/v1/json/3/eventsseason.php?id=4429&s=2026 "HTTP/1.1 200 OK"
2026-07-15 19:34:57,952 - server - INFO - SYNC TRY: Mexico(mx) vs South Africa(za) score 2-0
2026-07-15 19:34:58,624 - server - INFO - SYNC NO MATCH: mx vs za
2026-07-15 19:34:58,625 - server - INFO - SYNC TRY: South Korea(kr) vs Czech Republic(cz) score 2-1
2026-07-15 19:34:59,159 - server - INFO - SYNC NO MATCH: kr vs cz
2026-07-15 19:34:59,159 - server - INFO - SYNC TRY: Canada(ca) vs Bosnia-Herzegovina(ba) score 1-1
2026-07-15 19:34:59,792 - server - INFO - SYNC NO MATCH: ca vs ba
2026-07-15 19:34:59,793 - server - INFO - SYNC TRY: USA(us) vs Paraguay(py) score 4-1
2026-07-15 19:35:02,236 - server - INFO - SYNC NO MATCH: us vs py
2026-07-15 19:35:02,236 - server - INFO - SYNC TRY: Brazil(br) vs Morocco(ma) score 1-1
2026-07-15 19:35:02,845 - server - INFO - SYNC NO MATCH: br vs ma
2026-07-15 19:37:43,033 - httpx - INFO - HTTP Request: GET https://www.thesportsdb.com/api/v1/json/3/eventsseason.php?id=4429&s=2026 "HTTP/1.1 200 OK"
2026-07-15 19:37:43,035 - server - INFO - SYNC TRY: Mexico(mx) vs South Africa(za) score 2-0
2026-07-15 19:37:46,408 - server - INFO - SYNC NO MATCH: mx vs za
2026-07-15 19:37:46,408 - server - INFO - SYNC TRY: South Korea(kr) vs Czech Republic(cz) score 2-1
2026-07-15 19:37:47,121 - server - INFO - SYNC NO MATCH: kr vs cz
2026-07-15 19:37:47,123 - server - INFO - SYNC TRY: Canada(ca) vs Bosnia-Herzegovina(ba) score 1-1
2026-07-15 19:37:47,895 - server - INFO - SYNC NO MATCH: ca vs ba
2026-07-15 19:37:47,895 - server - INFO - SYNC TRY: USA(us) vs Paraguay(py) score 4-1
2026-07-15 19:37:48,645 - server - INFO - SYNC NO MATCH: us vs py
2026-07-15 19:37:48,646 - server - INFO - SYNC TRY: Brazil(br) vs Morocco(ma) score 1-1
2026-07-15 19:37:49,183 - server - INFO - SYNC NO MATCH: br vs ma
2026-07-15 19:40:03,706 - httpx - INFO - HTTP Request: GET https://www.thesportsdb.com/api/v1/json/3/eventsseason.php?id=4429&s=2026 "HTTP/1.1 200 OK"
2026-07-15 19:40:03,715 - server - INFO - SYNC TRY: Mexico(mx) vs South Africa(za) score 2-0
2026-07-15 19:40:04,241 - server - INFO - SYNC NO MATCH: mx vs za
2026-07-15 19:40:04,242 - server - INFO - SYNC TRY: South Korea(kr) vs Czech Republic(cz) score 2-1
2026-07-15 19:40:04,769 - server - INFO - SYNC NO MATCH: kr vs cz
2026-07-15 19:40:04,769 - server - INFO - SYNC TRY: Canada(ca) vs Bosnia-Herzegovina(ba) score 1-1
2026-07-15 19:40:05,306 - server - INFO - SYNC NO MATCH: ca vs ba
2026-07-15 19:40:05,307 - server - INFO - SYNC TRY: USA(us) vs Paraguay(py) score 4-1
2026-07-15 19:40:05,849 - server - INFO - SYNC NO MATCH: us vs py
2026-07-15 19:40:05,849 - server - INFO - SYNC TRY: Brazil(br) vs Morocco(ma) score 1-1
2026-07-15 19:40:06,369 - server - INFO - SYNC NO MATCH: br vs ma
2026-07-15 19:45:08,622 - httpx - INFO - HTTP Request: GET https://www.thesportsdb.com/api/v1/json/3/eventsseason.php?id=4429&s=2026 "HTTP/1.1 200 OK"
2026-07-15 19:45:08,639 - server - INFO - SYNC TRY: Mexico(mx) vs South Africa(za) score 2-0
2026-07-15 19:45:09,823 - server - INFO - SYNC NO MATCH: mx vs za
2026-07-15 19:45:09,823 - server - INFO - SYNC TRY: South Korea(kr) vs Czech Republic(cz) score 2-1
2026-07-15 19:45:10,652 - server - INFO - SYNC NO MATCH: kr vs cz
2026-07-15 19:45:10,653 - server - INFO - SYNC TRY: Canada(ca) vs Bosnia-Herzegovina(ba) score 1-1
2026-07-15 19:45:11,369 - server - INFO - SYNC NO MATCH: ca vs ba
2026-07-15 19:45:11,369 - server - INFO - SYNC TRY: USA(us) vs Paraguay(py) score 4-1
2026-07-15 19:45:12,319 - server - INFO - SYNC NO MATCH: us vs py
2026-07-15 19:45:12,319 - server - INFO - SYNC TRY: Brazil(br) vs Morocco(ma) score 1-1
2026-07-15 19:45:14,195 - server - INFO - SYNC NO MATCH: br vs ma
2026-07-15 19:50:16,701 - httpx - INFO - HTTP Request: GET https://www.thesportsdb.com/api/v1/json/3/eventsseason.php?id=4429&s=2026 "HTTP/1.1 200 OK"
2026-07-15 19:50:16,707 - server - INFO - SYNC TRY: Mexico(mx) vs South Africa(za) score 2-0
2026-07-15 19:50:17,757 - server - INFO - SYNC NO MATCH: mx vs za
2026-07-15 19:50:17,758 - server - INFO - SYNC TRY: South Korea(kr) vs Czech Republic(cz) score 2-1
2026-07-15 19:50:18,672 - server - INFO - SYNC NO MATCH: kr vs cz
2026-07-15 19:50:18,673 - server - INFO - SYNC TRY: Canada(ca) vs Bosnia-Herzegovina(ba) score 1-1
2026-07-15 19:50:19,465 - server - INFO - SYNC NO MATCH: ca vs ba
2026-07-15 19:50:19,465 - server - INFO - SYNC TRY: USA(us) vs Paraguay(py) score 4-1
2026-07-15 19:50:19,989 - server - INFO - SYNC NO MATCH: us vs py
2026-07-15 19:50:19,990 - server - INFO - SYNC TRY: Brazil(br) vs Morocco(ma) score 1-1
2026-07-15 19:50:20,549 - server - INFO - SYNC NO MATCH: br vs ma
2026-07-15 19:52:49,931 - httpx - INFO - HTTP Request: GET https://www.thesportsdb.com/api/v1/json/3/eventsseason.php?id=4429&s=2026 "HTTP/1.1 200 OK"
2026-07-15 19:52:49,935 - server - INFO - SYNC TRY: Mexico(mx) vs South Africa(za) score 2-0
2026-07-15 19:52:50,562 - server - INFO - SYNC NO MATCH: mx vs za
2026-07-15 19:52:50,563 - server - INFO - SYNC TRY: South Korea(kr) vs Czech Republic(cz) score 2-1
2026-07-15 19:52:51,241 - server - INFO - SYNC NO MATCH: kr vs cz
2026-07-15 19:52:51,242 - server - INFO - SYNC TRY: Canada(ca) vs Bosnia-Herzegovina(ba) score 1-1
2026-07-15 19:52:51,825 - server - INFO - SYNC NO MATCH: ca vs ba
2026-07-15 19:52:51,826 - server - INFO - SYNC TRY: USA(us) vs Paraguay(py) score 4-1
2026-07-15 19:52:52,907 - server - INFO - SYNC NO MATCH: us vs py
2026-07-15 19:52:52,907 - server - INFO - SYNC TRY: Brazil(br) vs Morocco(ma) score 1-1
2026-07-15 19:52:53,464 - server - INFO - SYNC NO MATCH: br vs ma
INFO:     127.0.0.1:36326 - "GET /marquee HTTP/1.1" 404 Not Found
2026-07-15 19:55:21,813 - httpx - INFO - HTTP Request: GET https://www.thesportsdb.com/api/v1/json/3/eventsseason.php?id=4429&s=2026 "HTTP/1.1 200 OK"
2026-07-15 19:55:21,820 - server - INFO - SYNC TRY: Mexico(mx) vs South Africa(za) score 2-0
2026-07-15 19:55:25,266 - server - INFO - SYNC NO MATCH: mx vs za
2026-07-15 19:55:25,266 - server - INFO - SYNC TRY: South Korea(kr) vs Czech Republic(cz) score 2-1
2026-07-15 19:55:25,757 - server - INFO - SYNC NO MATCH: kr vs cz
2026-07-15 19:55:25,757 - server - INFO - SYNC TRY: Canada(ca) vs Bosnia-Herzegovina(ba) score 1-1
2026-07-15 19:55:26,257 - server - INFO - SYNC NO MATCH: ca vs ba
2026-07-15 19:55:26,257 - server - INFO - SYNC TRY: USA(us) vs Paraguay(py) score 4-1
2026-07-15 19:55:26,833 - server - INFO - SYNC NO MATCH: us vs py
2026-07-15 19:55:26,834 - server - INFO - SYNC TRY: Brazil(br) vs Morocco(ma) score 1-1
2026-07-15 19:55:27,346 - server - INFO - SYNC NO MATCH: br vs ma
2026-07-15 20:00:30,591 - httpx - INFO - HTTP Request: GET https://www.thesportsdb.com/api/v1/json/3/eventsseason.php?id=4429&s=2026 "HTTP/1.1 200 OK"
2026-07-15 20:00:30,632 - server - INFO - SYNC TRY: Mexico(mx) vs South Africa(za) score 2-0
2026-07-15 20:00:31,153 - server - INFO - SYNC NO MATCH: mx vs za
2026-07-15 20:00:31,153 - server - INFO - SYNC TRY: South Korea(kr) vs Czech Republic(cz) score 2-1
2026-07-15 20:00:31,665 - server - INFO - SYNC NO MATCH: kr vs cz
2026-07-15 20:00:31,666 - server - INFO - SYNC TRY: Canada(ca) vs Bosnia-Herzegovina(ba) score 1-1
2026-07-15 20:00:32,176 - server - INFO - SYNC NO MATCH: ca vs ba
2026-07-15 20:00:32,177 - server - INFO - SYNC TRY: USA(us) vs Paraguay(py) score 4-1
2026-07-15 20:00:32,669 - server - INFO - SYNC NO MATCH: us vs py
2026-07-15 20:00:32,670 - server - INFO - SYNC TRY: Brazil(br) vs Morocco(ma) score 1-1
2026-07-15 20:00:33,180 - server - INFO - SYNC NO MATCH: br vs ma
2026-07-15 20:05:34,260 - httpx - INFO - HTTP Request: GET https://www.thesportsdb.com/api/v1/json/3/eventsseason.php?id=4429&s=2026 "HTTP/1.1 200 OK"
2026-07-15 20:05:34,263 - server - INFO - SYNC TRY: Mexico(mx) vs South Africa(za) score 2-0
2026-07-15 20:05:35,469 - httpx - INFO - HTTP Request: GET https://v3.football.api-sports.io/leagues?current=true "HTTP/1.1 200 OK"
2026-07-15 20:05:35,473 - server - ERROR - API-Football temporarily blocked until 2026-07-15T23:05:27.768496+00:00: API-Football errors: {'access': 'Your account is suspended, check on https://dashboard.api-football.com.'}
2026-07-15 20:05:35,473 - server - WARNING - API-Football unavailable for leagues. Returning stale cache. Error: API-Football errors: {'access': 'Your account is suspended, check on https://dashboard.api-football.com.'}
2026-07-15 20:05:35,854 - server - WARNING - API-Football blocked. Returning stale cache for leagues
2026-07-15 20:05:36,043 - server - INFO - SYNC NO MATCH: mx vs za
2026-07-15 20:05:36,044 - server - INFO - SYNC TRY: South Korea(kr) vs Czech Republic(cz) score 2-1
2026-07-15 20:05:36,079 - server - WARNING - Could not resolve season for league 135: 
2026-07-15 20:05:36,296 - server - WARNING - Could not resolve season for league 61: 
2026-07-15 20:05:36,469 - server - INFO - SYNC NO MATCH: kr vs cz
2026-07-15 20:05:36,469 - server - INFO - SYNC TRY: Canada(ca) vs Bosnia-Herzegovina(ba) score 1-1
2026-07-15 20:05:36,525 - server - WARNING - API-Football blocked. Returning stale cache for leagues
2026-07-15 20:05:36,747 - server - WARNING - Could not resolve season for league 848: 
2026-07-15 20:05:36,876 - server - INFO - SYNC NO MATCH: ca vs ba
2026-07-15 20:05:36,876 - server - INFO - SYNC TRY: USA(us) vs Paraguay(py) score 4-1
2026-07-15 20:05:36,967 - server - WARNING - Could not resolve season for league 3: 
2026-07-15 20:05:37,207 - server - WARNING - API-Football blocked. Returning stale cache for leagues
2026-07-15 20:05:37,321 - server - INFO - SYNC NO MATCH: us vs py
2026-07-15 20:05:37,321 - server - INFO - SYNC TRY: Brazil(br) vs Morocco(ma) score 1-1
2026-07-15 20:05:37,479 - server - WARNING - API-Football blocked. Returning stale cache for leagues
2026-07-15 20:05:37,690 - server - WARNING - Could not resolve season for league 78: 
2026-07-15 20:05:37,747 - server - INFO - SYNC NO MATCH: br vs ma
2026-07-15 20:05:37,905 - server - WARNING - API-Football blocked. Returning stale cache for leagues
INFO:     127.0.0.1:37964 - "GET /api/competitions HTTP/1.1" 200 OK
INFO:     127.0.0.1:38000 - "GET /api/matches HTTP/1.1" 200 OK
2026-07-15 20:07:54,400 - httpx - INFO - HTTP Request: GET https://www.thesportsdb.com/api/v1/json/3/eventsseason.php?id=4429&s=2026 "HTTP/1.1 200 OK"
2026-07-15 20:07:54,424 - server - INFO - SYNC TRY: Mexico(mx) vs South Africa(za) score 2-0
2026-07-15 20:07:57,882 - server - INFO - SYNC NO MATCH: mx vs za
2026-07-15 20:07:57,882 - server - INFO - SYNC TRY: South Korea(kr) vs Czech Republic(cz) score 2-1
2026-07-15 20:07:58,388 - server - INFO - SYNC NO MATCH: kr vs cz
2026-07-15 20:07:58,388 - server - INFO - SYNC TRY: Canada(ca) vs Bosnia-Herzegovina(ba) score 1-1
2026-07-15 20:07:58,880 - server - INFO - SYNC NO MATCH: ca vs ba
2026-07-15 20:07:58,887 - server - INFO - SYNC TRY: USA(us) vs Paraguay(py) score 4-1
2026-07-15 20:07:59,375 - server - INFO - SYNC NO MATCH: us vs py
2026-07-15 20:07:59,375 - server - INFO - SYNC TRY: Brazil(br) vs Morocco(ma) score 1-1
2026-07-15 20:08:00,891 - server - INFO - SYNC NO MATCH: br vs ma
2026-07-15 20:10:39,141 - httpx - INFO - HTTP Request: GET https://www.thesportsdb.com/api/v1/json/3/eventsseason.php?id=4429&s=2026 "HTTP/1.1 200 OK"
2026-07-15 20:10:39,143 - server - INFO - SYNC TRY: Mexico(mx) vs South Africa(za) score 2-0
2026-07-15 20:10:44,155 - server - INFO - SYNC NO MATCH: mx vs za
2026-07-15 20:10:44,156 - server - INFO - SYNC TRY: South Korea(kr) vs Czech Republic(cz) score 2-1
2026-07-15 20:10:44,715 - server - INFO - SYNC NO MATCH: kr vs cz
2026-07-15 20:10:44,716 - server - INFO - SYNC TRY: Canada(ca) vs Bosnia-Herzegovina(ba) score 1-1
2026-07-15 20:10:45,272 - server - INFO - SYNC NO MATCH: ca vs ba
2026-07-15 20:10:45,272 - server - INFO - SYNC TRY: USA(us) vs Paraguay(py) score 4-1
2026-07-15 20:10:47,213 - server - INFO - SYNC NO MATCH: us vs py
2026-07-15 20:10:47,216 - server - INFO - SYNC TRY: Brazil(br) vs Morocco(ma) score 1-1
2026-07-15 20:10:47,769 - server - INFO - SYNC NO MATCH: br vs ma
2026-07-15 20:15:48,875 - httpx - INFO - HTTP Request: GET https://www.thesportsdb.com/api/v1/json/3/eventsseason.php?id=4429&s=2026 "HTTP/1.1 200 OK"
2026-07-15 20:15:48,885 - server - INFO - SYNC TRY: Mexico(mx) vs South Africa(za) score 2-0
2026-07-15 20:15:49,329 - server - INFO - SYNC NO MATCH: mx vs za
2026-07-15 20:15:49,330 - server - INFO - SYNC TRY: South Korea(kr) vs Czech Republic(cz) score 2-1
2026-07-15 20:15:49,914 - server - INFO - SYNC NO MATCH: kr vs cz
2026-07-15 20:15:49,915 - server - INFO - SYNC TRY: Canada(ca) vs Bosnia-Herzegovina(ba) score 1-1
2026-07-15 20:15:50,483 - server - INFO - SYNC NO MATCH: ca vs ba
2026-07-15 20:15:50,484 - server - INFO - SYNC TRY: USA(us) vs Paraguay(py) score 4-1
2026-07-15 20:15:51,058 - server - INFO - SYNC NO MATCH: us vs py
2026-07-15 20:15:51,059 - server - INFO - SYNC TRY: Brazil(br) vs Morocco(ma) score 1-1
2026-07-15 20:15:51,564 - server - INFO - SYNC NO MATCH: br vs ma
2026-07-15 20:20:51,878 - server - WARNING - TheSportsDB fetch failed: [Errno 7] No address associated with hostname
2026-07-15 20:23:16,496 - httpx - INFO - HTTP Request: GET https://www.thesportsdb.com/api/v1/json/3/eventsseason.php?id=4429&s=2026 "HTTP/1.1 200 OK"
2026-07-15 20:23:16,504 - server - INFO - SYNC TRY: Mexico(mx) vs South Africa(za) score 2-0
2026-07-15 20:23:23,264 - server - INFO - SYNC NO MATCH: mx vs za
2026-07-15 20:23:23,265 - server - INFO - SYNC TRY: South Korea(kr) vs Czech Republic(cz) score 2-1
2026-07-15 20:23:25,229 - server - INFO - SYNC NO MATCH: kr vs cz
2026-07-15 20:23:25,229 - server - INFO - SYNC TRY: Canada(ca) vs Bosnia-Herzegovina(ba) score 1-1
2026-07-15 20:23:25,817 - server - INFO - SYNC NO MATCH: ca vs ba
2026-07-15 20:23:25,818 - server - INFO - SYNC TRY: USA(us) vs Paraguay(py) score 4-1
2026-07-15 20:23:26,361 - server - INFO - SYNC NO MATCH: us vs py
2026-07-15 20:23:26,361 - server - INFO - SYNC TRY: Brazil(br) vs Morocco(ma) score 1-1
2026-07-15 20:23:26,932 - server - INFO - SYNC NO MATCH: br vs ma
2026-07-15 20:26:04,515 - httpx - INFO - HTTP Request: GET https://www.thesportsdb.com/api/v1/json/3/eventsseason.php?id=4429&s=2026 "HTTP/1.1 200 OK"
2026-07-15 20:26:04,529 - server - INFO - SYNC TRY: Mexico(mx) vs South Africa(za) score 2-0
2026-07-15 20:26:08,363 - server - INFO - SYNC NO MATCH: mx vs za
2026-07-15 20:26:08,364 - server - INFO - SYNC TRY: South Korea(kr) vs Czech Republic(cz) score 2-1
2026-07-15 20:26:08,926 - server - INFO - SYNC NO MATCH: kr vs cz
2026-07-15 20:26:08,927 - server - INFO - SYNC TRY: Canada(ca) vs Bosnia-Herzegovina(ba) score 1-1
2026-07-15 20:26:09,481 - server - INFO - SYNC NO MATCH: ca vs ba
2026-07-15 20:26:09,486 - server - INFO - SYNC TRY: USA(us) vs Paraguay(py) score 4-1
2026-07-15 20:26:10,276 - server - INFO - SYNC NO MATCH: us vs py
2026-07-15 20:26:10,277 - server - INFO - SYNC TRY: Brazil(br) vs Morocco(ma) score 1-1
2026-07-15 20:26:10,899 - server - INFO - SYNC NO MATCH: br vs ma
2026-07-15 20:31:13,930 - httpx - INFO - HTTP Request: GET https://www.thesportsdb.com/api/v1/json/3/eventsseason.php?id=4429&s=2026 "HTTP/1.1 200 OK"
2026-07-15 20:31:13,941 - server - INFO - SYNC TRY: Mexico(mx) vs South Africa(za) score 2-0
2026-07-15 20:31:16,511 - server - INFO - SYNC NO MATCH: mx vs za
2026-07-15 20:31:16,512 - server - INFO - SYNC TRY: South Korea(kr) vs Czech Republic(cz) score 2-1
2026-07-15 20:31:17,243 - server - INFO - SYNC NO MATCH: kr vs cz
2026-07-15 20:31:17,244 - server - INFO - SYNC TRY: Canada(ca) vs Bosnia-Herzegovina(ba) score 1-1
2026-07-15 20:31:17,794 - server - INFO - SYNC NO MATCH: ca vs ba
2026-07-15 20:31:17,794 - server - INFO - SYNC TRY: USA(us) vs Paraguay(py) score 4-1
2026-07-15 20:31:18,385 - server - INFO - SYNC NO MATCH: us vs py
2026-07-15 20:31:18,386 - server - INFO - SYNC TRY: Brazil(br) vs Morocco(ma) score 1-1
2026-07-15 20:31:19,062 - server - INFO - SYNC NO MATCH: br vs ma
2026-07-15 20:36:20,286 - httpx - INFO - HTTP Request: GET https://www.thesportsdb.com/api/v1/json/3/eventsseason.php?id=4429&s=2026 "HTTP/1.1 200 OK"
2026-07-15 20:36:20,296 - server - INFO - SYNC TRY: Mexico(mx) vs South Africa(za) score 2-0
2026-07-15 20:36:20,856 - server - INFO - SYNC NO MATCH: mx vs za
2026-07-15 20:36:20,857 - server - INFO - SYNC TRY: South Korea(kr) vs Czech Republic(cz) score 2-1
2026-07-15 20:36:21,420 - server - INFO - SYNC NO MATCH: kr vs cz
2026-07-15 20:36:21,425 - server - INFO - SYNC TRY: Canada(ca) vs Bosnia-Herzegovina(ba) score 1-1
2026-07-15 20:36:21,956 - server - INFO - SYNC NO MATCH: ca vs ba
2026-07-15 20:36:21,956 - server - INFO - SYNC TRY: USA(us) vs Paraguay(py) score 4-1
2026-07-15 20:36:22,489 - server - INFO - SYNC NO MATCH: us vs py
2026-07-15 20:36:22,490 - server - INFO - SYNC TRY: Brazil(br) vs Morocco(ma) score 1-1
2026-07-15 20:36:23,141 - server - INFO - SYNC NO MATCH: br vs ma
2026-07-15 20:38:28,092 - httpx - INFO - HTTP Request: GET https://www.thesportsdb.com/api/v1/json/3/eventsseason.php?id=4429&s=2026 "HTTP/1.1 200 OK"
2026-07-15 20:38:28,096 - server - INFO - SYNC TRY: Mexico(mx) vs South Africa(za) score 2-0
2026-07-15 20:38:34,909 - server - INFO - SYNC NO MATCH: mx vs za
2026-07-15 20:38:34,910 - server - INFO - SYNC TRY: South Korea(kr) vs Czech Republic(cz) score 2-1
2026-07-15 20:38:35,603 - server - INFO - SYNC NO MATCH: kr vs cz
2026-07-15 20:38:35,604 - server - INFO - SYNC TRY: Canada(ca) vs Bosnia-Herzegovina(ba) score 1-1
2026-07-15 20:38:36,402 - server - INFO - SYNC NO MATCH: ca vs ba
2026-07-15 20:38:36,403 - server - INFO - SYNC TRY: USA(us) vs Paraguay(py) score 4-1
2026-07-15 20:38:37,295 - server - INFO - SYNC NO MATCH: us vs py
2026-07-15 20:38:37,296 - server - INFO - SYNC TRY: Brazil(br) vs Morocco(ma) score 1-1
2026-07-15 20:38:38,060 - server - INFO - SYNC NO MATCH: br vs ma
2026-07-15 20:41:24,223 - httpx - INFO - HTTP Request: GET https://www.thesportsdb.com/api/v1/json/3/eventsseason.php?id=4429&s=2026 "HTTP/1.1 200 OK"
2026-07-15 20:41:24,227 - server - INFO - SYNC TRY: Mexico(mx) vs South Africa(za) score 2-0
2026-07-15 20:41:27,797 - server - INFO - SYNC NO MATCH: mx vs za
2026-07-15 20:41:27,798 - server - INFO - SYNC TRY: South Korea(kr) vs Czech Republic(cz) score 2-1
2026-07-15 20:41:28,381 - server - INFO - SYNC NO MATCH: kr vs cz
2026-07-15 20:41:28,384 - server - INFO - SYNC TRY: Canada(ca) vs Bosnia-Herzegovina(ba) score 1-1
2026-07-15 20:41:28,914 - server - INFO - SYNC NO MATCH: ca vs ba
2026-07-15 20:41:28,914 - server - INFO - SYNC TRY: USA(us) vs Paraguay(py) score 4-1
2026-07-15 20:41:29,445 - server - INFO - SYNC NO MATCH: us vs py
2026-07-15 20:41:29,445 - server - INFO - SYNC TRY: Brazil(br) vs Morocco(ma) score 1-1
2026-07-15 20:41:29,997 - server - INFO - SYNC NO MATCH: br vs ma
2026-07-15 20:46:31,116 - httpx - INFO - HTTP Request: GET https://www.thesportsdb.com/api/v1/json/3/eventsseason.php?id=4429&s=2026 "HTTP/1.1 200 OK"
2026-07-15 20:46:31,153 - server - INFO - SYNC TRY: Mexico(mx) vs South Africa(za) score 2-0
2026-07-15 20:46:31,938 - server - INFO - SYNC NO MATCH: mx vs za
2026-07-15 20:46:31,938 - server - INFO - SYNC TRY: South Korea(kr) vs Czech Republic(cz) score 2-1
2026-07-15 20:46:32,683 - server - INFO - SYNC NO MATCH: kr vs cz
2026-07-15 20:46:32,683 - server - INFO - SYNC TRY: Canada(ca) vs Bosnia-Herzegovina(ba) score 1-1
2026-07-15 20:46:33,514 - server - INFO - SYNC NO MATCH: ca vs ba
2026-07-15 20:46:33,515 - server - INFO - SYNC TRY: USA(us) vs Paraguay(py) score 4-1
2026-07-15 20:46:34,416 - server - INFO - SYNC NO MATCH: us vs py
2026-07-15 20:46:34,417 - server - INFO - SYNC TRY: Brazil(br) vs Morocco(ma) score 1-1
2026-07-15 20:46:35,197 - server - INFO - SYNC NO MATCH: br vs ma
2026-07-15 20:51:37,015 - httpx - INFO - HTTP Request: GET https://www.thesportsdb.com/api/v1/json/3/eventsseason.php?id=4429&s=2026 "HTTP/1.1 200 OK"
2026-07-15 20:51:37,020 - server - INFO - SYNC TRY: Mexico(mx) vs South Africa(za) score 2-0
2026-07-15 20:51:44,545 - server - INFO - SYNC NO MATCH: mx vs za
2026-07-15 20:51:44,545 - server - INFO - SYNC TRY: South Korea(kr) vs Czech Republic(cz) score 2-1
2026-07-15 20:51:45,223 - server - INFO - SYNC NO MATCH: kr vs cz
2026-07-15 20:51:45,226 - server - INFO - SYNC TRY: Canada(ca) vs Bosnia-Herzegovina(ba) score 1-1
2026-07-15 20:51:45,914 - server - INFO - SYNC NO MATCH: ca vs ba
2026-07-15 20:51:45,914 - server - INFO - SYNC TRY: USA(us) vs Paraguay(py) score 4-1
2026-07-15 20:51:46,636 - server - INFO - SYNC NO MATCH: us vs py
2026-07-15 20:51:46,636 - server - INFO - SYNC TRY: Brazil(br) vs Morocco(ma) score 1-1
2026-07-15 20:51:47,357 - server - INFO - SYNC NO MATCH: br vs ma
2026-07-15 20:53:39,948 - httpx - INFO - HTTP Request: GET https://www.thesportsdb.com/api/v1/json/3/eventsseason.php?id=4429&s=2026 "HTTP/1.1 200 OK"
2026-07-15 20:53:39,955 - server - INFO - SYNC TRY: Mexico(mx) vs South Africa(za) score 2-0
2026-07-15 20:53:43,556 - server - INFO - SYNC NO MATCH: mx vs za
2026-07-15 20:53:43,556 - server - INFO - SYNC TRY: South Korea(kr) vs Czech Republic(cz) score 2-1
2026-07-15 20:53:44,119 - server - INFO - SYNC NO MATCH: kr vs cz
2026-07-15 20:53:44,122 - server - INFO - SYNC TRY: Canada(ca) vs Bosnia-Herzegovina(ba) score 1-1
2026-07-15 20:53:44,677 - server - INFO - SYNC NO MATCH: ca vs ba
2026-07-15 20:53:44,678 - server - INFO - SYNC TRY: USA(us) vs Paraguay(py) score 4-1
2026-07-15 20:53:45,195 - server - INFO - SYNC NO MATCH: us vs py
2026-07-15 20:53:45,195 - server - INFO - SYNC TRY: Brazil(br) vs Morocco(ma) score 1-1
2026-07-15 20:53:45,761 - server - INFO - SYNC NO MATCH: br vs ma
2026-07-15 20:56:49,833 - httpx - INFO - HTTP Request: GET https://www.thesportsdb.com/api/v1/json/3/eventsseason.php?id=4429&s=2026 "HTTP/1.1 200 OK"
2026-07-15 20:56:49,854 - server - INFO - SYNC TRY: Mexico(mx) vs South Africa(za) score 2-0
2026-07-15 20:56:50,884 - server - INFO - SYNC NO MATCH: mx vs za
2026-07-15 20:56:50,885 - server - INFO - SYNC TRY: South Korea(kr) vs Czech Republic(cz) score 2-1
2026-07-15 20:56:51,789 - server - INFO - SYNC NO MATCH: kr vs cz
2026-07-15 20:56:51,790 - server - INFO - SYNC TRY: Canada(ca) vs Bosnia-Herzegovina(ba) score 1-1
2026-07-15 20:56:52,785 - server - INFO - SYNC NO MATCH: ca vs ba
2026-07-15 20:56:52,786 - server - INFO - SYNC TRY: USA(us) vs Paraguay(py) score 4-1
2026-07-15 20:56:53,974 - server - INFO - SYNC NO MATCH: us vs py
2026-07-15 20:56:53,974 - server - INFO - SYNC TRY: Brazil(br) vs Morocco(ma) score 1-1
2026-07-15 20:56:55,059 - server - INFO - SYNC NO MATCH: br vs ma
2026-07-15 21:01:56,501 - httpx - INFO - HTTP Request: GET https://www.thesportsdb.com/api/v1/json/3/eventsseason.php?id=4429&s=2026 "HTTP/1.1 200 OK"
2026-07-15 21:01:56,517 - server - INFO - SYNC TRY: Mexico(mx) vs South Africa(za) score 2-0
2026-07-15 21:01:57,151 - server - INFO - SYNC NO MATCH: mx vs za
2026-07-15 21:01:57,151 - server - INFO - SYNC TRY: South Korea(kr) vs Czech Republic(cz) score 2-1
2026-07-15 21:01:58,138 - server - INFO - SYNC NO MATCH: kr vs cz
2026-07-15 21:01:58,139 - server - INFO - SYNC TRY: Canada(ca) vs Bosnia-Herzegovina(ba) score 1-1
2026-07-15 21:01:58,891 - server - INFO - SYNC NO MATCH: ca vs ba
2026-07-15 21:01:58,894 - server - INFO - SYNC TRY: USA(us) vs Paraguay(py) score 4-1
2026-07-15 21:02:00,384 - server - INFO - SYNC NO MATCH: us vs py
2026-07-15 21:02:00,384 - server - INFO - SYNC TRY: Brazil(br) vs Morocco(ma) score 1-1
2026-07-15 21:02:01,586 - server - INFO - SYNC NO MATCH: br vs ma
2026-07-15 21:07:03,252 - httpx - INFO - HTTP Request: GET https://www.thesportsdb.com/api/v1/json/3/eventsseason.php?id=4429&s=2026 "HTTP/1.1 200 OK"
2026-07-15 21:07:03,256 - server - INFO - SYNC TRY: Mexico(mx) vs South Africa(za) score 2-0
2026-07-15 21:07:04,300 - server - INFO - SYNC NO MATCH: mx vs za
2026-07-15 21:07:04,301 - server - INFO - SYNC TRY: South Korea(kr) vs Czech Republic(cz) score 2-1
2026-07-15 21:07:04,839 - server - INFO - SYNC NO MATCH: kr vs cz
2026-07-15 21:07:04,840 - server - INFO - SYNC TRY: Canada(ca) vs Bosnia-Herzegovina(ba) score 1-1
2026-07-15 21:07:05,388 - server - INFO - SYNC NO MATCH: ca vs ba
2026-07-15 21:07:05,389 - server - INFO - SYNC TRY: USA(us) vs Paraguay(py) score 4-1
2026-07-15 21:07:05,939 - server - INFO - SYNC NO MATCH: us vs py
2026-07-15 21:07:05,939 - server - INFO - SYNC TRY: Brazil(br) vs Morocco(ma) score 1-1
2026-07-15 21:07:06,473 - server - INFO - SYNC NO MATCH: br vs ma
2026-07-15 21:08:46,644 - httpx - INFO - HTTP Request: GET https://www.thesportsdb.com/api/v1/json/3/eventsseason.php?id=4429&s=2026 "HTTP/1.1 200 OK"
2026-07-15 21:08:46,653 - server - INFO - SYNC TRY: Mexico(mx) vs South Africa(za) score 2-0
2026-07-15 21:08:47,231 - server - INFO - SYNC NO MATCH: mx vs za
2026-07-15 21:08:47,231 - server - INFO - SYNC TRY: South Korea(kr) vs Czech Republic(cz) score 2-1
2026-07-15 21:08:47,825 - server - INFO - SYNC NO MATCH: kr vs cz
2026-07-15 21:08:47,826 - server - INFO - SYNC TRY: Canada(ca) vs Bosnia-Herzegovina(ba) score 1-1
2026-07-15 21:08:48,410 - server - INFO - SYNC NO MATCH: ca vs ba
2026-07-15 21:08:48,411 - server - INFO - SYNC TRY: USA(us) vs Paraguay(py) score 4-1
2026-07-15 21:08:49,091 - server - INFO - SYNC NO MATCH: us vs py
2026-07-15 21:08:49,091 - server - INFO - SYNC TRY: Brazil(br) vs Morocco(ma) score 1-1
2026-07-15 21:08:49,729 - server - INFO - SYNC NO MATCH: br vs ma
2026-07-15 21:12:07,944 - httpx - INFO - HTTP Request: GET https://www.thesportsdb.com/api/v1/json/3/eventsseason.php?id=4429&s=2026 "HTTP/1.1 200 OK"
2026-07-15 21:12:08,897 - server - INFO - SYNC TRY: Mexico(mx) vs South Africa(za) score 2-0
2026-07-15 21:12:11,858 - server - INFO - SYNC NO MATCH: mx vs za
2026-07-15 21:12:11,859 - server - INFO - SYNC TRY: South Korea(kr) vs Czech Republic(cz) score 2-1
2026-07-15 21:12:12,632 - server - INFO - SYNC NO MATCH: kr vs cz
2026-07-15 21:12:12,632 - server - INFO - SYNC TRY: Canada(ca) vs Bosnia-Herzegovina(ba) score 1-1
2026-07-15 21:12:13,764 - server - INFO - SYNC NO MATCH: ca vs ba
2026-07-15 21:12:13,765 - server - INFO - SYNC TRY: USA(us) vs Paraguay(py) score 4-1
2026-07-15 21:12:14,456 - server - INFO - SYNC NO MATCH: us vs py
2026-07-15 21:12:14,456 - server - INFO - SYNC TRY: Brazil(br) vs Morocco(ma) score 1-1
2026-07-15 21:12:15,010 - server - INFO - SYNC NO MATCH: br vs ma
2026-07-15 21:17:16,485 - httpx - INFO - HTTP Request: GET https://www.thesportsdb.com/api/v1/json/3/eventsseason.php?id=4429&s=2026 "HTTP/1.1 200 OK"
2026-07-15 21:17:16,498 - server - INFO - SYNC TRY: Mexico(mx) vs South Africa(za) score 2-0
2026-07-15 21:17:20,052 - server - INFO - SYNC NO MATCH: mx vs za
2026-07-15 21:17:20,054 - server - INFO - SYNC TRY: South Korea(kr) vs Czech Republic(cz) score 2-1
2026-07-15 21:17:20,580 - server - INFO - SYNC NO MATCH: kr vs cz
2026-07-15 21:17:20,581 - server - INFO - SYNC TRY: Canada(ca) vs Bosnia-Herzegovina(ba) score 1-1
2026-07-15 21:17:21,095 - server - INFO - SYNC NO MATCH: ca vs ba
2026-07-15 21:17:21,096 - server - INFO - SYNC TRY: USA(us) vs Paraguay(py) score 4-1
2026-07-15 21:17:21,677 - server - INFO - SYNC NO MATCH: us vs py
2026-07-15 21:17:21,677 - server - INFO - SYNC TRY: Brazil(br) vs Morocco(ma) score 1-1
2026-07-15 21:17:22,260 - server - INFO - SYNC NO MATCH: br vs ma
2026-07-15 21:22:24,077 - httpx - INFO - HTTP Request: GET https://www.thesportsdb.com/api/v1/json/3/eventsseason.php?id=4429&s=2026 "HTTP/1.1 200 OK"
2026-07-15 21:22:24,092 - server - INFO - SYNC TRY: Mexico(mx) vs South Africa(za) score 2-0
2026-07-15 21:22:30,053 - server - INFO - SYNC NO MATCH: mx vs za
2026-07-15 21:22:30,053 - server - INFO - SYNC TRY: South Korea(kr) vs Czech Republic(cz) score 2-1
2026-07-15 21:22:30,945 - server - INFO - SYNC NO MATCH: kr vs cz
2026-07-15 21:22:30,945 - server - INFO - SYNC TRY: Canada(ca) vs Bosnia-Herzegovina(ba) score 1-1
2026-07-15 21:22:31,621 - server - INFO - SYNC NO MATCH: ca vs ba
2026-07-15 21:22:31,622 - server - INFO - SYNC TRY: USA(us) vs Paraguay(py) score 4-1
2026-07-15 21:22:32,485 - server - INFO - SYNC NO MATCH: us vs py
2026-07-15 21:22:32,486 - server - INFO - SYNC TRY: Brazil(br) vs Morocco(ma) score 1-1
2026-07-15 21:22:33,199 - server - INFO - SYNC NO MATCH: br vs ma
2026-07-15 21:23:50,423 - httpx - INFO - HTTP Request: GET https://www.thesportsdb.com/api/v1/json/3/eventsseason.php?id=4429&s=2026 "HTTP/1.1 200 OK"
2026-07-15 21:23:50,425 - server - INFO - SYNC TRY: Mexico(mx) vs South Africa(za) score 2-0
2026-07-15 21:23:52,344 - server - INFO - SYNC NO MATCH: mx vs za
2026-07-15 21:23:52,344 - server - INFO - SYNC TRY: South Korea(kr) vs Czech Republic(cz) score 2-1
2026-07-15 21:23:52,851 - server - INFO - SYNC NO MATCH: kr vs cz
2026-07-15 21:23:52,852 - server - INFO - SYNC TRY: Canada(ca) vs Bosnia-Herzegovina(ba) score 1-1
2026-07-15 21:23:53,374 - server - INFO - SYNC NO MATCH: ca vs ba
2026-07-15 21:23:53,375 - server - INFO - SYNC TRY: USA(us) vs Paraguay(py) score 4-1
2026-07-15 21:23:53,903 - server - INFO - SYNC NO MATCH: us vs py
2026-07-15 21:23:53,904 - server - INFO - SYNC TRY: Brazil(br) vs Morocco(ma) score 1-1
2026-07-15 21:23:54,454 - server - INFO - SYNC NO MATCH: br vs ma
2026-07-15 21:27:34,449 - httpx - INFO - HTTP Request: GET https://www.thesportsdb.com/api/v1/json/3/eventsseason.php?id=4429&s=2026 "HTTP/1.1 200 OK"
2026-07-15 21:27:34,454 - server - INFO - SYNC TRY: Mexico(mx) vs South Africa(za) score 2-0
2026-07-15 21:27:40,959 - server - INFO - SYNC NO MATCH: mx vs za
2026-07-15 21:27:40,959 - server - INFO - SYNC TRY: South Korea(kr) vs Czech Republic(cz) score 2-1
2026-07-15 21:27:41,528 - server - INFO - SYNC NO MATCH: kr vs cz
2026-07-15 21:27:41,528 - server - INFO - SYNC TRY: Canada(ca) vs Bosnia-Herzegovina(ba) score 1-1
2026-07-15 21:27:42,661 - server - INFO - SYNC NO MATCH: ca vs ba
2026-07-15 21:27:42,663 - server - INFO - SYNC TRY: USA(us) vs Paraguay(py) score 4-1
2026-07-15 21:27:43,258 - server - INFO - SYNC NO MATCH: us vs py
2026-07-15 21:27:43,267 - server - INFO - SYNC TRY: Brazil(br) vs Morocco(ma) score 1-1
2026-07-15 21:27:43,881 - server - INFO - SYNC NO MATCH: br vs ma
2026-07-15 21:32:44,994 - httpx - INFO - HTTP Request: GET https://www.thesportsdb.com/api/v1/json/3/eventsseason.php?id=4429&s=2026 "HTTP/1.1 200 OK"
2026-07-15 21:32:44,997 - server - INFO - SYNC TRY: Mexico(mx) vs South Africa(za) score 2-0
2026-07-15 21:32:45,554 - server - INFO - SYNC NO MATCH: mx vs za
2026-07-15 21:32:45,554 - server - INFO - SYNC TRY: South Korea(kr) vs Czech Republic(cz) score 2-1
2026-07-15 21:32:46,130 - server - INFO - SYNC NO MATCH: kr vs cz
2026-07-15 21:32:46,131 - server - INFO - SYNC TRY: Canada(ca) vs Bosnia-Herzegovina(ba) score 1-1
2026-07-15 21:32:47,239 - server - INFO - SYNC NO MATCH: ca vs ba
2026-07-15 21:32:47,240 - server - INFO - SYNC TRY: USA(us) vs Paraguay(py) score 4-1
2026-07-15 21:32:47,789 - server - INFO - SYNC NO MATCH: us vs py
2026-07-15 21:32:47,790 - server - INFO - SYNC TRY: Brazil(br) vs Morocco(ma) score 1-1
2026-07-15 21:32:48,344 - server - INFO - SYNC NO MATCH: br vs ma
2026-07-15 21:37:49,709 - httpx - INFO - HTTP Request: GET https://www.thesportsdb.com/api/v1/json/3/eventsseason.php?id=4429&s=2026 "HTTP/1.1 200 OK"
2026-07-15 21:37:49,715 - server - INFO - SYNC TRY: Mexico(mx) vs South Africa(za) score 2-0
2026-07-15 21:37:54,639 - server - INFO - SYNC NO MATCH: mx vs za
2026-07-15 21:37:54,640 - server - INFO - SYNC TRY: South Korea(kr) vs Czech Republic(cz) score 2-1
2026-07-15 21:37:55,316 - server - INFO - SYNC NO MATCH: kr vs cz
2026-07-15 21:37:55,316 - server - INFO - SYNC TRY: Canada(ca) vs Bosnia-Herzegovina(ba) score 1-1
2026-07-15 21:37:55,990 - server - INFO - SYNC NO MATCH: ca vs ba
2026-07-15 21:37:55,990 - server - INFO - SYNC TRY: USA(us) vs Paraguay(py) score 4-1
2026-07-15 21:37:56,572 - server - INFO - SYNC NO MATCH: us vs py
2026-07-15 21:37:56,573 - server - INFO - SYNC TRY: Brazil(br) vs Morocco(ma) score 1-1
2026-07-15 21:37:57,204 - server - INFO - SYNC NO MATCH: br vs ma
2026-07-15 21:38:55,273 - httpx - INFO - HTTP Request: GET https://www.thesportsdb.com/api/v1/json/3/eventsseason.php?id=4429&s=2026 "HTTP/1.1 200 OK"
2026-07-15 21:38:55,287 - server - INFO - SYNC TRY: Mexico(mx) vs South Africa(za) score 2-0
2026-07-15 21:39:03,652 - server - INFO - SYNC NO MATCH: mx vs za
2026-07-15 21:39:03,652 - server - INFO - SYNC TRY: South Korea(kr) vs Czech Republic(cz) score 2-1
2026-07-15 21:39:04,737 - server - INFO - SYNC NO MATCH: kr vs cz
2026-07-15 21:39:04,742 - server - INFO - SYNC TRY: Canada(ca) vs Bosnia-Herzegovina(ba) score 1-1
2026-07-15 21:39:05,524 - server - INFO - SYNC NO MATCH: ca vs ba
2026-07-15 21:39:05,525 - server - INFO - SYNC TRY: USA(us) vs Paraguay(py) score 4-1
2026-07-15 21:39:06,017 - server - INFO - SYNC NO MATCH: us vs py
2026-07-15 21:39:06,018 - server - INFO - SYNC TRY: Brazil(br) vs Morocco(ma) score 1-1
2026-07-15 21:39:06,521 - server - INFO - SYNC NO MATCH: br vs ma
2026-07-15 21:42:59,014 - httpx - INFO - HTTP Request: GET https://www.thesportsdb.com/api/v1/json/3/eventsseason.php?id=4429&s=2026 "HTTP/1.1 200 OK"
2026-07-15 21:42:59,021 - server - INFO - SYNC TRY: Mexico(mx) vs South Africa(za) score 2-0
2026-07-15 21:43:04,431 - server - INFO - SYNC NO MATCH: mx vs za
2026-07-15 21:43:04,432 - server - INFO - SYNC TRY: South Korea(kr) vs Czech Republic(cz) score 2-1
2026-07-15 21:43:05,032 - server - INFO - SYNC NO MATCH: kr vs cz
2026-07-15 21:43:05,033 - server - INFO - SYNC TRY: Canada(ca) vs Bosnia-Herzegovina(ba) score 1-1
2026-07-15 21:43:05,634 - server - INFO - SYNC NO MATCH: ca vs ba
2026-07-15 21:43:05,635 - server - INFO - SYNC TRY: USA(us) vs Paraguay(py) score 4-1
2026-07-15 21:43:06,250 - server - INFO - SYNC NO MATCH: us vs py
2026-07-15 21:43:06,250 - server - INFO - SYNC TRY: Brazil(br) vs Morocco(ma) score 1-1
2026-07-15 21:43:06,840 - server - INFO - SYNC NO MATCH: br vs ma
2026-07-15 21:48:08,058 - httpx - INFO - HTTP Request: GET https://www.thesportsdb.com/api/v1/json/3/eventsseason.php?id=4429&s=2026 "HTTP/1.1 200 OK"
2026-07-15 21:48:08,072 - server - INFO - SYNC TRY: Mexico(mx) vs South Africa(za) score 2-0
2026-07-15 21:48:08,521 - server - INFO - SYNC NO MATCH: mx vs za
2026-07-15 21:48:08,523 - server - INFO - SYNC TRY: South Korea(kr) vs Czech Republic(cz) score 2-1
2026-07-15 21:48:08,962 - server - INFO - SYNC NO MATCH: kr vs cz
2026-07-15 21:48:08,963 - server - INFO - SYNC TRY: Canada(ca) vs Bosnia-Herzegovina(ba) score 1-1
2026-07-15 21:48:09,430 - server - INFO - SYNC NO MATCH: ca vs ba
2026-07-15 21:48:09,430 - server - INFO - SYNC TRY: USA(us) vs Paraguay(py) score 4-1
2026-07-15 21:48:09,890 - server - INFO - SYNC NO MATCH: us vs py
2026-07-15 21:48:09,891 - server - INFO - SYNC TRY: Brazil(br) vs Morocco(ma) score 1-1
2026-07-15 21:48:10,371 - server - INFO - SYNC NO MATCH: br vs ma
2026-07-15 21:53:11,549 - httpx - INFO - HTTP Request: GET https://www.thesportsdb.com/api/v1/json/3/eventsseason.php?id=4429&s=2026 "HTTP/1.1 200 OK"
2026-07-15 21:53:11,554 - server - INFO - SYNC TRY: Mexico(mx) vs South Africa(za) score 2-0
2026-07-15 21:53:16,375 - server - INFO - SYNC NO MATCH: mx vs za
2026-07-15 21:53:16,375 - server - INFO - SYNC TRY: South Korea(kr) vs Czech Republic(cz) score 2-1
2026-07-15 21:53:16,886 - server - INFO - SYNC NO MATCH: kr vs cz
2026-07-15 21:53:16,887 - server - INFO - SYNC TRY: Canada(ca) vs Bosnia-Herzegovina(ba) score 1-1
2026-07-15 21:53:17,460 - server - INFO - SYNC NO MATCH: ca vs ba
2026-07-15 21:53:17,460 - server - INFO - SYNC TRY: USA(us) vs Paraguay(py) score 4-1
2026-07-15 21:53:18,047 - server - INFO - SYNC NO MATCH: us vs py
2026-07-15 21:53:18,048 - server - INFO - SYNC TRY: Brazil(br) vs Morocco(ma) score 1-1
2026-07-15 21:53:18,556 - server - INFO - SYNC NO MATCH: br vs ma
2026-07-15 21:54:07,716 - httpx - INFO - HTTP Request: GET https://www.thesportsdb.com/api/v1/json/3/eventsseason.php?id=4429&s=2026 "HTTP/1.1 200 OK"
2026-07-15 21:54:07,719 - server - INFO - SYNC TRY: Mexico(mx) vs South Africa(za) score 2-0
2026-07-15 21:54:10,927 - server - INFO - SYNC NO MATCH: mx vs za
2026-07-15 21:54:10,927 - server - INFO - SYNC TRY: South Korea(kr) vs Czech Republic(cz) score 2-1
2026-07-15 21:54:11,366 - server - INFO - SYNC NO MATCH: kr vs cz
2026-07-15 21:54:11,367 - server - INFO - SYNC TRY: Canada(ca) vs Bosnia-Herzegovina(ba) score 1-1
2026-07-15 21:54:11,962 - server - INFO - SYNC NO MATCH: ca vs ba
2026-07-15 21:54:11,962 - server - INFO - SYNC TRY: USA(us) vs Paraguay(py) score 4-1
2026-07-15 21:54:12,476 - server - INFO - SYNC NO MATCH: us vs py
2026-07-15 21:54:12,476 - server - INFO - SYNC TRY: Brazil(br) vs Morocco(ma) score 1-1
2026-07-15 21:54:13,056 - server - INFO - SYNC NO MATCH: br vs ma
2026-07-15 21:58:20,238 - httpx - INFO - HTTP Request: GET https://www.thesportsdb.com/api/v1/json/3/eventsseason.php?id=4429&s=2026 "HTTP/1.1 200 OK"
2026-07-15 21:58:20,245 - server - INFO - SYNC TRY: Mexico(mx) vs South Africa(za) score 2-0
2026-07-15 21:58:25,109 - server - INFO - SYNC NO MATCH: mx vs za
2026-07-15 21:58:25,110 - server - INFO - SYNC TRY: South Korea(kr) vs Czech Republic(cz) score 2-1
2026-07-15 21:58:25,772 - server - INFO - SYNC NO MATCH: kr vs cz
2026-07-15 21:58:25,773 - server - INFO - SYNC TRY: Canada(ca) vs Bosnia-Herzegovina(ba) score 1-1
2026-07-15 21:58:26,343 - server - INFO - SYNC NO MATCH: ca vs ba
2026-07-15 21:58:26,344 - server - INFO - SYNC TRY: USA(us) vs Paraguay(py) score 4-1
2026-07-15 21:58:26,906 - server - INFO - SYNC NO MATCH: us vs py
2026-07-15 21:58:26,907 - server - INFO - SYNC TRY: Brazil(br) vs Morocco(ma) score 1-1
2026-07-15 21:58:27,467 - server - INFO - SYNC NO MATCH: br vs ma
2026-07-15 22:03:28,984 - httpx - INFO - HTTP Request: GET https://www.thesportsdb.com/api/v1/json/3/eventsseason.php?id=4429&s=2026 "HTTP/1.1 200 OK"
2026-07-15 22:03:28,988 - server - INFO - SYNC TRY: Mexico(mx) vs South Africa(za) score 2-0
2026-07-15 22:03:32,874 - server - INFO - SYNC NO MATCH: mx vs za
2026-07-15 22:03:32,874 - server - INFO - SYNC TRY: South Korea(kr) vs Czech Republic(cz) score 2-1
2026-07-15 22:03:33,545 - server - INFO - SYNC NO MATCH: kr vs cz
2026-07-15 22:03:33,545 - server - INFO - SYNC TRY: Canada(ca) vs Bosnia-Herzegovina(ba) score 1-1
2026-07-15 22:03:34,096 - server - INFO - SYNC NO MATCH: ca vs ba
2026-07-15 22:03:34,096 - server - INFO - SYNC TRY: USA(us) vs Paraguay(py) score 4-1
2026-07-15 22:03:34,674 - server - INFO - SYNC NO MATCH: us vs py
2026-07-15 22:03:34,675 - server - INFO - SYNC TRY: Brazil(br) vs Morocco(ma) score 1-1
2026-07-15 22:03:35,218 - server - INFO - SYNC NO MATCH: br vs ma
2026-07-15 22:08:36,590 - httpx - INFO - HTTP Request: GET https://www.thesportsdb.com/api/v1/json/3/eventsseason.php?id=4429&s=2026 "HTTP/1.1 200 OK"
2026-07-15 22:08:36,603 - server - INFO - SYNC TRY: Mexico(mx) vs South Africa(za) score 2-0
2026-07-15 22:08:39,936 - server - INFO - SYNC NO MATCH: mx vs za
2026-07-15 22:08:39,936 - server - INFO - SYNC TRY: South Korea(kr) vs Czech Republic(cz) score 2-1
2026-07-15 22:08:40,373 - server - INFO - SYNC NO MATCH: kr vs cz
2026-07-15 22:08:40,374 - server - INFO - SYNC TRY: Canada(ca) vs Bosnia-Herzegovina(ba) score 1-1
2026-07-15 22:08:40,899 - server - INFO - SYNC NO MATCH: ca vs ba
2026-07-15 22:08:40,899 - server - INFO - SYNC TRY: USA(us) vs Paraguay(py) score 4-1
2026-07-15 22:08:41,510 - server - INFO - SYNC NO MATCH: us vs py
2026-07-15 22:08:41,510 - server - INFO - SYNC TRY: Brazil(br) vs Morocco(ma) score 1-1
2026-07-15 22:08:42,124 - server - INFO - SYNC NO MATCH: br vs ma
2026-07-15 22:09:13,842 - httpx - INFO - HTTP Request: GET https://www.thesportsdb.com/api/v1/json/3/eventsseason.php?id=4429&s=2026 "HTTP/1.1 200 OK"
2026-07-15 22:09:13,852 - server - INFO - SYNC TRY: Mexico(mx) vs South Africa(za) score 2-0
2026-07-15 22:09:15,806 - server - INFO - SYNC NO MATCH: mx vs za
2026-07-15 22:09:15,807 - server - INFO - SYNC TRY: South Korea(kr) vs Czech Republic(cz) score 2-1
2026-07-15 22:09:16,426 - server - INFO - SYNC NO MATCH: kr vs cz
2026-07-15 22:09:16,427 - server - INFO - SYNC TRY: Canada(ca) vs Bosnia-Herzegovina(ba) score 1-1
2026-07-15 22:09:17,037 - server - INFO - SYNC NO MATCH: ca vs ba
2026-07-15 22:09:17,038 - server - INFO - SYNC TRY: USA(us) vs Paraguay(py) score 4-1
2026-07-15 22:09:17,766 - server - INFO - SYNC NO MATCH: us vs py
2026-07-15 22:09:17,767 - server - INFO - SYNC TRY: Brazil(br) vs Morocco(ma) score 1-1
2026-07-15 22:09:18,367 - server - INFO - SYNC NO MATCH: br vs ma
2026-07-15 22:13:00,220 - server - WARNING - Auto match reminders loop failed: ac-razqnti-shard-00-02.d3vgxxq.mongodb.net:27017: timed out (configured timeouts: socketTimeoutMS: 20000.0ms, connectTimeoutMS: 20000.0ms),ac-razqnti-shard-00-00.d3vgxxq.mongodb.net:27017: timed out (configured timeouts: socketTimeoutMS: 20000.0ms, connectTimeoutMS: 20000.0ms),ac-razqnti-shard-00-01.d3vgxxq.mongodb.net:27017: timed out (configured timeouts: socketTimeoutMS: 20000.0ms, connectTimeoutMS: 20000.0ms), Timeout: 30s, Topology Description: <TopologyDescription id: 6a56c057e25220c97e5b857a, topology_type: ReplicaSetNoPrimary, servers: [<ServerDescription ('ac-razqnti-shard-00-00.d3vgxxq.mongodb.net', 27017) server_type: Unknown, rtt: None, error=NetworkTimeout('ac-razqnti-shard-00-00.d3vgxxq.mongodb.net:27017: timed out (configured timeouts: socketTimeoutMS: 20000.0ms, connectTimeoutMS: 20000.0ms)')>, <ServerDescription ('ac-razqnti-shard-00-01.d3vgxxq.mongodb.net', 27017) server_type: Unknown, rtt: None, error=NetworkTimeout('ac-razqnti-shard-00-01.d3vgxxq.mongodb.net:27017: timed out (configured timeouts: socketTimeoutMS: 20000.0ms, connectTimeoutMS: 20000.0ms)')>, <ServerDescription ('ac-razqnti-shard-00-02.d3vgxxq.mongodb.net', 27017) server_type: Unknown, rtt: None, error=NetworkTimeout('ac-razqnti-shard-00-02.d3vgxxq.mongodb.net:27017: timed out (configured timeouts: socketTimeoutMS: 20000.0ms, connectTimeoutMS: 20000.0ms)')>]>
2026-07-15 22:13:43,534 - httpx - INFO - HTTP Request: GET https://www.thesportsdb.com/api/v1/json/3/eventsseason.php?id=4429&s=2026 "HTTP/1.1 200 OK"
2026-07-15 22:13:43,553 - server - INFO - SYNC TRY: Mexico(mx) vs South Africa(za) score 2-0
2026-07-15 22:14:13,859 - server - WARNING - Auto sync loop failed: ac-razqnti-shard-00-02.d3vgxxq.mongodb.net:27017: timed out (configured timeouts: socketTimeoutMS: 20000.0ms, connectTimeoutMS: 20000.0ms),ac-razqnti-shard-00-00.d3vgxxq.mongodb.net:27017: timed out (configured timeouts: socketTimeoutMS: 20000.0ms, connectTimeoutMS: 20000.0ms),ac-razqnti-shard-00-01.d3vgxxq.mongodb.net:27017: timed out (configured timeouts: socketTimeoutMS: 20000.0ms, connectTimeoutMS: 20000.0ms), Timeout: 30s, Topology Description: <TopologyDescription id: 6a56c057e25220c97e5b857a, topology_type: ReplicaSetNoPrimary, servers: [<ServerDescription ('ac-razqnti-shard-00-00.d3vgxxq.mongodb.net', 27017) server_type: Unknown, rtt: None, error=NetworkTimeout('ac-razqnti-shard-00-00.d3vgxxq.mongodb.net:27017: timed out (configured timeouts: socketTimeoutMS: 20000.0ms, connectTimeoutMS: 20000.0ms)')>, <ServerDescription ('ac-razqnti-shard-00-01.d3vgxxq.mongodb.net', 27017) server_type: Unknown, rtt: None, error=NetworkTimeout('ac-razqnti-shard-00-01.d3vgxxq.mongodb.net:27017: timed out (configured timeouts: socketTimeoutMS: 20000.0ms, connectTimeoutMS: 20000.0ms)')>, <ServerDescription ('ac-razqnti-shard-00-02.d3vgxxq.mongodb.net', 27017) server_type: Unknown, rtt: None, error=NetworkTimeout('ac-razqnti-shard-00-02.d3vgxxq.mongodb.net:27017: timed out (configured timeouts: socketTimeoutMS: 20000.0ms, connectTimeoutMS: 20000.0ms)')>]>
2026-07-15 22:14:30,386 - server - WARNING - Auto match reminders loop failed: ac-razqnti-shard-00-02.d3vgxxq.mongodb.net:27017: timed out (configured timeouts: socketTimeoutMS: 20000.0ms, connectTimeoutMS: 20000.0ms),ac-razqnti-shard-00-00.d3vgxxq.mongodb.net:27017: timed out (configured timeouts: socketTimeoutMS: 20000.0ms, connectTimeoutMS: 20000.0ms),ac-razqnti-shard-00-01.d3vgxxq.mongodb.net:27017: timed out (configured timeouts: socketTimeoutMS: 20000.0ms, connectTimeoutMS: 20000.0ms), Timeout: 30s, Topology Description: <TopologyDescription id: 6a56c057e25220c97e5b857a, topology_type: ReplicaSetNoPrimary, servers: [<ServerDescription ('ac-razqnti-shard-00-00.d3vgxxq.mongodb.net', 27017) server_type: Unknown, rtt: None, error=NetworkTimeout('ac-razqnti-shard-00-00.d3vgxxq.mongodb.net:27017: timed out (configured timeouts: socketTimeoutMS: 20000.0ms, connectTimeoutMS: 20000.0ms)')>, <ServerDescription ('ac-razqnti-shard-00-01.d3vgxxq.mongodb.net', 27017) server_type: Unknown, rtt: None, error=NetworkTimeout('ac-razqnti-shard-00-01.d3vgxxq.mongodb.net:27017: timed out (configured timeouts: socketTimeoutMS: 20000.0ms, connectTimeoutMS: 20000.0ms)')>, <ServerDescription ('ac-razqnti-shard-00-02.d3vgxxq.mongodb.net', 27017) server_type: Unknown, rtt: None, error=NetworkTimeout('ac-razqnti-shard-00-02.d3vgxxq.mongodb.net:27017: timed out (configured timeouts: socketTimeoutMS: 20000.0ms, connectTimeoutMS: 20000.0ms)')>]>
2026-07-15 22:19:15,158 - httpx - INFO - HTTP Request: GET https://www.thesportsdb.com/api/v1/json/3/eventsseason.php?id=4429&s=2026 "HTTP/1.1 200 OK"
2026-07-15 22:19:15,174 - server - INFO - SYNC TRY: Mexico(mx) vs South Africa(za) score 2-0
2026-07-15 22:19:19,203 - server - INFO - SYNC NO MATCH: mx vs za
2026-07-15 22:19:19,203 - server - INFO - SYNC TRY: South Korea(kr) vs Czech Republic(cz) score 2-1
2026-07-15 22:19:19,782 - server - INFO - SYNC NO MATCH: kr vs cz
2026-07-15 22:19:19,783 - server - INFO - SYNC TRY: Canada(ca) vs Bosnia-Herzegovina(ba) score 1-1
2026-07-15 22:19:20,395 - server - INFO - SYNC NO MATCH: ca vs ba
2026-07-15 22:19:20,395 - server - INFO - SYNC TRY: USA(us) vs Paraguay(py) score 4-1
2026-07-15 22:19:21,013 - server - INFO - SYNC NO MATCH: us vs py
2026-07-15 22:19:21,013 - server - INFO - SYNC TRY: Brazil(br) vs Morocco(ma) score 1-1
2026-07-15 22:19:21,627 - server - INFO - SYNC NO MATCH: br vs ma
2026-07-15 22:24:23,450 - httpx - INFO - HTTP Request: GET https://www.thesportsdb.com/api/v1/json/3/eventsseason.php?id=4429&s=2026 "HTTP/1.1 200 OK"
2026-07-15 22:24:23,460 - server - INFO - SYNC TRY: Mexico(mx) vs South Africa(za) score 2-0
2026-07-15 22:24:24,666 - httpx - INFO - HTTP Request: GET https://www.thesportsdb.com/api/v1/json/3/eventsseason.php?id=4429&s=2026 "HTTP/1.1 200 OK"
2026-07-15 22:24:24,676 - server - INFO - SYNC TRY: Mexico(mx) vs South Africa(za) score 2-0
2026-07-15 22:24:28,128 - server - INFO - SYNC NO MATCH: mx vs za
2026-07-15 22:24:28,129 - server - INFO - SYNC TRY: South Korea(kr) vs Czech Republic(cz) score 2-1
2026-07-15 22:24:28,717 - server - INFO - SYNC NO MATCH: kr vs cz
2026-07-15 22:24:28,718 - server - INFO - SYNC TRY: Canada(ca) vs Bosnia-Herzegovina(ba) score 1-1
2026-07-15 22:24:29,485 - server - INFO - SYNC NO MATCH: ca vs ba
2026-07-15 22:24:29,487 - server - INFO - SYNC TRY: USA(us) vs Paraguay(py) score 4-1
2026-07-15 22:24:30,000 - server - INFO - SYNC NO MATCH: us vs py
2026-07-15 22:24:30,001 - server - INFO - SYNC TRY: Brazil(br) vs Morocco(ma) score 1-1
2026-07-15 22:24:30,564 - server - INFO - SYNC NO MATCH: br vs ma
2026-07-15 22:24:32,973 - server - INFO - SYNC NO MATCH: mx vs za
2026-07-15 22:24:32,974 - server - INFO - SYNC TRY: South Korea(kr) vs Czech Republic(cz) score 2-1
2026-07-15 22:24:33,555 - server - INFO - SYNC NO MATCH: kr vs cz
2026-07-15 22:24:33,556 - server - INFO - SYNC TRY: Canada(ca) vs Bosnia-Herzegovina(ba) score 1-1
2026-07-15 22:24:34,205 - server - INFO - SYNC NO MATCH: ca vs ba
2026-07-15 22:24:34,205 - server - INFO - SYNC TRY: USA(us) vs Paraguay(py) score 4-1
2026-07-15 22:24:34,745 - server - INFO - SYNC NO MATCH: us vs py
2026-07-15 22:24:34,745 - server - INFO - SYNC TRY: Brazil(br) vs Morocco(ma) score 1-1
2026-07-15 22:24:36,239 - server - INFO - SYNC NO MATCH: br vs ma
2026-07-15 22:29:31,687 - httpx - INFO - HTTP Request: GET https://www.thesportsdb.com/api/v1/json/3/eventsseason.php?id=4429&s=2026 "HTTP/1.1 200 OK"
2026-07-15 22:29:31,704 - server - INFO - SYNC TRY: Mexico(mx) vs South Africa(za) score 2-0
2026-07-15 22:29:32,721 - server - INFO - SYNC NO MATCH: mx vs za
2026-07-15 22:29:32,723 - server - INFO - SYNC TRY: South Korea(kr) vs Czech Republic(cz) score 2-1
2026-07-15 22:29:33,754 - server - INFO - SYNC NO MATCH: kr vs cz
2026-07-15 22:29:33,754 - server - INFO - SYNC TRY: Canada(ca) vs Bosnia-Herzegovina(ba) score 1-1
2026-07-15 22:29:34,198 - server - INFO - SYNC NO MATCH: ca vs ba
2026-07-15 22:29:34,199 - server - INFO - SYNC TRY: USA(us) vs Paraguay(py) score 4-1
2026-07-15 22:29:34,861 - server - INFO - SYNC NO MATCH: us vs py
2026-07-15 22:29:34,862 - server - INFO - SYNC TRY: Brazil(br) vs Morocco(ma) score 1-1
2026-07-15 22:29:35,871 - server - INFO - SYNC NO MATCH: br vs ma
2026-07-15 22:34:37,058 - httpx - INFO - HTTP Request: GET https://www.thesportsdb.com/api/v1/json/3/eventsseason.php?id=4429&s=2026 "HTTP/1.1 200 OK"
2026-07-15 22:34:37,063 - server - INFO - SYNC TRY: Mexico(mx) vs South Africa(za) score 2-0
2026-07-15 22:34:38,336 - server - INFO - SYNC NO MATCH: mx vs za
2026-07-15 22:34:38,337 - server - INFO - SYNC TRY: South Korea(kr) vs Czech Republic(cz) score 2-1
2026-07-15 22:34:38,706 - server - INFO - SYNC NO MATCH: kr vs cz
2026-07-15 22:34:38,707 - server - INFO - SYNC TRY: Canada(ca) vs Bosnia-Herzegovina(ba) score 1-1
2026-07-15 22:34:39,067 - server - INFO - SYNC NO MATCH: ca vs ba
2026-07-15 22:34:39,068 - server - INFO - SYNC TRY: USA(us) vs Paraguay(py) score 4-1
2026-07-15 22:34:39,403 - server - INFO - SYNC NO MATCH: us vs py
2026-07-15 22:34:39,404 - server - INFO - SYNC TRY: Brazil(br) vs Morocco(ma) score 1-1
2026-07-15 22:34:39,753 - server - INFO - SYNC NO MATCH: br vs ma
2026-07-15 22:39:37,430 - httpx - INFO - HTTP Request: GET https://www.thesportsdb.com/api/v1/json/3/eventsseason.php?id=4429&s=2026 "HTTP/1.1 200 OK"
2026-07-15 22:39:37,438 - server - INFO - SYNC TRY: Mexico(mx) vs South Africa(za) score 2-0
2026-07-15 22:39:39,465 - server - INFO - SYNC NO MATCH: mx vs za
2026-07-15 22:39:39,465 - server - INFO - SYNC TRY: South Korea(kr) vs Czech Republic(cz) score 2-1
2026-07-15 22:39:39,986 - server - INFO - SYNC NO MATCH: kr vs cz
2026-07-15 22:39:39,986 - server - INFO - SYNC TRY: Canada(ca) vs Bosnia-Herzegovina(ba) score 1-1
2026-07-15 22:39:40,366 - httpx - INFO - HTTP Request: GET https://www.thesportsdb.com/api/v1/json/3/eventsseason.php?id=4429&s=2026 "HTTP/1.1 200 OK"
2026-07-15 22:39:40,370 - server - INFO - SYNC TRY: Mexico(mx) vs South Africa(za) score 2-0
2026-07-15 22:39:40,510 - server - INFO - SYNC NO MATCH: ca vs ba
2026-07-15 22:39:40,510 - server - INFO - SYNC TRY: USA(us) vs Paraguay(py) score 4-1
2026-07-15 22:39:40,976 - server - INFO - SYNC NO MATCH: us vs py
2026-07-15 22:39:40,976 - server - INFO - SYNC TRY: Brazil(br) vs Morocco(ma) score 1-1
2026-07-15 22:39:41,427 - server - INFO - SYNC NO MATCH: br vs ma
2026-07-15 22:39:42,141 - server - INFO - SYNC NO MATCH: mx vs za
2026-07-15 22:39:42,141 - server - INFO - SYNC TRY: South Korea(kr) vs Czech Republic(cz) score 2-1
2026-07-15 22:39:42,757 - server - INFO - SYNC NO MATCH: kr vs cz
2026-07-15 22:39:42,757 - server - INFO - SYNC TRY: Canada(ca) vs Bosnia-Herzegovina(ba) score 1-1
2026-07-15 22:39:43,363 - server - INFO - SYNC NO MATCH: ca vs ba
2026-07-15 22:39:43,364 - server - INFO - SYNC TRY: USA(us) vs Paraguay(py) score 4-1
2026-07-15 22:39:43,980 - server - INFO - SYNC NO MATCH: us vs py
2026-07-15 22:39:43,981 - server - INFO - SYNC TRY: Brazil(br) vs Morocco(ma) score 1-1
2026-07-15 22:39:44,604 - server - INFO - SYNC NO MATCH: br vs ma
2026-07-15 22:44:45,899 - httpx - INFO - HTTP Request: GET https://www.thesportsdb.com/api/v1/json/3/eventsseason.php?id=4429&s=2026 "HTTP/1.1 200 OK"
2026-07-15 22:44:45,902 - server - INFO - SYNC TRY: Mexico(mx) vs South Africa(za) score 2-0
2026-07-15 22:44:48,817 - server - INFO - SYNC NO MATCH: mx vs za
2026-07-15 22:44:48,817 - server - INFO - SYNC TRY: South Korea(kr) vs Czech Republic(cz) score 2-1
2026-07-15 22:44:49,227 - server - INFO - SYNC NO MATCH: kr vs cz
2026-07-15 22:44:49,228 - server - INFO - SYNC TRY: Canada(ca) vs Bosnia-Herzegovina(ba) score 1-1
2026-07-15 22:44:49,649 - server - INFO - SYNC NO MATCH: ca vs ba
2026-07-15 22:44:49,649 - server - INFO - SYNC TRY: USA(us) vs Paraguay(py) score 4-1
2026-07-15 22:44:50,164 - server - INFO - SYNC NO MATCH: us vs py
2026-07-15 22:44:50,164 - server - INFO - SYNC TRY: Brazil(br) vs Morocco(ma) score 1-1
2026-07-15 22:44:50,660 - server - INFO - SYNC NO MATCH: br vs ma
2026-07-15 22:49:52,590 - httpx - INFO - HTTP Request: GET https://www.thesportsdb.com/api/v1/json/3/eventsseason.php?id=4429&s=2026 "HTTP/1.1 200 OK"
2026-07-15 22:49:52,608 - server - INFO - SYNC TRY: Mexico(mx) vs South Africa(za) score 2-0
2026-07-15 22:49:56,537 - server - INFO - SYNC NO MATCH: mx vs za
2026-07-15 22:49:56,538 - server - INFO - SYNC TRY: South Korea(kr) vs Czech Republic(cz) score 2-1
2026-07-15 22:49:57,168 - server - INFO - SYNC NO MATCH: kr vs cz
2026-07-15 22:49:57,169 - server - INFO - SYNC TRY: Canada(ca) vs Bosnia-Herzegovina(ba) score 1-1
2026-07-15 22:49:57,975 - server - INFO - SYNC NO MATCH: ca vs ba
2026-07-15 22:49:57,976 - server - INFO - SYNC TRY: USA(us) vs Paraguay(py) score 4-1
2026-07-15 22:49:58,906 - server - INFO - SYNC NO MATCH: us vs py
2026-07-15 22:49:58,907 - server - INFO - SYNC TRY: Brazil(br) vs Morocco(ma) score 1-1
2026-07-15 22:49:59,649 - server - INFO - SYNC NO MATCH: br vs ma
2026-07-15 22:54:43,202 - httpx - INFO - HTTP Request: GET https://www.thesportsdb.com/api/v1/json/3/eventsseason.php?id=4429&s=2026 "HTTP/1.1 200 OK"
2026-07-15 22:54:43,208 - server - INFO - SYNC TRY: Mexico(mx) vs South Africa(za) score 2-0
2026-07-15 22:54:50,030 - server - INFO - SYNC NO MATCH: mx vs za
2026-07-15 22:54:50,031 - server - INFO - SYNC TRY: South Korea(kr) vs Czech Republic(cz) score 2-1
2026-07-15 22:54:50,779 - server - INFO - SYNC NO MATCH: kr vs cz
2026-07-15 22:54:50,779 - server - INFO - SYNC TRY: Canada(ca) vs Bosnia-Herzegovina(ba) score 1-1
2026-07-15 22:54:51,463 - server - INFO - SYNC NO MATCH: ca vs ba
2026-07-15 22:54:51,465 - server - INFO - SYNC TRY: USA(us) vs Paraguay(py) score 4-1
2026-07-15 22:54:52,066 - server - INFO - SYNC NO MATCH: us vs py
2026-07-15 22:54:52,067 - server - INFO - SYNC TRY: Brazil(br) vs Morocco(ma) score 1-1
2026-07-15 22:54:52,816 - server - INFO - SYNC NO MATCH: br vs ma
2026-07-15 22:55:02,198 - httpx - INFO - HTTP Request: GET https://www.thesportsdb.com/api/v1/json/3/eventsseason.php?id=4429&s=2026 "HTTP/1.1 200 OK"
2026-07-15 22:55:02,206 - server - INFO - SYNC TRY: Mexico(mx) vs South Africa(za) score 2-0
2026-07-15 22:55:06,159 - server - INFO - SYNC NO MATCH: mx vs za
2026-07-15 22:55:06,160 - server - INFO - SYNC TRY: South Korea(kr) vs Czech Republic(cz) score 2-1
2026-07-15 22:55:06,731 - server - INFO - SYNC NO MATCH: kr vs cz
2026-07-15 22:55:06,731 - server - INFO - SYNC TRY: Canada(ca) vs Bosnia-Herzegovina(ba) score 1-1
2026-07-15 22:55:07,210 - server - INFO - SYNC NO MATCH: ca vs ba
2026-07-15 22:55:07,210 - server - INFO - SYNC TRY: USA(us) vs Paraguay(py) score 4-1
2026-07-15 22:55:07,638 - server - INFO - SYNC NO MATCH: us vs py
2026-07-15 22:55:07,639 - server - INFO - SYNC TRY: Brazil(br) vs Morocco(ma) score 1-1
2026-07-15 22:55:08,246 - server - INFO - SYNC NO MATCH: br vs ma
2026-07-15 23:00:10,781 - httpx - INFO - HTTP Request: GET https://www.thesportsdb.com/api/v1/json/3/eventsseason.php?id=4429&s=2026 "HTTP/1.1 200 OK"
2026-07-15 23:00:10,789 - server - INFO - SYNC TRY: Mexico(mx) vs South Africa(za) score 2-0
2026-07-15 23:00:14,354 - server - INFO - SYNC NO MATCH: mx vs za
2026-07-15 23:00:14,354 - server - INFO - SYNC TRY: South Korea(kr) vs Czech Republic(cz) score 2-1
2026-07-15 23:00:14,991 - server - INFO - SYNC NO MATCH: kr vs cz
2026-07-15 23:00:14,992 - server - INFO - SYNC TRY: Canada(ca) vs Bosnia-Herzegovina(ba) score 1-1
2026-07-15 23:00:15,479 - server - INFO - SYNC NO MATCH: ca vs ba
2026-07-15 23:00:15,480 - server - INFO - SYNC TRY: USA(us) vs Paraguay(py) score 4-1
2026-07-15 23:00:15,903 - server - INFO - SYNC NO MATCH: us vs py
2026-07-15 23:00:15,903 - server - INFO - SYNC TRY: Brazil(br) vs Morocco(ma) score 1-1
2026-07-15 23:00:16,360 - server - INFO - SYNC NO MATCH: br vs ma
2026-07-15 23:05:18,136 - httpx - INFO - HTTP Request: GET https://www.thesportsdb.com/api/v1/json/3/eventsseason.php?id=4429&s=2026 "HTTP/1.1 200 OK"
2026-07-15 23:05:18,171 - server - INFO - SYNC TRY: Mexico(mx) vs South Africa(za) score 2-0
2026-07-15 23:05:23,188 - server - INFO - SYNC NO MATCH: mx vs za
2026-07-15 23:05:23,188 - server - INFO - SYNC TRY: South Korea(kr) vs Czech Republic(cz) score 2-1
2026-07-15 23:05:23,742 - server - INFO - SYNC NO MATCH: kr vs cz
2026-07-15 23:05:23,743 - server - INFO - SYNC TRY: Canada(ca) vs Bosnia-Herzegovina(ba) score 1-1
2026-07-15 23:05:25,237 - server - INFO - SYNC NO MATCH: ca vs ba
2026-07-15 23:05:25,237 - server - INFO - SYNC TRY: USA(us) vs Paraguay(py) score 4-1
2026-07-15 23:05:26,666 - server - INFO - SYNC NO MATCH: us vs py
2026-07-15 23:05:26,667 - server - INFO - SYNC TRY: Brazil(br) vs Morocco(ma) score 1-1
2026-07-15 23:05:28,307 - server - INFO - SYNC NO MATCH: br vs ma
2026-07-15 23:09:59,564 - httpx - INFO - HTTP Request: GET https://www.thesportsdb.com/api/v1/json/3/eventsseason.php?id=4429&s=2026 "HTTP/1.1 200 OK"
2026-07-15 23:09:59,570 - server - INFO - SYNC TRY: Mexico(mx) vs South Africa(za) score 2-0
2026-07-15 23:10:01,180 - server - INFO - SYNC NO MATCH: mx vs za
2026-07-15 23:10:01,181 - server - INFO - SYNC TRY: South Korea(kr) vs Czech Republic(cz) score 2-1
2026-07-15 23:10:01,894 - server - INFO - SYNC NO MATCH: kr vs cz
2026-07-15 23:10:01,895 - server - INFO - SYNC TRY: Canada(ca) vs Bosnia-Herzegovina(ba) score 1-1
2026-07-15 23:10:03,274 - server - INFO - SYNC NO MATCH: ca vs ba
2026-07-15 23:10:03,275 - server - INFO - SYNC TRY: USA(us) vs Paraguay(py) score 4-1
2026-07-15 23:10:03,985 - server - INFO - SYNC NO MATCH: us vs py
2026-07-15 23:10:03,985 - server - INFO - SYNC TRY: Brazil(br) vs Morocco(ma) score 1-1
2026-07-15 23:10:04,660 - server - INFO - SYNC NO MATCH: br vs ma
2026-07-15 23:10:29,447 - httpx - INFO - HTTP Request: GET https://www.thesportsdb.com/api/v1/json/3/eventsseason.php?id=4429&s=2026 "HTTP/1.1 200 OK"
2026-07-15 23:10:29,451 - server - INFO - SYNC TRY: Mexico(mx) vs South Africa(za) score 2-0
2026-07-15 23:10:32,430 - server - INFO - SYNC NO MATCH: mx vs za
2026-07-15 23:10:32,430 - server - INFO - SYNC TRY: South Korea(kr) vs Czech Republic(cz) score 2-1
2026-07-15 23:10:32,935 - server - INFO - SYNC NO MATCH: kr vs cz
2026-07-15 23:10:32,936 - server - INFO - SYNC TRY: Canada(ca) vs Bosnia-Herzegovina(ba) score 1-1
2026-07-15 23:10:33,438 - server - INFO - SYNC NO MATCH: ca vs ba
2026-07-15 23:10:33,439 - server - INFO - SYNC TRY: USA(us) vs Paraguay(py) score 4-1
2026-07-15 23:10:33,951 - server - INFO - SYNC NO MATCH: us vs py
2026-07-15 23:10:33,951 - server - INFO - SYNC TRY: Brazil(br) vs Morocco(ma) score 1-1
2026-07-15 23:10:34,566 - server - INFO - SYNC NO MATCH: br vs ma
2026-07-15 23:15:36,039 - httpx - INFO - HTTP Request: GET https://www.thesportsdb.com/api/v1/json/3/eventsseason.php?id=4429&s=2026 "HTTP/1.1 200 OK"
2026-07-15 23:15:36,045 - server - INFO - SYNC TRY: Mexico(mx) vs South Africa(za) score 2-0
2026-07-15 23:15:39,558 - server - INFO - SYNC NO MATCH: mx vs za
2026-07-15 23:15:39,559 - server - INFO - SYNC TRY: South Korea(kr) vs Czech Republic(cz) score 2-1
2026-07-15 23:15:40,141 - server - INFO - SYNC NO MATCH: kr vs cz
2026-07-15 23:15:40,141 - server - INFO - SYNC TRY: Canada(ca) vs Bosnia-Herzegovina(ba) score 1-1
2026-07-15 23:15:41,081 - server - INFO - SYNC NO MATCH: ca vs ba
2026-07-15 23:15:41,082 - server - INFO - SYNC TRY: USA(us) vs Paraguay(py) score 4-1
2026-07-15 23:15:41,767 - server - INFO - SYNC NO MATCH: us vs py
2026-07-15 23:15:41,768 - server - INFO - SYNC TRY: Brazil(br) vs Morocco(ma) score 1-1
2026-07-15 23:15:42,689 - server - INFO - SYNC NO MATCH: br vs ma
2026-07-15 23:20:44,561 - httpx - INFO - HTTP Request: GET https://www.thesportsdb.com/api/v1/json/3/eventsseason.php?id=4429&s=2026 "HTTP/1.1 200 OK"
2026-07-15 23:20:44,573 - server - INFO - SYNC TRY: Mexico(mx) vs South Africa(za) score 2-0
2026-07-15 23:20:58,460 - server - INFO - SYNC NO MATCH: mx vs za
2026-07-15 23:20:58,461 - server - INFO - SYNC TRY: South Korea(kr) vs Czech Republic(cz) score 2-1
2026-07-15 23:20:58,812 - server - INFO - SYNC NO MATCH: kr vs cz
2026-07-15 23:20:58,813 - server - INFO - SYNC TRY: Canada(ca) vs Bosnia-Herzegovina(ba) score 1-1
2026-07-15 23:20:59,418 - server - INFO - SYNC NO MATCH: ca vs ba
2026-07-15 23:20:59,419 - server - INFO - SYNC TRY: USA(us) vs Paraguay(py) score 4-1
2026-07-15 23:21:01,026 - server - INFO - SYNC NO MATCH: us vs py
2026-07-15 23:21:01,027 - server - INFO - SYNC TRY: Brazil(br) vs Morocco(ma) score 1-1
2026-07-15 23:21:01,479 - server - INFO - SYNC NO MATCH: br vs ma
2026-07-15 23:25:06,388 - httpx - INFO - HTTP Request: GET https://www.thesportsdb.com/api/v1/json/3/eventsseason.php?id=4429&s=2026 "HTTP/1.1 200 OK"
2026-07-15 23:25:06,400 - server - INFO - SYNC TRY: Mexico(mx) vs South Africa(za) score 2-0
2026-07-15 23:25:07,811 - server - INFO - SYNC NO MATCH: mx vs za
2026-07-15 23:25:07,812 - server - INFO - SYNC TRY: South Korea(kr) vs Czech Republic(cz) score 2-1
2026-07-15 23:25:08,359 - server - INFO - SYNC NO MATCH: kr vs cz
2026-07-15 23:25:08,359 - server - INFO - SYNC TRY: Canada(ca) vs Bosnia-Herzegovina(ba) score 1-1
2026-07-15 23:25:09,073 - server - INFO - SYNC NO MATCH: ca vs ba
2026-07-15 23:25:09,073 - server - INFO - SYNC TRY: USA(us) vs Paraguay(py) score 4-1
2026-07-15 23:25:09,905 - server - INFO - SYNC NO MATCH: us vs py
2026-07-15 23:25:09,905 - server - INFO - SYNC TRY: Brazil(br) vs Morocco(ma) score 1-1
2026-07-15 23:25:12,443 - server - INFO - SYNC NO MATCH: br vs ma
2026-07-15 23:26:09,891 - httpx - INFO - HTTP Request: GET https://www.thesportsdb.com/api/v1/json/3/eventsseason.php?id=4429&s=2026 "HTTP/1.1 200 OK"
2026-07-15 23:26:09,895 - server - INFO - SYNC TRY: Mexico(mx) vs South Africa(za) score 2-0
2026-07-15 23:26:19,276 - server - INFO - SYNC NO MATCH: mx vs za
2026-07-15 23:26:19,276 - server - INFO - SYNC TRY: South Korea(kr) vs Czech Republic(cz) score 2-1
2026-07-15 23:26:20,536 - server - INFO - SYNC NO MATCH: kr vs cz
2026-07-15 23:26:20,536 - server - INFO - SYNC TRY: Canada(ca) vs Bosnia-Herzegovina(ba) score 1-1
2026-07-15 23:26:21,218 - server - INFO - SYNC NO MATCH: ca vs ba
2026-07-15 23:26:21,218 - server - INFO - SYNC TRY: USA(us) vs Paraguay(py) score 4-1
2026-07-15 23:26:23,241 - server - INFO - SYNC NO MATCH: us vs py
2026-07-15 23:26:23,242 - server - INFO - SYNC TRY: Brazil(br) vs Morocco(ma) score 1-1
2026-07-15 23:26:23,738 - server - INFO - SYNC NO MATCH: br vs ma
2026-07-15 23:31:25,666 - httpx - INFO - HTTP Request: GET https://www.thesportsdb.com/api/v1/json/3/eventsseason.php?id=4429&s=2026 "HTTP/1.1 200 OK"
2026-07-15 23:31:25,674 - server - INFO - SYNC TRY: Mexico(mx) vs South Africa(za) score 2-0
2026-07-15 23:31:30,432 - server - INFO - SYNC NO MATCH: mx vs za
2026-07-15 23:31:30,433 - server - INFO - SYNC TRY: South Korea(kr) vs Czech Republic(cz) score 2-1
2026-07-15 23:31:31,365 - server - INFO - SYNC NO MATCH: kr vs cz
2026-07-15 23:31:31,366 - server - INFO - SYNC TRY: Canada(ca) vs Bosnia-Herzegovina(ba) score 1-1
2026-07-15 23:31:31,753 - server - INFO - SYNC NO MATCH: ca vs ba
2026-07-15 23:31:31,754 - server - INFO - SYNC TRY: USA(us) vs Paraguay(py) score 4-1
2026-07-15 23:31:32,362 - server - INFO - SYNC NO MATCH: us vs py
2026-07-15 23:31:32,363 - server - INFO - SYNC TRY: Brazil(br) vs Morocco(ma) score 1-1
2026-07-15 23:31:32,873 - server - INFO - SYNC NO MATCH: br vs ma
2026-07-15 23:36:35,266 - httpx - INFO - HTTP Request: GET https://www.thesportsdb.com/api/v1/json/3/eventsseason.php?id=4429&s=2026 "HTTP/1.1 200 OK"
2026-07-15 23:36:35,271 - server - INFO - SYNC TRY: Mexico(mx) vs South Africa(za) score 2-0
2026-07-15 23:36:37,868 - server - INFO - SYNC NO MATCH: mx vs za
2026-07-15 23:36:37,868 - server - INFO - SYNC TRY: South Korea(kr) vs Czech Republic(cz) score 2-1
2026-07-15 23:36:39,764 - server - INFO - SYNC NO MATCH: kr vs cz
2026-07-15 23:36:39,764 - server - INFO - SYNC TRY: Canada(ca) vs Bosnia-Herzegovina(ba) score 1-1
2026-07-15 23:36:40,379 - server - INFO - SYNC NO MATCH: ca vs ba
2026-07-15 23:36:40,379 - server - INFO - SYNC TRY: USA(us) vs Paraguay(py) score 4-1
2026-07-15 23:36:42,534 - server - INFO - SYNC NO MATCH: us vs py
2026-07-15 23:36:42,534 - server - INFO - SYNC TRY: Brazil(br) vs Morocco(ma) score 1-1
2026-07-15 23:36:43,121 - server - INFO - SYNC NO MATCH: br vs ma
2026-07-15 23:40:32,708 - server - WARNING - TheSportsDB fetch failed: 
2026-07-15 23:42:03,907 - server - WARNING - TheSportsDB fetch failed: 
2026-07-15 23:42:18,472 - server - WARNING - Auto API-Football sync loop failed: ac-razqnti-shard-00-01.d3vgxxq.mongodb.net:27017: [Errno 104] Connection reset by peer (configured timeouts: connectTimeoutMS: 20000.0ms)
2026-07-15 23:42:26,026 - server - WARNING - Auto match reminders loop failed: No replica set members match selector "Primary()", Timeout: 30s, Topology Description: <TopologyDescription id: 6a56c057e25220c97e5b857a, topology_type: ReplicaSetNoPrimary, servers: [<ServerDescription ('ac-razqnti-shard-00-00.d3vgxxq.mongodb.net', 27017) server_type: RSSecondary, rtt: 0.2713979666878801>, <ServerDescription ('ac-razqnti-shard-00-01.d3vgxxq.mongodb.net', 27017) server_type: Unknown, rtt: None, error=NetworkTimeout('ac-razqnti-shard-00-01.d3vgxxq.mongodb.net:27017: timed out (configured timeouts: socketTimeoutMS: 20000.0ms, connectTimeoutMS: 20000.0ms)')>, <ServerDescription ('ac-razqnti-shard-00-02.d3vgxxq.mongodb.net', 27017) server_type: RSSecondary, rtt: 0.2964216858846518>]>
2026-07-15 23:42:34,208 - server - WARNING - Auto sync loop failed: ac-razqnti-shard-00-02.d3vgxxq.mongodb.net:27017: [Errno 7] No address associated with hostname (configured timeouts: socketTimeoutMS: 20000.0ms, connectTimeoutMS: 20000.0ms),ac-razqnti-shard-00-00.d3vgxxq.mongodb.net:27017: [Errno 7] No address associated with hostname (configured timeouts: socketTimeoutMS: 20000.0ms, connectTimeoutMS: 20000.0ms),ac-razqnti-shard-00-01.d3vgxxq.mongodb.net:27017: [Errno 103] Software caused connection abort (configured timeouts: socketTimeoutMS: 20000.0ms, connectTimeoutMS: 20000.0ms), Timeout: 30s, Topology Description: <TopologyDescription id: 6a56c057e25220c97e5b857a, topology_type: ReplicaSetNoPrimary, servers: [<ServerDescription ('ac-razqnti-shard-00-00.d3vgxxq.mongodb.net', 27017) server_type: Unknown, rtt: None, error=AutoReconnect('ac-razqnti-shard-00-00.d3vgxxq.mongodb.net:27017: [Errno 7] No address associated with hostname (configured timeouts: socketTimeoutMS: 20000.0ms, connectTimeoutMS: 20000.0ms)')>, <ServerDescription ('ac-razqnti-shard-00-01.d3vgxxq.mongodb.net', 27017) server_type: Unknown, rtt: None, error=AutoReconnect('ac-razqnti-shard-00-01.d3vgxxq.mongodb.net:27017: [Errno 103] Software caused connection abort (configured timeouts: socketTimeoutMS: 20000.0ms, connectTimeoutMS: 20000.0ms)')>, <ServerDescription ('ac-razqnti-shard-00-02.d3vgxxq.mongodb.net', 27017) server_type: Unknown, rtt: None, error=AutoReconnect('ac-razqnti-shard-00-02.d3vgxxq.mongodb.net:27017: [Errno 7] No address associated with hostname (configured timeouts: socketTimeoutMS: 20000.0ms, connectTimeoutMS: 20000.0ms)')>]>
2026-07-15 23:44:16,645 - server - WARNING - Auto match reminders loop failed: ac-razqnti-shard-00-01.d3vgxxq.mongodb.net:27017: timed out (configured timeouts: connectTimeoutMS: 20000.0ms)
2026-07-15 23:46:49,446 - server - WARNING - Auto match reminders loop failed: ac-razqnti-shard-00-01.d3vgxxq.mongodb.net:27017: [Errno 104] Connection reset by peer (configured timeouts: connectTimeoutMS: 20000.0ms)
2026-07-15 23:47:45,022 - httpx - INFO - HTTP Request: GET https://www.thesportsdb.com/api/v1/json/3/eventsseason.php?id=4429&s=2026 "HTTP/1.1 200 OK"
2026-07-15 23:47:45,030 - server - INFO - SYNC TRY: Mexico(mx) vs South Africa(za) score 2-0
2026-07-15 23:47:45,365 - server - INFO - SYNC NO MATCH: mx vs za
2026-07-15 23:47:45,365 - server - INFO - SYNC TRY: South Korea(kr) vs Czech Republic(cz) score 2-1
2026-07-15 23:47:45,679 - server - INFO - SYNC NO MATCH: kr vs cz
2026-07-15 23:47:45,680 - server - INFO - SYNC TRY: Canada(ca) vs Bosnia-Herzegovina(ba) score 1-1
2026-07-15 23:47:45,945 - server - INFO - SYNC NO MATCH: ca vs ba
2026-07-15 23:47:45,946 - server - INFO - SYNC TRY: USA(us) vs Paraguay(py) score 4-1
2026-07-15 23:47:46,254 - server - INFO - SYNC NO MATCH: us vs py
2026-07-15 23:47:46,254 - server - INFO - SYNC TRY: Brazil(br) vs Morocco(ma) score 1-1
2026-07-15 23:47:46,548 - server - INFO - SYNC NO MATCH: br vs ma
2026-07-15 23:52:47,602 - httpx - INFO - HTTP Request: GET https://www.thesportsdb.com/api/v1/json/3/eventsseason.php?id=4429&s=2026 "HTTP/1.1 200 OK"
2026-07-15 23:52:47,605 - server - INFO - SYNC TRY: Mexico(mx) vs South Africa(za) score 2-0
2026-07-15 23:52:52,940 - server - INFO - SYNC NO MATCH: mx vs za
2026-07-15 23:52:52,941 - server - INFO - SYNC TRY: South Korea(kr) vs Czech Republic(cz) score 2-1
2026-07-15 23:52:54,685 - server - INFO - SYNC NO MATCH: kr vs cz
2026-07-15 23:52:54,685 - server - INFO - SYNC TRY: Canada(ca) vs Bosnia-Herzegovina(ba) score 1-1
2026-07-15 23:52:55,204 - server - INFO - SYNC NO MATCH: ca vs ba
2026-07-15 23:52:55,205 - server - INFO - SYNC TRY: USA(us) vs Paraguay(py) score 4-1
2026-07-15 23:52:57,262 - server - INFO - SYNC NO MATCH: us vs py
2026-07-15 23:52:57,265 - server - INFO - SYNC TRY: Brazil(br) vs Morocco(ma) score 1-1
2026-07-15 23:52:57,530 - server - INFO - SYNC NO MATCH: br vs ma
2026-07-15 23:55:56,640 - httpx - INFO - HTTP Request: GET https://www.thesportsdb.com/api/v1/json/3/eventsseason.php?id=4429&s=2026 "HTTP/1.1 200 OK"
2026-07-15 23:55:57,130 - server - INFO - SYNC TRY: Mexico(mx) vs South Africa(za) score 2-0
2026-07-15 23:55:58,753 - server - INFO - SYNC NO MATCH: mx vs za
2026-07-15 23:55:58,754 - server - INFO - SYNC TRY: South Korea(kr) vs Czech Republic(cz) score 2-1
2026-07-15 23:55:59,010 - server - INFO - SYNC NO MATCH: kr vs cz
2026-07-15 23:55:59,010 - server - INFO - SYNC TRY: Canada(ca) vs Bosnia-Herzegovina(ba) score 1-1
2026-07-15 23:55:59,284 - server - INFO - SYNC NO MATCH: ca vs ba
2026-07-15 23:55:59,285 - server - INFO - SYNC TRY: USA(us) vs Paraguay(py) score 4-1
2026-07-15 23:55:59,551 - server - INFO - SYNC NO MATCH: us vs py
2026-07-15 23:55:59,552 - server - INFO - SYNC TRY: Brazil(br) vs Morocco(ma) score 1-1
2026-07-15 23:55:59,840 - server - INFO - SYNC NO MATCH: br vs ma
2026-07-15 23:57:58,889 - httpx - INFO - HTTP Request: GET https://www.thesportsdb.com/api/v1/json/3/eventsseason.php?id=4429&s=2026 "HTTP/1.1 200 OK"
2026-07-15 23:57:58,898 - server - INFO - SYNC TRY: Mexico(mx) vs South Africa(za) score 2-0
2026-07-15 23:58:08,377 - server - INFO - SYNC NO MATCH: mx vs za
2026-07-15 23:58:08,379 - server - INFO - SYNC TRY: South Korea(kr) vs Czech Republic(cz) score 2-1
2026-07-15 23:58:08,694 - server - INFO - SYNC NO MATCH: kr vs cz
2026-07-15 23:58:08,694 - server - INFO - SYNC TRY: Canada(ca) vs Bosnia-Herzegovina(ba) score 1-1
2026-07-15 23:58:09,013 - server - INFO - SYNC NO MATCH: ca vs ba
2026-07-15 23:58:09,013 - server - INFO - SYNC TRY: USA(us) vs Paraguay(py) score 4-1
2026-07-15 23:58:10,119 - server - INFO - SYNC NO MATCH: us vs py
2026-07-15 23:58:10,120 - server - INFO - SYNC TRY: Brazil(br) vs Morocco(ma) score 1-1
2026-07-15 23:58:10,457 - server - INFO - SYNC NO MATCH: br vs ma
2026-07-16 00:03:12,092 - httpx - INFO - HTTP Request: GET https://www.thesportsdb.com/api/v1/json/3/eventsseason.php?id=4429&s=2026 "HTTP/1.1 200 OK"
2026-07-16 00:03:12,098 - server - INFO - SYNC TRY: Mexico(mx) vs South Africa(za) score 2-0
2026-07-16 00:03:14,630 - server - INFO - SYNC NO MATCH: mx vs za
2026-07-16 00:03:14,630 - server - INFO - SYNC TRY: South Korea(kr) vs Czech Republic(cz) score 2-1
2026-07-16 00:03:15,090 - server - INFO - SYNC NO MATCH: kr vs cz
2026-07-16 00:03:15,090 - server - INFO - SYNC TRY: Canada(ca) vs Bosnia-Herzegovina(ba) score 1-1
2026-07-16 00:03:15,406 - server - INFO - SYNC NO MATCH: ca vs ba
2026-07-16 00:03:15,406 - server - INFO - SYNC TRY: USA(us) vs Paraguay(py) score 4-1
2026-07-16 00:03:17,345 - server - INFO - SYNC NO MATCH: us vs py
2026-07-16 00:03:17,346 - server - INFO - SYNC TRY: Brazil(br) vs Morocco(ma) score 1-1
2026-07-16 00:03:17,800 - server - INFO - SYNC NO MATCH: br vs ma
2026-07-16 00:08:18,950 - httpx - INFO - HTTP Request: GET https://www.thesportsdb.com/api/v1/json/3/eventsseason.php?id=4429&s=2026 "HTTP/1.1 200 OK"
2026-07-16 00:08:18,959 - server - INFO - SYNC TRY: Mexico(mx) vs South Africa(za) score 2-0
2026-07-16 00:08:19,453 - server - INFO - SYNC NO MATCH: mx vs za
2026-07-16 00:08:19,453 - server - INFO - SYNC TRY: South Korea(kr) vs Czech Republic(cz) score 2-1
2026-07-16 00:08:19,977 - server - INFO - SYNC NO MATCH: kr vs cz
2026-07-16 00:08:19,978 - server - INFO - SYNC TRY: Canada(ca) vs Bosnia-Herzegovina(ba) score 1-1
2026-07-16 00:08:20,307 - server - INFO - SYNC NO MATCH: ca vs ba
2026-07-16 00:08:20,308 - server - INFO - SYNC TRY: USA(us) vs Paraguay(py) score 4-1
2026-07-16 00:08:20,615 - server - INFO - SYNC NO MATCH: us vs py
2026-07-16 00:08:20,616 - server - INFO - SYNC TRY: Brazil(br) vs Morocco(ma) score 1-1
2026-07-16 00:08:20,923 - server - INFO - SYNC NO MATCH: br vs ma
2026-07-16 00:11:01,005 - httpx - INFO - HTTP Request: GET https://www.thesportsdb.com/api/v1/json/3/eventsseason.php?id=4429&s=2026 "HTTP/1.1 200 OK"
2026-07-16 00:11:01,011 - server - INFO - SYNC TRY: Mexico(mx) vs South Africa(za) score 2-0
2026-07-16 00:11:01,399 - server - INFO - SYNC NO MATCH: mx vs za
2026-07-16 00:11:01,400 - server - INFO - SYNC TRY: South Korea(kr) vs Czech Republic(cz) score 2-1
2026-07-16 00:11:01,671 - server - INFO - SYNC NO MATCH: kr vs cz
2026-07-16 00:11:01,672 - server - INFO - SYNC TRY: Canada(ca) vs Bosnia-Herzegovina(ba) score 1-1
2026-07-16 00:11:01,980 - server - INFO - SYNC NO MATCH: ca vs ba
2026-07-16 00:11:01,981 - server - INFO - SYNC TRY: USA(us) vs Paraguay(py) score 4-1
2026-07-16 00:11:02,349 - server - INFO - SYNC NO MATCH: us vs py
2026-07-16 00:11:02,349 - server - INFO - SYNC TRY: Brazil(br) vs Morocco(ma) score 1-1
2026-07-16 00:11:02,656 - server - INFO - SYNC NO MATCH: br vs ma
2026-07-16 00:13:21,763 - httpx - INFO - HTTP Request: GET https://www.thesportsdb.com/api/v1/json/3/eventsseason.php?id=4429&s=2026 "HTTP/1.1 200 OK"
2026-07-16 00:13:21,769 - server - INFO - SYNC TRY: Mexico(mx) vs South Africa(za) score 2-0
2026-07-16 00:13:22,269 - server - INFO - SYNC NO MATCH: mx vs za
2026-07-16 00:13:22,269 - server - INFO - SYNC TRY: South Korea(kr) vs Czech Republic(cz) score 2-1
2026-07-16 00:13:22,661 - server - INFO - SYNC NO MATCH: kr vs cz
2026-07-16 00:13:22,663 - server - INFO - SYNC TRY: Canada(ca) vs Bosnia-Herzegovina(ba) score 1-1
2026-07-16 00:13:23,090 - server - INFO - SYNC NO MATCH: ca vs ba
2026-07-16 00:13:23,091 - server - INFO - SYNC TRY: USA(us) vs Paraguay(py) score 4-1
2026-07-16 00:13:23,485 - server - INFO - SYNC NO MATCH: us vs py
2026-07-16 00:13:23,486 - server - INFO - SYNC TRY: Brazil(br) vs Morocco(ma) score 1-1
2026-07-16 00:13:24,040 - server - INFO - SYNC NO MATCH: br vs ma
2026-07-16 00:18:26,934 - httpx - INFO - HTTP Request: GET https://www.thesportsdb.com/api/v1/json/3/eventsseason.php?id=4429&s=2026 "HTTP/1.1 200 OK"
2026-07-16 00:18:26,939 - server - INFO - SYNC TRY: Mexico(mx) vs South Africa(za) score 2-0
2026-07-16 00:18:29,481 - server - INFO - SYNC NO MATCH: mx vs za
2026-07-16 00:18:29,482 - server - INFO - SYNC TRY: South Korea(kr) vs Czech Republic(cz) score 2-1
2026-07-16 00:18:29,765 - server - INFO - SYNC NO MATCH: kr vs cz
2026-07-16 00:18:29,766 - server - INFO - SYNC TRY: Canada(ca) vs Bosnia-Herzegovina(ba) score 1-1
2026-07-16 00:18:30,032 - server - INFO - SYNC NO MATCH: ca vs ba
2026-07-16 00:18:30,033 - server - INFO - SYNC TRY: USA(us) vs Paraguay(py) score 4-1
2026-07-16 00:18:30,308 - server - INFO - SYNC NO MATCH: us vs py
2026-07-16 00:18:30,309 - server - INFO - SYNC TRY: Brazil(br) vs Morocco(ma) score 1-1
2026-07-16 00:18:30,588 - server - INFO - SYNC NO MATCH: br vs ma
2026-07-16 00:23:31,922 - httpx - INFO - HTTP Request: GET https://www.thesportsdb.com/api/v1/json/3/eventsseason.php?id=4429&s=2026 "HTTP/1.1 200 OK"
2026-07-16 00:23:31,926 - server - INFO - SYNC TRY: Mexico(mx) vs South Africa(za) score 2-0
2026-07-16 00:23:33,792 - server - INFO - SYNC NO MATCH: mx vs za
2026-07-16 00:23:33,796 - server - INFO - SYNC TRY: South Korea(kr) vs Czech Republic(cz) score 2-1
2026-07-16 00:23:34,185 - server - INFO - SYNC NO MATCH: kr vs cz
2026-07-16 00:23:34,186 - server - INFO - SYNC TRY: Canada(ca) vs Bosnia-Herzegovina(ba) score 1-1
2026-07-16 00:23:34,543 - server - INFO - SYNC NO MATCH: ca vs ba
2026-07-16 00:23:34,544 - server - INFO - SYNC TRY: USA(us) vs Paraguay(py) score 4-1
2026-07-16 00:23:35,003 - server - INFO - SYNC NO MATCH: us vs py
2026-07-16 00:23:35,003 - server - INFO - SYNC TRY: Brazil(br) vs Morocco(ma) score 1-1
2026-07-16 00:23:35,413 - server - INFO - SYNC NO MATCH: br vs ma
2026-07-16 00:26:03,688 - httpx - INFO - HTTP Request: GET https://www.thesportsdb.com/api/v1/json/3/eventsseason.php?id=4429&s=2026 "HTTP/1.1 200 OK"
2026-07-16 00:26:03,692 - server - INFO - SYNC TRY: Mexico(mx) vs South Africa(za) score 2-0
2026-07-16 00:26:03,988 - server - INFO - SYNC NO MATCH: mx vs za
2026-07-16 00:26:03,988 - server - INFO - SYNC TRY: South Korea(kr) vs Czech Republic(cz) score 2-1
2026-07-16 00:26:04,404 - server - INFO - SYNC NO MATCH: kr vs cz
2026-07-16 00:26:04,405 - server - INFO - SYNC TRY: Canada(ca) vs Bosnia-Herzegovina(ba) score 1-1
2026-07-16 00:26:04,703 - server - INFO - SYNC NO MATCH: ca vs ba
2026-07-16 00:26:04,703 - server - INFO - SYNC TRY: USA(us) vs Paraguay(py) score 4-1
2026-07-16 00:26:05,120 - server - INFO - SYNC NO MATCH: us vs py
2026-07-16 00:26:05,120 - server - INFO - SYNC TRY: Brazil(br) vs Morocco(ma) score 1-1
2026-07-16 00:26:05,530 - server - INFO - SYNC NO MATCH: br vs ma
2026-07-16 00:28:36,208 - httpx - INFO - HTTP Request: GET https://www.thesportsdb.com/api/v1/json/3/eventsseason.php?id=4429&s=2026 "HTTP/1.1 200 OK"
2026-07-16 00:28:36,243 - server - INFO - SYNC TRY: Mexico(mx) vs South Africa(za) score 2-0
2026-07-16 00:28:37,527 - server - INFO - SYNC NO MATCH: mx vs za
2026-07-16 00:28:37,620 - server - INFO - SYNC TRY: South Korea(kr) vs Czech Republic(cz) score 2-1
2026-07-16 00:28:38,006 - server - INFO - SYNC NO MATCH: kr vs cz
2026-07-16 00:28:38,007 - server - INFO - SYNC TRY: Canada(ca) vs Bosnia-Herzegovina(ba) score 1-1
2026-07-16 00:28:38,414 - server - INFO - SYNC NO MATCH: ca vs ba
2026-07-16 00:28:38,415 - server - INFO - SYNC TRY: USA(us) vs Paraguay(py) score 4-1
2026-07-16 00:28:38,827 - server - INFO - SYNC NO MATCH: us vs py
2026-07-16 00:28:38,827 - server - INFO - SYNC TRY: Brazil(br) vs Morocco(ma) score 1-1
2026-07-16 00:28:39,126 - server - INFO - SYNC NO MATCH: br vs ma
2026-07-16 00:33:40,739 - httpx - INFO - HTTP Request: GET https://www.thesportsdb.com/api/v1/json/3/eventsseason.php?id=4429&s=2026 "HTTP/1.1 200 OK"
2026-07-16 00:33:40,781 - server - INFO - SYNC TRY: Mexico(mx) vs South Africa(za) score 2-0
2026-07-16 00:33:41,077 - server - INFO - SYNC NO MATCH: mx vs za
2026-07-16 00:33:41,077 - server - INFO - SYNC TRY: South Korea(kr) vs Czech Republic(cz) score 2-1
2026-07-16 00:33:42,142 - server - INFO - SYNC NO MATCH: kr vs cz
2026-07-16 00:33:42,143 - server - INFO - SYNC TRY: Canada(ca) vs Bosnia-Herzegovina(ba) score 1-1
2026-07-16 00:33:42,751 - server - INFO - SYNC NO MATCH: ca vs ba
2026-07-16 00:33:42,752 - server - INFO - SYNC TRY: USA(us) vs Paraguay(py) score 4-1
2026-07-16 00:33:43,164 - server - INFO - SYNC NO MATCH: us vs py
2026-07-16 00:33:43,165 - server - INFO - SYNC TRY: Brazil(br) vs Morocco(ma) score 1-1
2026-07-16 00:33:43,530 - server - INFO - SYNC NO MATCH: br vs ma
2026-07-16 00:38:44,302 - httpx - INFO - HTTP Request: GET https://www.thesportsdb.com/api/v1/json/3/eventsseason.php?id=4429&s=2026 "HTTP/1.1 200 OK"
2026-07-16 00:38:44,307 - server - INFO - SYNC TRY: Mexico(mx) vs South Africa(za) score 2-0
2026-07-16 00:38:44,571 - server - INFO - SYNC NO MATCH: mx vs za
2026-07-16 00:38:44,571 - server - INFO - SYNC TRY: South Korea(kr) vs Czech Republic(cz) score 2-1
2026-07-16 00:38:44,859 - server - INFO - SYNC NO MATCH: kr vs cz
2026-07-16 00:38:44,859 - server - INFO - SYNC TRY: Canada(ca) vs Bosnia-Herzegovina(ba) score 1-1
2026-07-16 00:38:45,132 - server - INFO - SYNC NO MATCH: ca vs ba
2026-07-16 00:38:45,133 - server - INFO - SYNC TRY: USA(us) vs Paraguay(py) score 4-1
2026-07-16 00:38:45,414 - server - INFO - SYNC NO MATCH: us vs py
2026-07-16 00:38:45,414 - server - INFO - SYNC TRY: Brazil(br) vs Morocco(ma) score 1-1
2026-07-16 00:38:45,698 - server - INFO - SYNC NO MATCH: br vs ma
2026-07-16 00:41:06,425 - httpx - INFO - HTTP Request: GET https://www.thesportsdb.com/api/v1/json/3/eventsseason.php?id=4429&s=2026 "HTTP/1.1 200 OK"
2026-07-16 00:41:06,428 - server - INFO - SYNC TRY: Mexico(mx) vs South Africa(za) score 2-0
2026-07-16 00:41:06,886 - server - INFO - SYNC NO MATCH: mx vs za
2026-07-16 00:41:06,886 - server - INFO - SYNC TRY: South Korea(kr) vs Czech Republic(cz) score 2-1
2026-07-16 00:41:07,265 - server - INFO - SYNC NO MATCH: kr vs cz
2026-07-16 00:41:07,265 - server - INFO - SYNC TRY: Canada(ca) vs Bosnia-Herzegovina(ba) score 1-1
2026-07-16 00:41:07,637 - server - INFO - SYNC NO MATCH: ca vs ba
2026-07-16 00:41:07,638 - server - INFO - SYNC TRY: USA(us) vs Paraguay(py) score 4-1
2026-07-16 00:41:08,004 - server - INFO - SYNC NO MATCH: us vs py
2026-07-16 00:41:08,004 - server - INFO - SYNC TRY: Brazil(br) vs Morocco(ma) score 1-1
2026-07-16 00:41:08,377 - server - INFO - SYNC NO MATCH: br vs ma
2026-07-16 00:43:55,321 - httpx - INFO - HTTP Request: GET https://www.thesportsdb.com/api/v1/json/3/eventsseason.php?id=4429&s=2026 "HTTP/1.1 200 OK"
2026-07-16 00:43:55,327 - server - INFO - SYNC TRY: Mexico(mx) vs South Africa(za) score 2-0
2026-07-16 00:43:55,747 - server - INFO - SYNC NO MATCH: mx vs za
2026-07-16 00:43:55,748 - server - INFO - SYNC TRY: South Korea(kr) vs Czech Republic(cz) score 2-1
2026-07-16 00:43:56,106 - server - INFO - SYNC NO MATCH: kr vs cz
2026-07-16 00:43:56,107 - server - INFO - SYNC TRY: Canada(ca) vs Bosnia-Herzegovina(ba) score 1-1
2026-07-16 00:43:56,494 - server - INFO - SYNC NO MATCH: ca vs ba
2026-07-16 00:43:56,495 - server - INFO - SYNC TRY: USA(us) vs Paraguay(py) score 4-1
2026-07-16 00:43:57,192 - server - INFO - SYNC NO MATCH: us vs py
2026-07-16 00:43:57,192 - server - INFO - SYNC TRY: Brazil(br) vs Morocco(ma) score 1-1
2026-07-16 00:43:57,488 - server - INFO - SYNC NO MATCH: br vs ma
2026-07-16 00:48:58,462 - httpx - INFO - HTTP Request: GET https://www.thesportsdb.com/api/v1/json/3/eventsseason.php?id=4429&s=2026 "HTTP/1.1 200 OK"
2026-07-16 00:48:58,909 - server - INFO - SYNC TRY: Mexico(mx) vs South Africa(za) score 2-0
2026-07-16 00:49:03,533 - server - INFO - SYNC NO MATCH: mx vs za
2026-07-16 00:49:03,534 - server - INFO - SYNC TRY: South Korea(kr) vs Czech Republic(cz) score 2-1
2026-07-16 00:49:03,838 - server - INFO - SYNC NO MATCH: kr vs cz
2026-07-16 00:49:03,838 - server - INFO - SYNC TRY: Canada(ca) vs Bosnia-Herzegovina(ba) score 1-1
2026-07-16 00:49:04,134 - server - INFO - SYNC NO MATCH: ca vs ba
2026-07-16 00:49:04,135 - server - INFO - SYNC TRY: USA(us) vs Paraguay(py) score 4-1
2026-07-16 00:49:04,440 - server - INFO - SYNC NO MATCH: us vs py
2026-07-16 00:49:04,440 - server - INFO - SYNC TRY: Brazil(br) vs Morocco(ma) score 1-1
2026-07-16 00:49:04,728 - server - INFO - SYNC NO MATCH: br vs ma
2026-07-16 00:54:05,723 - httpx - INFO - HTTP Request: GET https://www.thesportsdb.com/api/v1/json/3/eventsseason.php?id=4429&s=2026 "HTTP/1.1 200 OK"
2026-07-16 00:54:05,726 - server - INFO - SYNC TRY: Mexico(mx) vs South Africa(za) score 2-0
2026-07-16 00:54:06,077 - server - INFO - SYNC NO MATCH: mx vs za
2026-07-16 00:54:06,078 - server - INFO - SYNC TRY: South Korea(kr) vs Czech Republic(cz) score 2-1
2026-07-16 00:54:06,485 - server - INFO - SYNC NO MATCH: kr vs cz
2026-07-16 00:54:06,486 - server - INFO - SYNC TRY: Canada(ca) vs Bosnia-Herzegovina(ba) score 1-1
2026-07-16 00:54:06,751 - server - INFO - SYNC NO MATCH: ca vs ba
2026-07-16 00:54:06,751 - server - INFO - SYNC TRY: USA(us) vs Paraguay(py) score 4-1
2026-07-16 00:54:07,004 - server - INFO - SYNC NO MATCH: us vs py
2026-07-16 00:54:07,005 - server - INFO - SYNC TRY: Brazil(br) vs Morocco(ma) score 1-1
2026-07-16 00:54:07,274 - server - INFO - SYNC NO MATCH: br vs ma
2026-07-16 00:56:09,305 - httpx - INFO - HTTP Request: GET https://www.thesportsdb.com/api/v1/json/3/eventsseason.php?id=4429&s=2026 "HTTP/1.1 200 OK"
2026-07-16 00:56:09,310 - server - INFO - SYNC TRY: Mexico(mx) vs South Africa(za) score 2-0
2026-07-16 00:56:13,246 - server - INFO - SYNC NO MATCH: mx vs za
2026-07-16 00:56:13,247 - server - INFO - SYNC TRY: South Korea(kr) vs Czech Republic(cz) score 2-1
2026-07-16 00:56:13,562 - server - INFO - SYNC NO MATCH: kr vs cz
2026-07-16 00:56:13,563 - server - INFO - SYNC TRY: Canada(ca) vs Bosnia-Herzegovina(ba) score 1-1
2026-07-16 00:56:13,870 - server - INFO - SYNC NO MATCH: ca vs ba
2026-07-16 00:56:13,870 - server - INFO - SYNC TRY: USA(us) vs Paraguay(py) score 4-1
2026-07-16 00:56:14,173 - server - INFO - SYNC NO MATCH: us vs py
2026-07-16 00:56:14,173 - server - INFO - SYNC TRY: Brazil(br) vs Morocco(ma) score 1-1
2026-07-16 00:56:14,476 - server - INFO - SYNC NO MATCH: br vs ma
2026-07-16 00:59:08,002 - httpx - INFO - HTTP Request: GET https://www.thesportsdb.com/api/v1/json/3/eventsseason.php?id=4429&s=2026 "HTTP/1.1 200 OK"
2026-07-16 00:59:08,010 - server - INFO - SYNC TRY: Mexico(mx) vs South Africa(za) score 2-0
2026-07-16 00:59:08,295 - server - INFO - SYNC NO MATCH: mx vs za
2026-07-16 00:59:08,296 - server - INFO - SYNC TRY: South Korea(kr) vs Czech Republic(cz) score 2-1
2026-07-16 00:59:08,571 - server - INFO - SYNC NO MATCH: kr vs cz
2026-07-16 00:59:08,572 - server - INFO - SYNC TRY: Canada(ca) vs Bosnia-Herzegovina(ba) score 1-1
2026-07-16 00:59:08,910 - server - INFO - SYNC NO MATCH: ca vs ba
2026-07-16 00:59:08,911 - server - INFO - SYNC TRY: USA(us) vs Paraguay(py) score 4-1
2026-07-16 00:59:09,210 - server - INFO - SYNC NO MATCH: us vs py
2026-07-16 00:59:09,210 - server - INFO - SYNC TRY: Brazil(br) vs Morocco(ma) score 1-1
2026-07-16 00:59:09,559 - server - INFO - SYNC NO MATCH: br vs ma
2026-07-16 01:04:10,572 - httpx - INFO - HTTP Request: GET https://www.thesportsdb.com/api/v1/json/3/eventsseason.php?id=4429&s=2026 "HTTP/1.1 200 OK"
2026-07-16 01:04:10,585 - server - INFO - SYNC TRY: Mexico(mx) vs South Africa(za) score 2-0
2026-07-16 01:04:11,010 - server - INFO - SYNC NO MATCH: mx vs za
2026-07-16 01:04:11,010 - server - INFO - SYNC TRY: South Korea(kr) vs Czech Republic(cz) score 2-1
2026-07-16 01:04:11,337 - server - INFO - SYNC NO MATCH: kr vs cz
2026-07-16 01:04:11,337 - server - INFO - SYNC TRY: Canada(ca) vs Bosnia-Herzegovina(ba) score 1-1
2026-07-16 01:04:12,053 - server - INFO - SYNC NO MATCH: ca vs ba
2026-07-16 01:04:12,053 - server - INFO - SYNC TRY: USA(us) vs Paraguay(py) score 4-1
2026-07-16 01:04:12,357 - server - INFO - SYNC NO MATCH: us vs py
2026-07-16 01:04:12,357 - server - INFO - SYNC TRY: Brazil(br) vs Morocco(ma) score 1-1
2026-07-16 01:04:12,644 - server - INFO - SYNC NO MATCH: br vs ma
2026-07-16 01:09:14,073 - httpx - INFO - HTTP Request: GET https://www.thesportsdb.com/api/v1/json/3/eventsseason.php?id=4429&s=2026 "HTTP/1.1 200 OK"
2026-07-16 01:09:14,076 - server - INFO - SYNC TRY: Mexico(mx) vs South Africa(za) score 2-0
2026-07-16 01:09:14,402 - server - INFO - SYNC NO MATCH: mx vs za
2026-07-16 01:09:14,402 - server - INFO - SYNC TRY: South Korea(kr) vs Czech Republic(cz) score 2-1
2026-07-16 01:09:15,019 - server - INFO - SYNC NO MATCH: kr vs cz
2026-07-16 01:09:15,020 - server - INFO - SYNC TRY: Canada(ca) vs Bosnia-Herzegovina(ba) score 1-1
2026-07-16 01:09:15,424 - server - INFO - SYNC NO MATCH: ca vs ba
2026-07-16 01:09:15,424 - server - INFO - SYNC TRY: USA(us) vs Paraguay(py) score 4-1
2026-07-16 01:09:15,851 - server - INFO - SYNC NO MATCH: us vs py
2026-07-16 01:09:15,852 - server - INFO - SYNC TRY: Brazil(br) vs Morocco(ma) score 1-1
2026-07-16 01:09:16,451 - server - INFO - SYNC NO MATCH: br vs ma
2026-07-16 01:11:15,440 - httpx - INFO - HTTP Request: GET https://www.thesportsdb.com/api/v1/json/3/eventsseason.php?id=4429&s=2026 "HTTP/1.1 200 OK"
2026-07-16 01:11:15,445 - server - INFO - SYNC TRY: Mexico(mx) vs South Africa(za) score 2-0
2026-07-16 01:11:18,148 - server - INFO - SYNC NO MATCH: mx vs za
2026-07-16 01:11:18,148 - server - INFO - SYNC TRY: South Korea(kr) vs Czech Republic(cz) score 2-1
2026-07-16 01:11:18,497 - server - INFO - SYNC NO MATCH: kr vs cz
2026-07-16 01:11:18,497 - server - INFO - SYNC TRY: Canada(ca) vs Bosnia-Herzegovina(ba) score 1-1
2026-07-16 01:11:19,034 - server - INFO - SYNC NO MATCH: ca vs ba
2026-07-16 01:11:19,035 - server - INFO - SYNC TRY: USA(us) vs Paraguay(py) score 4-1
2026-07-16 01:11:19,391 - server - INFO - SYNC NO MATCH: us vs py
2026-07-16 01:11:19,391 - server - INFO - SYNC TRY: Brazil(br) vs Morocco(ma) score 1-1
2026-07-16 01:11:19,843 - server - INFO - SYNC NO MATCH: br vs ma
2026-07-16 01:14:27,225 - httpx - INFO - HTTP Request: GET https://www.thesportsdb.com/api/v1/json/3/eventsseason.php?id=4429&s=2026 "HTTP/1.1 200 OK"
2026-07-16 01:14:27,230 - server - INFO - SYNC TRY: Mexico(mx) vs South Africa(za) score 2-0
2026-07-16 01:14:27,508 - server - INFO - SYNC NO MATCH: mx vs za
2026-07-16 01:14:27,508 - server - INFO - SYNC TRY: South Korea(kr) vs Czech Republic(cz) score 2-1
2026-07-16 01:14:27,761 - server - INFO - SYNC NO MATCH: kr vs cz
2026-07-16 01:14:27,761 - server - INFO - SYNC TRY: Canada(ca) vs Bosnia-Herzegovina(ba) score 1-1
2026-07-16 01:14:28,040 - server - INFO - SYNC NO MATCH: ca vs ba
2026-07-16 01:14:28,041 - server - INFO - SYNC TRY: USA(us) vs Paraguay(py) score 4-1
2026-07-16 01:14:28,291 - server - INFO - SYNC NO MATCH: us vs py
2026-07-16 01:14:28,291 - server - INFO - SYNC TRY: Brazil(br) vs Morocco(ma) score 1-1
2026-07-16 01:14:28,551 - server - INFO - SYNC NO MATCH: br vs ma
2026-07-16 01:19:29,629 - httpx - INFO - HTTP Request: GET https://www.thesportsdb.com/api/v1/json/3/eventsseason.php?id=4429&s=2026 "HTTP/1.1 200 OK"
2026-07-16 01:19:29,640 - server - INFO - SYNC TRY: Mexico(mx) vs South Africa(za) score 2-0
2026-07-16 01:19:30,039 - server - INFO - SYNC NO MATCH: mx vs za
2026-07-16 01:19:30,039 - server - INFO - SYNC TRY: South Korea(kr) vs Czech Republic(cz) score 2-1
2026-07-16 01:19:30,378 - server - INFO - SYNC NO MATCH: kr vs cz
2026-07-16 01:19:30,379 - server - INFO - SYNC TRY: Canada(ca) vs Bosnia-Herzegovina(ba) score 1-1
2026-07-16 01:19:30,656 - server - INFO - SYNC NO MATCH: ca vs ba
2026-07-16 01:19:30,657 - server - INFO - SYNC TRY: USA(us) vs Paraguay(py) score 4-1
2026-07-16 01:19:31,052 - server - INFO - SYNC NO MATCH: us vs py
2026-07-16 01:19:31,052 - server - INFO - SYNC TRY: Brazil(br) vs Morocco(ma) score 1-1
2026-07-16 01:19:31,356 - server - INFO - SYNC NO MATCH: br vs ma
2026-07-16 01:24:32,624 - httpx - INFO - HTTP Request: GET https://www.thesportsdb.com/api/v1/json/3/eventsseason.php?id=4429&s=2026 "HTTP/1.1 200 OK"
2026-07-16 01:24:32,635 - server - INFO - SYNC TRY: Mexico(mx) vs South Africa(za) score 2-0
2026-07-16 01:24:32,974 - server - INFO - SYNC NO MATCH: mx vs za
2026-07-16 01:24:32,974 - server - INFO - SYNC TRY: South Korea(kr) vs Czech Republic(cz) score 2-1
2026-07-16 01:24:33,369 - server - INFO - SYNC NO MATCH: kr vs cz
2026-07-16 01:24:33,370 - server - INFO - SYNC TRY: Canada(ca) vs Bosnia-Herzegovina(ba) score 1-1
2026-07-16 01:24:33,748 - server - INFO - SYNC NO MATCH: ca vs ba
2026-07-16 01:24:33,749 - server - INFO - SYNC TRY: USA(us) vs Paraguay(py) score 4-1
2026-07-16 01:24:34,154 - server - INFO - SYNC NO MATCH: us vs py
2026-07-16 01:24:34,155 - server - INFO - SYNC TRY: Brazil(br) vs Morocco(ma) score 1-1
2026-07-16 01:24:34,427 - server - INFO - SYNC NO MATCH: br vs ma
2026-07-16 01:26:20,656 - httpx - INFO - HTTP Request: GET https://www.thesportsdb.com/api/v1/json/3/eventsseason.php?id=4429&s=2026 "HTTP/1.1 200 OK"
2026-07-16 01:26:20,663 - server - INFO - SYNC TRY: Mexico(mx) vs South Africa(za) score 2-0
2026-07-16 01:26:21,073 - server - INFO - SYNC NO MATCH: mx vs za
2026-07-16 01:26:21,073 - server - INFO - SYNC TRY: South Korea(kr) vs Czech Republic(cz) score 2-1
2026-07-16 01:26:21,570 - server - INFO - SYNC NO MATCH: kr vs cz
2026-07-16 01:26:21,571 - server - INFO - SYNC TRY: Canada(ca) vs Bosnia-Herzegovina(ba) score 1-1
2026-07-16 01:26:21,978 - server - INFO - SYNC NO MATCH: ca vs ba
2026-07-16 01:26:21,979 - server - INFO - SYNC TRY: USA(us) vs Paraguay(py) score 4-1
2026-07-16 01:26:22,320 - server - INFO - SYNC NO MATCH: us vs py
2026-07-16 01:26:22,321 - server - INFO - SYNC TRY: Brazil(br) vs Morocco(ma) score 1-1
2026-07-16 01:26:22,628 - server - INFO - SYNC NO MATCH: br vs ma
2026-07-16 01:29:35,621 - httpx - INFO - HTTP Request: GET https://www.thesportsdb.com/api/v1/json/3/eventsseason.php?id=4429&s=2026 "HTTP/1.1 200 OK"
2026-07-16 01:29:35,628 - server - INFO - SYNC TRY: Mexico(mx) vs South Africa(za) score 2-0
2026-07-16 01:29:35,933 - server - INFO - SYNC NO MATCH: mx vs za
2026-07-16 01:29:35,934 - server - INFO - SYNC TRY: South Korea(kr) vs Czech Republic(cz) score 2-1
2026-07-16 01:29:36,340 - server - INFO - SYNC NO MATCH: kr vs cz
2026-07-16 01:29:36,341 - server - INFO - SYNC TRY: Canada(ca) vs Bosnia-Herzegovina(ba) score 1-1
2026-07-16 01:29:36,755 - server - INFO - SYNC NO MATCH: ca vs ba
2026-07-16 01:29:36,756 - server - INFO - SYNC TRY: USA(us) vs Paraguay(py) score 4-1
2026-07-16 01:29:37,033 - server - INFO - SYNC NO MATCH: us vs py
2026-07-16 01:29:37,034 - server - INFO - SYNC TRY: Brazil(br) vs Morocco(ma) score 1-1
2026-07-16 01:29:37,469 - server - INFO - SYNC NO MATCH: br vs ma
2026-07-16 01:34:38,579 - httpx - INFO - HTTP Request: GET https://www.thesportsdb.com/api/v1/json/3/eventsseason.php?id=4429&s=2026 "HTTP/1.1 200 OK"
2026-07-16 01:34:38,584 - server - INFO - SYNC TRY: Mexico(mx) vs South Africa(za) score 2-0
2026-07-16 01:34:38,853 - server - INFO - SYNC NO MATCH: mx vs za
2026-07-16 01:34:38,854 - server - INFO - SYNC TRY: South Korea(kr) vs Czech Republic(cz) score 2-1
2026-07-16 01:34:39,110 - server - INFO - SYNC NO MATCH: kr vs cz
2026-07-16 01:34:39,111 - server - INFO - SYNC TRY: Canada(ca) vs Bosnia-Herzegovina(ba) score 1-1
2026-07-16 01:34:39,375 - server - INFO - SYNC NO MATCH: ca vs ba
2026-07-16 01:34:39,378 - server - INFO - SYNC TRY: USA(us) vs Paraguay(py) score 4-1
2026-07-16 01:34:39,651 - server - INFO - SYNC NO MATCH: us vs py
2026-07-16 01:34:39,652 - server - INFO - SYNC TRY: Brazil(br) vs Morocco(ma) score 1-1
2026-07-16 01:34:39,919 - server - INFO - SYNC NO MATCH: br vs ma
2026-07-16 01:39:40,869 - httpx - INFO - HTTP Request: GET https://www.thesportsdb.com/api/v1/json/3/eventsseason.php?id=4429&s=2026 "HTTP/1.1 200 OK"
2026-07-16 01:39:40,882 - server - INFO - SYNC TRY: Mexico(mx) vs South Africa(za) score 2-0
2026-07-16 01:39:41,180 - server - INFO - SYNC NO MATCH: mx vs za
2026-07-16 01:39:41,180 - server - INFO - SYNC TRY: South Korea(kr) vs Czech Republic(cz) score 2-1
2026-07-16 01:39:41,453 - server - INFO - SYNC NO MATCH: kr vs cz
2026-07-16 01:39:41,453 - server - INFO - SYNC TRY: Canada(ca) vs Bosnia-Herzegovina(ba) score 1-1
2026-07-16 01:39:41,785 - server - INFO - SYNC NO MATCH: ca vs ba
2026-07-16 01:39:41,786 - server - INFO - SYNC TRY: USA(us) vs Paraguay(py) score 4-1
2026-07-16 01:39:42,063 - server - INFO - SYNC NO MATCH: us vs py
2026-07-16 01:39:42,064 - server - INFO - SYNC TRY: Brazil(br) vs Morocco(ma) score 1-1
2026-07-16 01:39:42,334 - server - INFO - SYNC NO MATCH: br vs ma
2026-07-16 01:41:23,400 - httpx - INFO - HTTP Request: GET https://www.thesportsdb.com/api/v1/json/3/eventsseason.php?id=4429&s=2026 "HTTP/1.1 200 OK"
2026-07-16 01:41:23,415 - server - INFO - SYNC TRY: Mexico(mx) vs South Africa(za) score 2-0
2026-07-16 01:41:23,700 - server - INFO - SYNC NO MATCH: mx vs za
2026-07-16 01:41:23,700 - server - INFO - SYNC TRY: South Korea(kr) vs Czech Republic(cz) score 2-1
2026-07-16 01:41:23,965 - server - INFO - SYNC NO MATCH: kr vs cz
2026-07-16 01:41:23,965 - server - INFO - SYNC TRY: Canada(ca) vs Bosnia-Herzegovina(ba) score 1-1
2026-07-16 01:41:24,213 - server - INFO - SYNC NO MATCH: ca vs ba
2026-07-16 01:41:24,213 - server - INFO - SYNC TRY: USA(us) vs Paraguay(py) score 4-1
2026-07-16 01:41:24,475 - server - INFO - SYNC NO MATCH: us vs py
2026-07-16 01:41:24,475 - server - INFO - SYNC TRY: Brazil(br) vs Morocco(ma) score 1-1
2026-07-16 01:41:24,719 - server - INFO - SYNC NO MATCH: br vs ma
2026-07-16 01:44:43,327 - httpx - INFO - HTTP Request: GET https://www.thesportsdb.com/api/v1/json/3/eventsseason.php?id=4429&s=2026 "HTTP/1.1 200 OK"
2026-07-16 01:44:43,340 - server - INFO - SYNC TRY: Mexico(mx) vs South Africa(za) score 2-0
2026-07-16 01:44:43,631 - server - INFO - SYNC NO MATCH: mx vs za
2026-07-16 01:44:43,631 - server - INFO - SYNC TRY: South Korea(kr) vs Czech Republic(cz) score 2-1
2026-07-16 01:44:43,916 - server - INFO - SYNC NO MATCH: kr vs cz
2026-07-16 01:44:43,917 - server - INFO - SYNC TRY: Canada(ca) vs Bosnia-Herzegovina(ba) score 1-1
2026-07-16 01:44:44,538 - server - INFO - SYNC NO MATCH: ca vs ba
2026-07-16 01:44:44,539 - server - INFO - SYNC TRY: USA(us) vs Paraguay(py) score 4-1
2026-07-16 01:44:44,810 - server - INFO - SYNC NO MATCH: us vs py
2026-07-16 01:44:44,810 - server - INFO - SYNC TRY: Brazil(br) vs Morocco(ma) score 1-1
2026-07-16 01:44:45,082 - server - INFO - SYNC NO MATCH: br vs ma
2026-07-16 01:49:45,971 - httpx - INFO - HTTP Request: GET https://www.thesportsdb.com/api/v1/json/3/eventsseason.php?id=4429&s=2026 "HTTP/1.1 200 OK"
2026-07-16 01:49:45,975 - server - INFO - SYNC TRY: Mexico(mx) vs South Africa(za) score 2-0
2026-07-16 01:49:46,246 - server - INFO - SYNC NO MATCH: mx vs za
2026-07-16 01:49:46,250 - server - INFO - SYNC TRY: South Korea(kr) vs Czech Republic(cz) score 2-1
2026-07-16 01:49:46,522 - server - INFO - SYNC NO MATCH: kr vs cz
2026-07-16 01:49:46,522 - server - INFO - SYNC TRY: Canada(ca) vs Bosnia-Herzegovina(ba) score 1-1
2026-07-16 01:49:46,801 - server - INFO - SYNC NO MATCH: ca vs ba
2026-07-16 01:49:46,801 - server - INFO - SYNC TRY: USA(us) vs Paraguay(py) score 4-1
2026-07-16 01:49:47,102 - server - INFO - SYNC NO MATCH: us vs py
2026-07-16 01:49:47,103 - server - INFO - SYNC TRY: Brazil(br) vs Morocco(ma) score 1-1
2026-07-16 01:49:47,380 - server - INFO - SYNC NO MATCH: br vs ma
2026-07-16 01:54:48,369 - httpx - INFO - HTTP Request: GET https://www.thesportsdb.com/api/v1/json/3/eventsseason.php?id=4429&s=2026 "HTTP/1.1 200 OK"
2026-07-16 01:54:48,384 - server - INFO - SYNC TRY: Mexico(mx) vs South Africa(za) score 2-0
2026-07-16 01:54:48,663 - server - INFO - SYNC NO MATCH: mx vs za
2026-07-16 01:54:48,664 - server - INFO - SYNC TRY: South Korea(kr) vs Czech Republic(cz) score 2-1
2026-07-16 01:54:48,944 - server - INFO - SYNC NO MATCH: kr vs cz
2026-07-16 01:54:48,944 - server - INFO - SYNC TRY: Canada(ca) vs Bosnia-Herzegovina(ba) score 1-1
2026-07-16 01:54:49,232 - server - INFO - SYNC NO MATCH: ca vs ba
2026-07-16 01:54:49,232 - server - INFO - SYNC TRY: USA(us) vs Paraguay(py) score 4-1
2026-07-16 01:54:49,509 - server - INFO - SYNC NO MATCH: us vs py
2026-07-16 01:54:49,510 - server - INFO - SYNC TRY: Brazil(br) vs Morocco(ma) score 1-1
2026-07-16 01:54:49,784 - server - INFO - SYNC NO MATCH: br vs ma
2026-07-16 01:56:25,274 - httpx - INFO - HTTP Request: GET https://www.thesportsdb.com/api/v1/json/3/eventsseason.php?id=4429&s=2026 "HTTP/1.1 200 OK"
2026-07-16 01:56:25,280 - server - INFO - SYNC TRY: Mexico(mx) vs South Africa(za) score 2-0
2026-07-16 01:56:25,552 - server - INFO - SYNC NO MATCH: mx vs za
2026-07-16 01:56:25,553 - server - INFO - SYNC TRY: South Korea(kr) vs Czech Republic(cz) score 2-1
2026-07-16 01:56:25,839 - server - INFO - SYNC NO MATCH: kr vs cz
2026-07-16 01:56:25,839 - server - INFO - SYNC TRY: Canada(ca) vs Bosnia-Herzegovina(ba) score 1-1
2026-07-16 01:56:26,099 - server - INFO - SYNC NO MATCH: ca vs ba
2026-07-16 01:56:26,099 - server - INFO - SYNC TRY: USA(us) vs Paraguay(py) score 4-1
2026-07-16 01:56:26,374 - server - INFO - SYNC NO MATCH: us vs py
2026-07-16 01:56:26,374 - server - INFO - SYNC TRY: Brazil(br) vs Morocco(ma) score 1-1
2026-07-16 01:56:26,668 - server - INFO - SYNC NO MATCH: br vs ma
2026-07-16 01:59:50,753 - httpx - INFO - HTTP Request: GET https://www.thesportsdb.com/api/v1/json/3/eventsseason.php?id=4429&s=2026 "HTTP/1.1 200 OK"
2026-07-16 01:59:50,757 - server - INFO - SYNC TRY: Mexico(mx) vs South Africa(za) score 2-0
2026-07-16 01:59:51,041 - server - INFO - SYNC NO MATCH: mx vs za
2026-07-16 01:59:51,041 - server - INFO - SYNC TRY: South Korea(kr) vs Czech Republic(cz) score 2-1
2026-07-16 01:59:51,708 - server - INFO - SYNC NO MATCH: kr vs cz
2026-07-16 01:59:51,709 - server - INFO - SYNC TRY: Canada(ca) vs Bosnia-Herzegovina(ba) score 1-1
2026-07-16 01:59:51,997 - server - INFO - SYNC NO MATCH: ca vs ba
2026-07-16 01:59:51,997 - server - INFO - SYNC TRY: USA(us) vs Paraguay(py) score 4-1
2026-07-16 01:59:52,294 - server - INFO - SYNC NO MATCH: us vs py
2026-07-16 01:59:52,294 - server - INFO - SYNC TRY: Brazil(br) vs Morocco(ma) score 1-1
2026-07-16 01:59:52,577 - server - INFO - SYNC NO MATCH: br vs ma
2026-07-16 02:05:02,580 - httpx - INFO - HTTP Request: GET https://www.thesportsdb.com/api/v1/json/3/eventsseason.php?id=4429&s=2026 "HTTP/1.1 200 OK"
2026-07-16 02:05:02,603 - server - INFO - SYNC TRY: Mexico(mx) vs South Africa(za) score 2-0
2026-07-16 02:05:03,274 - server - INFO - SYNC NO MATCH: mx vs za
2026-07-16 02:05:03,274 - server - INFO - SYNC TRY: South Korea(kr) vs Czech Republic(cz) score 2-1
2026-07-16 02:05:03,611 - server - INFO - SYNC NO MATCH: kr vs cz
2026-07-16 02:05:03,612 - server - INFO - SYNC TRY: Canada(ca) vs Bosnia-Herzegovina(ba) score 1-1
2026-07-16 02:05:03,968 - server - INFO - SYNC NO MATCH: ca vs ba
2026-07-16 02:05:03,968 - server - INFO - SYNC TRY: USA(us) vs Paraguay(py) score 4-1
2026-07-16 02:05:04,365 - server - INFO - SYNC NO MATCH: us vs py
2026-07-16 02:05:04,366 - server - INFO - SYNC TRY: Brazil(br) vs Morocco(ma) score 1-1
2026-07-16 02:05:04,668 - server - INFO - SYNC NO MATCH: br vs ma
2026-07-16 02:10:05,932 - httpx - INFO - HTTP Request: GET https://www.thesportsdb.com/api/v1/json/3/eventsseason.php?id=4429&s=2026 "HTTP/1.1 200 OK"
2026-07-16 02:10:05,956 - server - INFO - SYNC TRY: Mexico(mx) vs South Africa(za) score 2-0
2026-07-16 02:10:06,229 - server - INFO - SYNC NO MATCH: mx vs za
2026-07-16 02:10:06,230 - server - INFO - SYNC TRY: South Korea(kr) vs Czech Republic(cz) score 2-1
2026-07-16 02:10:06,522 - server - INFO - SYNC NO MATCH: kr vs cz
2026-07-16 02:10:06,523 - server - INFO - SYNC TRY: Canada(ca) vs Bosnia-Herzegovina(ba) score 1-1
2026-07-16 02:10:06,870 - server - INFO - SYNC NO MATCH: ca vs ba
2026-07-16 02:10:06,871 - server - INFO - SYNC TRY: USA(us) vs Paraguay(py) score 4-1
2026-07-16 02:10:07,247 - server - INFO - SYNC NO MATCH: us vs py
2026-07-16 02:10:07,248 - server - INFO - SYNC TRY: Brazil(br) vs Morocco(ma) score 1-1
2026-07-16 02:10:07,656 - server - INFO - SYNC NO MATCH: br vs ma
2026-07-16 02:11:27,550 - httpx - INFO - HTTP Request: GET https://www.thesportsdb.com/api/v1/json/3/eventsseason.php?id=4429&s=2026 "HTTP/1.1 200 OK"
2026-07-16 02:11:27,566 - server - INFO - SYNC TRY: Mexico(mx) vs South Africa(za) score 2-0
2026-07-16 02:11:27,877 - server - INFO - SYNC NO MATCH: mx vs za
2026-07-16 02:11:27,878 - server - INFO - SYNC TRY: South Korea(kr) vs Czech Republic(cz) score 2-1
2026-07-16 02:11:28,262 - server - INFO - SYNC NO MATCH: kr vs cz
2026-07-16 02:11:28,263 - server - INFO - SYNC TRY: Canada(ca) vs Bosnia-Herzegovina(ba) score 1-1
2026-07-16 02:11:28,547 - server - INFO - SYNC NO MATCH: ca vs ba
2026-07-16 02:11:28,547 - server - INFO - SYNC TRY: USA(us) vs Paraguay(py) score 4-1
2026-07-16 02:11:28,960 - server - INFO - SYNC NO MATCH: us vs py
2026-07-16 02:11:28,961 - server - INFO - SYNC TRY: Brazil(br) vs Morocco(ma) score 1-1
2026-07-16 02:11:29,316 - server - INFO - SYNC NO MATCH: br vs ma
